validation_scheme,idc_row_id,model_split_group,molecule_inn_name,ada_frequency_percent,ada_high_10,n_ada_assessed,assessment_days,ada_assay_platform,ada_assay_sensitivity_missing,disease_category_clean,route_clean,labelled_as_biosimilar,fold,rf_regression,tabpfn_regression,rf_probability,tabpfn_probability
molecule,CT0617_A1_001,CT0617,A-dmDT390-bisFV,100.0,1,30.0,4,Platform unclear,1,Cancer and neoplasms,Intravenous,No,2,54.002531209656475,60.83512878417969,0.7950267957249021,0.4870929419994354
molecule,CT0001_A1_002,CT0001,Efalizumab,2.3,0,480.0,168,Not reported,1,Inflammation and autoimmunity,Subcutaneous,No,1,11.686472454226882,21.824005126953125,0.5412229259572069,0.7511341571807861
molecule,CT0001_A1_003,CT0001,Efalizumab,7.1,0,28.0,168,Not reported,1,Inflammation and autoimmunity,Subcutaneous,No,1,10.020395891552436,19.93044090270996,0.4687927816505848,0.5999445915222168
molecule,CT0001_A1_004,CT0001,Efalizumab,11.8,1,85.0,168,Not reported,1,Inflammation and autoimmunity,Subcutaneous,No,1,9.28218738385951,24.308067321777344,0.45768901754698627,0.7627076506614685
molecule,CT0001_A1_005,CT0001,Efalizumab,0.0,0,69.0,168,Not reported,1,Inflammation and autoimmunity,Subcutaneous,No,1,9.165678148764329,23.2797908782959,0.4467855758542484,0.7440022826194763
molecule,CT0001_A1_006,CT0001,Efalizumab,3.6,0,112.0,168,Not reported,1,Inflammation and autoimmunity,Subcutaneous,No,1,9.226891525529275,25.42894172668457,0.4676746282838812,0.7834913730621338
molecule,CT0002_A1_001,CT0002,Infliximab,14.2,1,105.0,210,Not reported,1,Inflammation and autoimmunity,Intravenous,No,5,9.985834076547317,3.4934399127960205,0.3118277873230554,0.1424369513988495
molecule,CT0002_A2_001,CT0002,Infliximab,0.8,0,125.0,210,Not reported,1,Inflammation and autoimmunity,Intravenous,No,5,8.633656190398368,5.476101398468018,0.27613203632582106,0.18028593063354492
molecule,CT0002_A1_002,CT0002,Infliximab,11.8,1,93.0,322,Not reported,1,Inflammation and autoimmunity,Intravenous,No,5,11.047719051901728,3.807898998260498,0.3143077527257805,0.14281520247459412
molecule,CT0002_A2_002,CT0002,Infliximab,2.8,0,107.0,322,Not reported,1,Inflammation and autoimmunity,Intravenous,No,5,9.377777597761991,5.57625675201416,0.2702218219125657,0.16253939270973206
molecule,CT0469_A1_001,CT0469,Adalimumab,81.8,1,33.0,0,Platform unclear,1,Inflammation and autoimmunity,Subcutaneous,Yes,3,9.709737430988659,8.508623123168945,0.4032378002020622,0.26498907804489136
molecule,CT0069_A2_003,CT0069,Tocilizumab,88.7,1,291.0,14,Not reported,1,Inflammation and autoimmunity,Subcutaneous,No,4,8.685458006743112,7.802867889404297,0.5138995982209342,0.27562662959098816
molecule,CT0496_A5_001,CT0496,Infliximab,60.0,1,5.0,0,Platform unclear,1,Inflammation and autoimmunity,Intravenous,No,5,15.854781459084977,11.65293025970459,0.37162389760277087,0.34305858612060547
molecule,CT0657_A1_001,CT0657,Alemtuzumab,62.0,1,811.0,30,ELISA,1,Neurological,Intravenous,Yes,5,19.3005556152693,25.530284881591797,0.5188638318667556,0.4791364073753357
molecule,CT0657_A1_002,CT0657,Alemtuzumab,67.0,1,811.0,90,ELISA,1,Neurological,Intravenous,Yes,5,18.806809937056588,25.868183135986328,0.5280171623877741,0.48977047204971313
molecule,CT0657_A1_003,CT0657,Alemtuzumab,29.0,1,811.0,360,ELISA,1,Neurological,Intravenous,Yes,5,19.92128304397197,28.870153427124023,0.5397575544299766,0.4790685474872589
molecule,CT0657_A1_004,CT0657,Alemtuzumab,83.0,1,811.0,390,ELISA,1,Neurological,Intravenous,Yes,5,19.92584423014733,28.67710304260254,0.5383060925439561,0.47025975584983826
molecule,CT0657_A1_005,CT0657,Alemtuzumab,83.0,1,811.0,450,ELISA,1,Neurological,Intravenous,Yes,5,19.48060115027833,28.580055236816406,0.5350943077899928,0.4691283404827118
molecule,CT0657_A1_006,CT0657,Alemtuzumab,75.0,1,811.0,720,ELISA,1,Neurological,Intravenous,Yes,5,19.266421048421428,29.242942810058594,0.5259614444530282,0.4468071162700653
molecule,CT0658_A1_001,CT0658,Alemtuzumab,8.3,0,133.0,84,ELISA,1,Cancer and neoplasms,Intravenous,No,5,17.45959537423121,14.796660423278809,0.3867224470352121,0.43671485781669617
molecule,CT0658_A2_001,CT0658,Alemtuzumab,1.9,0,211.0,84,ELISA,1,Cancer and neoplasms,Intravenous,No,5,17.454230880177224,14.986336708068848,0.38777584293668776,0.4688931107521057
molecule,CT0659_A1_001,CT0659,ATR-107,50.0,1,6.0,42,ECL/MSD,1,Healthy Volunteer,Subcutaneous,No,1,22.63988532359151,22.53315544128418,0.3427429681270619,0.34513384103775024
molecule,CT0069_A5_002,CT0069,Tocilizumab,87.5,1,136.0,0,Not reported,1,Inflammation and autoimmunity,Subcutaneous,No,4,7.242401544874908,5.989508628845215,0.5061062992313992,0.1975737363100052
molecule,CT0659_A2_001,CT0659,ATR-107,83.0,1,6.0,42,ECL/MSD,1,Healthy Volunteer,Subcutaneous,No,1,21.871629158680573,15.170044898986816,0.32343411034817293,0.30397114157676697
molecule,CT0659_A3_001,CT0659,ATR-107,83.0,1,6.0,42,ECL/MSD,1,Healthy Volunteer,Subcutaneous,No,1,22.271474838771596,17.909706115722656,0.32468937750150173,0.30705076456069946
molecule,CT0659_A4_001,CT0659,ATR-107,67.0,1,6.0,42,ECL/MSD,1,Healthy Volunteer,Subcutaneous,No,1,15.57979807752196,14.650406837463379,0.2880253339111791,0.2908737063407898
molecule,CT0659_A5_001,CT0659,ATR-107,83.0,1,6.0,42,ECL/MSD,1,Healthy Volunteer,Subcutaneous,No,1,15.177424768563196,10.978073120117188,0.2764075175549884,0.2637335956096649
molecule,CT0659_A6_001,CT0659,ATR-107,83.0,1,6.0,42,ECL/MSD,1,Healthy Volunteer,Intravenous,No,1,20.89673172230663,17.763893127441406,0.319565153265487,0.29549601674079895
molecule,CT0659_A7_001,CT0659,ATR-107,100.0,1,6.0,42,ECL/MSD,1,Healthy Volunteer,Intravenous,No,1,20.734060729735308,18.419292449951172,0.31742394407513386,0.28655168414115906
molecule,CT0659_A8_001,CT0659,ATR-107,50.0,1,4.0,42,ECL/MSD,1,Healthy Volunteer,Intravenous,No,1,15.2599270294724,8.789798736572266,0.2733588252910405,0.22982941567897797
molecule,CT0069_A1_003,CT0069,Tocilizumab,87.1,1,287.0,14,Not reported,1,Inflammation and autoimmunity,Subcutaneous,Yes,4,19.271376260665086,10.376779556274414,0.6587224952222283,0.4175173342227936
molecule,CT0006_A1_002,CT0006,Golimumab,10.4,1,643.0,280,Not reported,1,Inflammation and autoimmunity,Intravenous,No,2,8.805935364489464,2.4161436557769775,0.4858158655469082,0.2087390124797821
molecule,CT0007_A1_001,CT0007,Denosumab,0.0,0,594.0,365,Not reported,1,Musculoskeletal,Subcutaneous,No,2,25.12360499627212,29.515289306640625,0.5628915792572804,0.46268466114997864
molecule,CT0008_A1_001,CT0008,Denosumab,0.0,0,83.0,365,Not reported,1,Musculoskeletal,Subcutaneous,No,2,5.786649661790095,9.874425888061523,0.3794441314932321,0.32104042172431946
molecule,CT0009_A1_001,CT0009,Denosumab,0.243605359,0,821.0,1231,Not reported,1,Cancer and neoplasms,Intravenous,No,2,5.318504721877835,8.200754165649414,0.3886482503852731,0.34078800678253174
molecule,CT0010_A1_001,CT0010,Denosumab,0.0,0,253.0,365,Not reported,1,Musculoskeletal,Subcutaneous,No,2,25.511225879123042,44.722572326660156,0.5829344374314619,0.582562267780304
molecule,CT0012_A1_001,CT0012,Ranibizumab,1.7,0,294.0,672,Platform unclear,1,Unspecified,Ophthalmic,No,2,21.618633684994307,9.86370849609375,0.40118521217681685,0.25696107745170593
molecule,CT0012_A2_001,CT0012,Aflibercept,2.9,0,310.0,672,Platform unclear,1,Unspecified,Ophthalmic,No,4,14.130469942226263,15.886096954345703,0.4475249195993689,0.33104580640792847
molecule,CT0012_A3_001,CT0012,Aflibercept,3.4,0,294.0,672,Platform unclear,1,Unspecified,Ophthalmic,No,4,16.139545083428448,16.419204711914062,0.4554369213891199,0.33177632093429565
molecule,CT0012_A4_001,CT0012,Aflibercept,1.0,0,300.0,672,Platform unclear,1,Unspecified,Ophthalmic,No,4,14.153260860668953,16.029930114746094,0.450536457461603,0.3316464424133301
molecule,CT0013_A2_001,CT0013,Trebananib,10.90909091,1,55.0,826,ECL/MSD,0,Cancer and neoplasms,Intravenous,No,4,17.43749157241293,31.96727752685547,0.5719722119113043,0.4684583246707916
molecule,CT0013_A3_001,CT0013,Trebananib,3.846153846,0,52.0,826,ECL/MSD,0,Cancer and neoplasms,Intravenous,No,4,14.28548256079277,28.534290313720703,0.5619896601453677,0.432763010263443
molecule,CT0013_A4_001,CT0013,Trebananib,10.20408163,1,49.0,826,ECL/MSD,0,Cancer and neoplasms,Intravenous,No,4,13.889598551540514,28.820812225341797,0.5666391852846318,0.3971707820892334
molecule,CT0014_A1_001,CT0014,Ustekinumab,0.7,0,427.0,252,Not reported,1,Inflammation and autoimmunity,Intravenous,No,4,8.382134090669654,5.01756477355957,0.455736168951191,0.4535977840423584
molecule,CT0016_A1_001,CT0016,Canakinumab,0.0,0,43.0,29,SPR/Biacore,1,Inflammation and autoimmunity,Subcutaneous,No,3,9.084927843368126,7.5170745849609375,0.429992465246213,0.33737218379974365
molecule,CT0017_A1_001,CT0017,Golimumab,3.0,0,440.0,168,Not reported,1,Inflammation and autoimmunity,Intravenous,No,2,7.603977945603708,2.3250346183776855,0.4569727958165065,0.16836780309677124
molecule,CT0017_A1_002,CT0017,Golimumab,4.6,0,560.0,364,Not reported,1,Inflammation and autoimmunity,Intravenous,No,2,8.72680727203533,2.2239599227905273,0.480888172281412,0.165875643491745
molecule,CT0017_A1_003,CT0017,Golimumab,6.7,0,553.0,700,Not reported,1,Inflammation and autoimmunity,Intravenous,No,2,8.921192985395408,2.306636333465576,0.4564350385183197,0.15993069112300873
molecule,CT0018_A1_001,CT0018,Natalizumab,1.538461538,0,195.0,365,Not reported,1,Neurological,Intravenous,No,1,4.002982726582103,2.150984048843384,0.23061943803715607,0.16071948409080505
molecule,CT0019_A1_001,CT0019,Denosumab,5.882352941,0,17.0,730,Not reported,1,Cancer and neoplasms,Subcutaneous,No,2,9.21332731000466,9.078697204589844,0.3675204451909003,0.31427738070487976
molecule,CT0020_A1_001,CT0020,Lebrikizumab,2.0,0,99.0,168,Not reported,1,Inflammation and autoimmunity,Subcutaneous,No,3,7.162170073585386,7.275505542755127,0.34562923556282377,0.22735464572906494
molecule,CT0069_A3_002,CT0069,Tocilizumab,86.8,1,266.0,0,Not reported,1,Inflammation and autoimmunity,Subcutaneous,Yes,4,19.42888325501325,10.25877571105957,0.6587224952222283,0.39951765537261963
molecule,CT0021_A1_002,CT0021,Denosumab,0.0,0,429.0,360,Not reported,1,Musculoskeletal,Subcutaneous,No,2,21.84776210189034,23.244007110595703,0.5528591548830031,0.4255032241344452
molecule,CT0022_A1_001,CT0022,Ustekinumab,8.4,0,202.0,756,Not reported,1,Inflammation and autoimmunity,Subcutaneous,No,4,9.139504522143943,24.08036994934082,0.5515963257957842,0.6390618681907654
molecule,CT0022_A2_001,CT0022,Ustekinumab,8.0,0,200.0,756,Not reported,1,Inflammation and autoimmunity,Subcutaneous,No,4,8.17508328762693,21.975303649902344,0.5433906609437452,0.6369670033454895
molecule,CT0023_A1_001,CT0023,Ustekinumab,9.9,0,101.0,420,Not reported,1,Inflammation and autoimmunity,Subcutaneous,No,4,9.105949567699867,19.973018646240234,0.6087139579954584,0.6665765643119812
molecule,CT0023_A2_001,CT0023,Ustekinumab,9.1,0,98.0,420,Not reported,1,Inflammation and autoimmunity,Subcutaneous,No,4,8.161590404081888,16.074302673339844,0.5853164296206126,0.6585446000099182
molecule,CT0023_A3_001,CT0023,Ustekinumab,9.3,0,279.0,420,Not reported,1,Inflammation and autoimmunity,Subcutaneous,No,4,8.279269727023916,17.267810821533203,0.5845300351272628,0.6527910232543945
molecule,CT0024_A1_001,CT0024,Lebrikizumab,0.7,0,145.0,182,Not reported,1,Inflammation and autoimmunity,Subcutaneous,No,3,8.596746210971013,8.295244216918945,0.4335353731549195,0.2410355806350708
molecule,CT0496_A4_001,CT0496,Infliximab,33.3,1,24.0,0,Platform unclear,1,Inflammation and autoimmunity,Intravenous,No,5,15.844918142638734,11.407062530517578,0.3806529535175054,0.31240856647491455
molecule,CT0069_A4_002,CT0069,Tocilizumab,77.7,1,139.0,0,Not reported,1,Inflammation and autoimmunity,Subcutaneous,No,4,7.298407200443826,5.934968948364258,0.5116519931911708,0.19924242794513702
molecule,CT0025_A1_002,CT0025,Tanezumab,0.0,0,34.0,56,Not reported,1,Renal and urogenital,Subcutaneous,No,1,31.306793446625683,2.5769903659820557,0.3620642961747036,0.17023597657680511
molecule,CT0025_A2_002,CT0025,Tanezumab,0.0,0,27.0,56,Not reported,1,Renal and urogenital,Subcutaneous,No,1,31.153211281822482,2.6782021522521973,0.3465019142308849,0.1697433739900589
molecule,CT0025_A3_002,CT0025,Tanezumab,0.0,0,30.0,56,Not reported,1,Renal and urogenital,Subcutaneous,No,1,30.946492344912805,1.8157094717025757,0.3257885170891063,0.11552968621253967
molecule,CT0025_A4_002,CT0025,Tanezumab,0.0,0,30.0,56,Not reported,1,Renal and urogenital,Subcutaneous,No,1,30.997038706147897,1.7038040161132812,0.32637984411474,0.1115422174334526
molecule,CT0025_A1_003,CT0025,Tanezumab,0.0,0,30.0,112,Not reported,1,Renal and urogenital,Subcutaneous,No,1,32.02022116624358,3.1184864044189453,0.41360818407158,0.1837310642004013
molecule,CT0025_A2_003,CT0025,Tanezumab,0.0,0,24.0,112,Not reported,1,Renal and urogenital,Subcutaneous,No,1,31.887518733906376,3.1770474910736084,0.39565301734933783,0.17605845630168915
molecule,CT0025_A3_003,CT0025,Tanezumab,0.0,0,25.0,112,Not reported,1,Renal and urogenital,Subcutaneous,No,1,31.51925958476392,2.212911605834961,0.3711594653020228,0.12667453289031982
molecule,CT0025_A4_003,CT0025,Tanezumab,0.0,0,26.0,112,Not reported,1,Renal and urogenital,Subcutaneous,No,1,31.546354438588253,2.056504487991333,0.3717507923276567,0.12043984234333038
molecule,CT0025_A1_004,CT0025,Tanezumab,0.0,0,18.0,168,Not reported,1,Renal and urogenital,Subcutaneous,No,1,32.70709203970664,4.036293983459473,0.4690403765124301,0.20130649209022522
molecule,CT0025_A2_004,CT0025,Tanezumab,0.0,0,18.0,168,Not reported,1,Renal and urogenital,Subcutaneous,No,1,32.495192403105165,3.9158811569213867,0.44822722517621827,0.19842229783535004
molecule,CT0025_A3_004,CT0025,Tanezumab,0.0,0,17.0,168,Not reported,1,Renal and urogenital,Subcutaneous,No,1,32.130936451377245,2.9068405628204346,0.42222841661203686,0.14354978501796722
molecule,CT0025_A4_004,CT0025,Tanezumab,0.0,0,17.0,168,Not reported,1,Renal and urogenital,Subcutaneous,No,1,32.13100100385429,2.809131383895874,0.42281974363767055,0.13712242245674133
molecule,CT0026_A1_001,CT0026,Brodalumab,9.090909091,0,33.0,2520,Other ligand-binding assay,1,Inflammation and autoimmunity,Subcutaneous,No,4,15.154512822977706,12.273614883422852,0.44259915543841166,0.3930194079875946
molecule,CT0026_A2_001,CT0026,Brodalumab,16.66666667,1,36.0,2520,Other ligand-binding assay,1,Inflammation and autoimmunity,Subcutaneous,No,4,15.02632182052963,10.692846298217773,0.4366561096807995,0.35300812125205994
molecule,CT0026_A3_001,CT0026,Brodalumab,10.81081081,1,37.0,2520,Other ligand-binding assay,1,Inflammation and autoimmunity,Subcutaneous,No,4,14.811909459512835,9.973712921142578,0.4246330386933116,0.33943644165992737
molecule,CT0026_A4_001,CT0026,Brodalumab,11.42857143,1,35.0,2520,Other ligand-binding assay,1,Inflammation and autoimmunity,Subcutaneous,No,4,14.891022368864748,9.592803955078125,0.4047240971173831,0.3344113230705261
molecule,CT0026_A5_001,CT0026,Brodalumab,20.0,1,40.0,2520,Other ligand-binding assay,1,Inflammation and autoimmunity,Subcutaneous,No,4,14.973040631383041,9.295744895935059,0.38529976468125765,0.3275597095489502
molecule,CT0026_A1_002,CT0026,Brodalumab,6.060606061,0,33.0,2520,Other ligand-binding assay,1,Inflammation and autoimmunity,Subcutaneous,No,4,15.154512822977706,12.273614883422852,0.44259915543841166,0.3930194079875946
molecule,CT0026_A2_002,CT0026,Brodalumab,16.66666667,1,36.0,2520,Other ligand-binding assay,1,Inflammation and autoimmunity,Subcutaneous,No,4,15.02632182052963,10.692846298217773,0.4366561096807995,0.35300812125205994
molecule,CT0026_A3_002,CT0026,Brodalumab,10.81081081,1,37.0,2520,Other ligand-binding assay,1,Inflammation and autoimmunity,Subcutaneous,No,4,14.811909459512835,9.973712921142578,0.4246330386933116,0.33943644165992737
molecule,CT0026_A4_002,CT0026,Brodalumab,11.42857143,1,35.0,2520,Other ligand-binding assay,1,Inflammation and autoimmunity,Subcutaneous,No,4,14.891022368864748,9.592803955078125,0.4047240971173831,0.3344113230705261
molecule,CT0026_A5_002,CT0026,Brodalumab,20.0,1,40.0,2520,Other ligand-binding assay,1,Inflammation and autoimmunity,Subcutaneous,No,4,14.973040631383041,9.295744895935059,0.38529976468125765,0.3275597095489502
molecule,CT0027_A1_001,CT0027,Sarilumab,0.0,0,7.0,154,Not reported,1,Inflammation and autoimmunity,Subcutaneous,No,5,18.153914193450657,24.191936492919922,0.39539662057751307,0.266092985868454
molecule,CT0028_A1_001,CT0028,Secukinumab,0.611620795,0,327.0,420,Not reported,1,Inflammation and autoimmunity,Subcutaneous,No,2,8.9335991191585,7.388279914855957,0.4905728447343011,0.17911309003829956
molecule,CT0028_A2_001,CT0028,Secukinumab,0.917431193,0,327.0,420,Not reported,1,Inflammation and autoimmunity,Subcutaneous,No,2,7.032369686760176,6.426783084869385,0.3796625157065064,0.15810072422027588
molecule,CT0028_A5_001,CT0028,Secukinumab,0.0,0,142.0,420,Not reported,1,Inflammation and autoimmunity,Subcutaneous,No,2,8.36017465902748,6.458284854888916,0.49115159826171273,0.179386705160141
molecule,CT0028_A6_001,CT0028,Secukinumab,0.0,0,142.0,420,Not reported,1,Inflammation and autoimmunity,Subcutaneous,No,2,6.975800277184135,5.017668724060059,0.367679016075777,0.1510193645954132
molecule,CT0030_A1_003,CT0030,Rituximab,15.2,1,355.0,336,Platform unclear,1,Inflammation and autoimmunity,Intravenous,Yes,2,36.8312527876817,41.126991271972656,0.6794174131845063,0.7333363890647888
molecule,CT0030_A9_002,CT0030,Rituximab,14.4,1,346.0,336,Platform unclear,1,Inflammation and autoimmunity,Intravenous,No,2,16.095116878940463,22.251216888427734,0.5027353874897326,0.37549957633018494
molecule,CT0030_A3_003,CT0030,Rituximab,18.5,1,81.0,336,Platform unclear,1,Inflammation and autoimmunity,Intravenous,No,2,9.576466046845358,11.68547248840332,0.44666666450757825,0.28574255108833313
molecule,CT0030_A4_003,CT0030,Rituximab,26.0,1,115.0,336,Platform unclear,1,Inflammation and autoimmunity,Intravenous,Yes,2,27.454476184335938,29.0528507232666,0.6488169552387484,0.6268561482429504
molecule,CT0030_A5_003,CT0030,Rituximab,13.9,1,79.0,336,Platform unclear,1,Inflammation and autoimmunity,Intravenous,Yes,2,28.716384863612294,26.238243103027344,0.6199899425180839,0.5422441363334656
molecule,CT0030_A6_003,CT0030,Rituximab,20.5,1,112.0,336,Platform unclear,1,Inflammation and autoimmunity,Intravenous,No,2,10.766288477504567,14.232332229614258,0.4946634427583375,0.32956236600875854
molecule,CT0030_A7_003,CT0030,Rituximab,21.8,1,110.0,336,Platform unclear,1,Inflammation and autoimmunity,Intravenous,Yes,2,28.31370785408687,40.00970458984375,0.6605929257634405,0.666657030582428
molecule,CT0030_A8_003,CT0030,Rituximab,23.8,1,134.0,336,Platform unclear,1,Inflammation and autoimmunity,Intravenous,No,2,17.524085417211197,17.820520401000977,0.5335092840499439,0.31470155715942383
molecule,CT0031_A1_001,CT0031,Tocilizumab,0.0,0,25.0,364,Platform unclear,1,Inflammation and autoimmunity,Subcutaneous,No,4,8.974761297083484,9.182580947875977,0.46104856471811406,0.27718278765678406
molecule,CT0031_A2_001,CT0031,Tocilizumab,0.0,0,26.0,364,Platform unclear,1,Inflammation and autoimmunity,Subcutaneous,No,4,8.781355065793026,8.356163024902344,0.4456325908612148,0.28369206190109253
molecule,CT0033_A1_002,CT0033,Natalizumab,0.0,0,13.0,112,Not reported,1,Neurological,Intravenous,No,1,1.3134395951549067,1.689127802848816,0.1533143655803411,0.1545117199420929
molecule,CT0034_A2_001,CT0034,Lebrikizumab,18.7,1,359.0,364,Not reported,1,Inflammation and autoimmunity,Subcutaneous,No,3,12.547597673266846,8.998373985290527,0.5314096362077381,0.32149896025657654
molecule,CT0034_A3_001,CT0034,Lebrikizumab,15.1,1,358.0,364,Not reported,1,Inflammation and autoimmunity,Subcutaneous,No,3,12.9878379871403,10.433318138122559,0.592424378055622,0.3200271725654602
molecule,CT0034_A4_001,CT0034,Lebrikizumab,11.3,1,159.0,728,Not reported,1,Inflammation and autoimmunity,Subcutaneous,No,3,12.495967750843402,8.766698837280273,0.5052912402120138,0.2653505206108093
molecule,CT0034_A5_001,CT0034,Lebrikizumab,10.8,1,157.0,728,Not reported,1,Inflammation and autoimmunity,Subcutaneous,No,3,10.111637533349453,8.120964050292969,0.4767623825476198,0.24789613485336304
molecule,CT0037_A1_002,CT0037,Benralizumab,6.944444444,0,72.0,252,Platform unclear,1,Inflammation and autoimmunity,Subcutaneous,No,3,6.98433675333048,3.7980852127075195,0.274004255872447,0.08766273409128189
molecule,CT0518_A1_002,CT0518,Adalimumab,20.3,1,143.0,14,Platform unclear,0,Inflammation and autoimmunity,Subcutaneous,Yes,3,35.9869813539974,30.3792781829834,0.5853147236693319,0.7039721608161926
molecule,CT0037_A2_002,CT0037,Benralizumab,9.589041096,0,73.0,252,Platform unclear,1,Inflammation and autoimmunity,Subcutaneous,No,3,6.96601925557274,3.752189874649048,0.274004255872447,0.08919563889503479
molecule,CT0038_A1_001,CT0038,Infliximab,48.60681115,1,323.0,210,Not reported,0,Inflammation and autoimmunity,Intravenous,Yes,5,11.958793736592593,17.068937301635742,0.5342184908648908,0.5943157076835632
molecule,CT0038_A2_001,CT0038,Infliximab,51.22699387,1,326.0,210,Not reported,0,Inflammation and autoimmunity,Intravenous,No,5,10.21225922620188,10.454066276550293,0.43027214494022287,0.3892747163772583
molecule,CT0038_A3_001,CT0038,Infliximab,52.14285714,1,280.0,378,Not reported,0,Inflammation and autoimmunity,Intravenous,Yes,5,14.302809584759116,17.662338256835938,0.5777278313347102,0.5943529009819031
molecule,CT0038_A4_001,CT0038,Infliximab,60.13986014,1,143.0,378,Not reported,0,Inflammation and autoimmunity,Intravenous,No,5,12.020334293488894,10.944198608398438,0.47527350056955453,0.36413004994392395
molecule,CT0038_A5_001,CT0038,Infliximab,58.04195804,1,143.0,378,Not reported,0,Inflammation and autoimmunity,Intravenous,Yes,5,13.814940580812323,16.09491729736328,0.5799122848894638,0.573544442653656
molecule,CT0038_A6_001,CT0038,Infliximab,52.38095238,1,126.0,546,Not reported,0,Inflammation and autoimmunity,Intravenous,Yes,5,13.738383874417368,17.636281967163086,0.550666518958428,0.5678876638412476
molecule,CT0038_A7_001,CT0038,Infliximab,57.14285714,1,126.0,546,Not reported,0,Inflammation and autoimmunity,Intravenous,Yes,5,13.738383874417368,17.636281967163086,0.550666518958428,0.5678876638412476
molecule,CT0038_A8_001,CT0038,Infliximab,47.03557312,1,253.0,546,Not reported,0,Inflammation and autoimmunity,Intravenous,Yes,5,13.893177494687395,18.29804229736328,0.5551487476574474,0.5926044583320618
molecule,CT0039_A1_001,CT0039,Trastuzumab,0.0,0,113.0,126,Not reported,0,Cancer and neoplasms,Intravenous,Yes,4,7.111385249073319,4.142422199249268,0.3705560518843357,0.1178928017616272
molecule,CT0039_A2_001,CT0039,Trastuzumab,0.892857143,0,112.0,126,Not reported,0,Cancer and neoplasms,Intravenous,No,4,3.325575196378708,4.2514495849609375,0.2265868763864789,0.11336100846529007
molecule,CT0039_A1_002,CT0039,Trastuzumab,0.0,0,111.0,126,Not reported,0,Cancer and neoplasms,Intravenous,Yes,4,7.1281728124938555,4.166165828704834,0.36501864793481825,0.11777936667203903
molecule,CT0039_A2_002,CT0039,Trastuzumab,0.0,0,112.0,126,Not reported,0,Cancer and neoplasms,Intravenous,No,4,3.325575196378708,4.2514495849609375,0.2265868763864789,0.11336100846529007
molecule,CT0039_A1_003,CT0039,Trastuzumab,0.0,0,108.0,126,Not reported,0,Cancer and neoplasms,Intravenous,Yes,4,7.031443512060225,4.119640350341797,0.36340032520014626,0.1167626678943634
molecule,CT0039_A2_003,CT0039,Trastuzumab,0.0,0,109.0,126,Not reported,0,Cancer and neoplasms,Intravenous,No,4,3.3136485579119523,4.265671253204346,0.222273819359593,0.1126372367143631
molecule,CT0039_A1_004,CT0039,Trastuzumab,0.0,0,108.0,126,Not reported,0,Cancer and neoplasms,Intravenous,Yes,4,7.031443512060225,4.119640350341797,0.36340032520014626,0.1167626678943634
molecule,CT0039_A2_004,CT0039,Trastuzumab,0.0,0,108.0,126,Not reported,0,Cancer and neoplasms,Intravenous,No,4,3.3136485579119523,4.250068664550781,0.222273819359593,0.11206293106079102
molecule,CT0040_A1_001,CT0040,Rituximab,6.0,0,99.0,322,Not reported,0,Cancer and neoplasms,Intravenous,Yes,2,23.73414404081719,4.61536979675293,0.44705747066560253,0.20469097793102264
molecule,CT0040_A2_001,CT0040,Rituximab,1.0,0,40.0,322,Not reported,0,Cancer and neoplasms,Intravenous,No,2,8.464860713997583,2.902918577194214,0.292213234175095,0.08363074064254761
molecule,CT0367_A1_001,CT0367,Polatuzumab vedotin,50.0,1,6.0,0,Not reported,1,Cancer and neoplasms,Intravenous,No,4,2.306651938047947,3.5240063667297363,0.19646796850756787,0.23161429166793823
molecule,CT0041_A1_002,CT0041,Lebrikizumab,15.38461538,1,52.0,140,Not reported,1,Inflammation and autoimmunity,Subcutaneous,No,3,10.837650189367851,11.094705581665039,0.3938342324554499,0.2297733575105667
molecule,CT0041_A2_002,CT0041,Lebrikizumab,35.8490566,1,53.0,140,Not reported,1,Inflammation and autoimmunity,Subcutaneous,No,3,7.166193086199569,7.95683479309082,0.3331849191469916,0.21620623767375946
molecule,CT0041_A3_002,CT0041,Lebrikizumab,22.0,1,50.0,140,Not reported,1,Inflammation and autoimmunity,Subcutaneous,No,3,7.271548813054307,8.02345085144043,0.33341726532412946,0.21591460704803467
molecule,CT0496_A2_001,CT0496,Infliximab,16.2,1,37.0,0,Platform unclear,1,Inflammation and autoimmunity,Intravenous,No,5,15.682178610650269,9.872394561767578,0.38334953224888074,0.30069902539253235
molecule,CT0042_A2_002,CT0042,Lebrikizumab,6.9,0,29.0,140,Not reported,1,Inflammation and autoimmunity,Subcutaneous,No,3,10.75633550826023,10.52853775024414,0.43298665386825785,0.2501222789287567
molecule,CT0043_A1_001,CT0043,Natalizumab,0.0,0,2.0,336,Not reported,1,Neurological,Subcutaneous,No,1,3.1854062499872757,1.2342844009399414,0.27440738890298677,0.16127175092697144
molecule,CT0044_A1_001,CT0044,Trastuzumab,0.0,0,39.0,669,Not reported,1,Cancer and neoplasms,Intravenous,No,4,3.7095770897460087,5.283921241760254,0.19732362444295704,0.146539568901062
molecule,CT0518_A2_002,CT0518,Adalimumab,15.2,1,145.0,14,Not reported,0,Inflammation and autoimmunity,Subcutaneous,No,3,5.292863002562388,13.615782737731934,0.35254338355133463,0.3718121349811554
molecule,CT0046_A1_001,CT0046,Nonacog alfa,4.0,0,25.0,360,ELISA,1,Blood disorders,Intravenous,No,2,18.50792412257275,5.05747127532959,0.36080099586755787,0.06410495191812515
molecule,CT0047_A1_001,CT0047,Lebrikizumab,13.6,1,154.0,252,Platform unclear,1,Non-inflammatory respiratory diseases,Subcutaneous,No,3,12.37869268606861,10.346686363220215,0.596203215002501,0.43969395756721497
molecule,CT0048_A1_002,CT0048,Obinutuzumab,0.0,0,3.0,2098,Not reported,1,Cancer and neoplasms,Intravenous,No,2,3.7188157633146792,2.923584461212158,0.21763025497781763,0.15189680457115173
molecule,CT0048_A2_002,CT0048,Obinutuzumab,0.0,0,2.0,2098,Not reported,1,Cancer and neoplasms,Intravenous,No,2,3.7360261307329314,1.7674064636230469,0.25993833047401227,0.11668601632118225
molecule,CT0048_A3_002,CT0048,Obinutuzumab,0.0,0,2.0,2098,Not reported,1,Cancer and neoplasms,Intravenous,No,2,3.3705501121363906,1.7183657884597778,0.24557406556107722,0.11491422355175018
molecule,CT0048_A4_002,CT0048,Obinutuzumab,0.0,0,6.0,2098,Not reported,1,Cancer and neoplasms,Intravenous,No,2,3.672226832087219,4.914207458496094,0.27397792238519697,0.2312711626291275
molecule,CT0048_A5_002,CT0048,Rituximab,0.0,0,3.0,2098,Not reported,1,Cancer and neoplasms,Intravenous,No,2,6.424412295232825,3.068957805633545,0.33120489703886963,0.1700882613658905
molecule,CT0048_A6_002,CT0048,Rituximab,0.0,0,4.0,2098,Not reported,1,Cancer and neoplasms,Intravenous,No,2,6.164840524476752,3.1332108974456787,0.3288116500403063,0.18672460317611694
molecule,CT0048_A7_002,CT0048,Rituximab,0.0,0,7.0,2098,Not reported,1,Cancer and neoplasms,Intravenous,No,2,5.8522134799727175,2.8355941772460938,0.33109937217164204,0.17722471058368683
molecule,CT0496_A1_001,CT0496,Infliximab,11.4,1,79.0,0,Platform unclear,1,Inflammation and autoimmunity,Intravenous,No,5,16.39433153326226,9.711153030395508,0.38635770744920567,0.30798429250717163
molecule,CT0048_A8_002,CT0048,Obinutuzumab,0.0,0,36.0,2098,Not reported,1,Cancer and neoplasms,Intravenous,No,2,3.4251917014244033,3.6640100479125977,0.24611397195708434,0.1842353641986847
molecule,CT0496_A3_001,CT0496,Infliximab,11.1,1,9.0,0,Platform unclear,1,Inflammation and autoimmunity,Intravenous,No,5,15.572623806662953,13.471000671386719,0.37916211767845,0.3660297989845276
molecule,CT0048_A9_002,CT0048,Rituximab,0.0,0,37.0,2098,Not reported,1,Cancer and neoplasms,Intravenous,No,2,5.106538317072631,2.461717128753662,0.3069963432068223,0.12066656351089478
molecule,CT0048_A1_004,CT0048,Polatuzumab vedotin,0.0,0,3.0,2098,Not reported,1,Cancer and neoplasms,Intravenous,No,4,2.983188089204148,3.416541337966919,0.21818989523700136,0.22635146975517273
molecule,CT0048_A2_004,CT0048,Polatuzumab vedotin,0.0,0,4.0,2098,Not reported,1,Cancer and neoplasms,Intravenous,No,4,3.311495779390618,4.544538497924805,0.25141810449692437,0.23091444373130798
molecule,CT0048_A3_004,CT0048,Polatuzumab vedotin,0.0,0,3.0,2098,Not reported,1,Cancer and neoplasms,Intravenous,No,4,2.928695039297788,3.4551613330841064,0.22684486757927236,0.21322821080684662
molecule,CT0048_A4_004,CT0048,Polatuzumab vedotin,0.0,0,6.0,2098,Not reported,1,Cancer and neoplasms,Intravenous,No,4,2.916648464067601,5.203517436981201,0.24556432128434086,0.25101587176322937
molecule,CT0048_A5_004,CT0048,Polatuzumab vedotin,0.0,0,3.0,2098,Not reported,1,Cancer and neoplasms,Intravenous,No,4,3.33097994268149,3.2692322731018066,0.23018839460090484,0.2063605636358261
molecule,CT0048_A6_004,CT0048,Polatuzumab vedotin,0.0,0,4.0,2098,Not reported,1,Cancer and neoplasms,Intravenous,No,4,2.9092108760069153,4.686977863311768,0.24807457747529185,0.23862794041633606
molecule,CT0048_A7_004,CT0048,Polatuzumab vedotin,0.0,0,7.0,2098,Not reported,1,Cancer and neoplasms,Intravenous,No,4,2.9160895056594875,4.843471527099609,0.24422252642768233,0.24657867848873138
molecule,CT0048_A8_004,CT0048,Polatuzumab vedotin,0.0,0,38.0,2098,Not reported,1,Cancer and neoplasms,Intravenous,No,4,3.3981970931767234,3.1369259357452393,0.23490017523242804,0.20036457479000092
molecule,CT0048_A9_004,CT0048,Polatuzumab vedotin,0.0,0,37.0,2098,Not reported,1,Cancer and neoplasms,Intravenous,No,4,3.194318366729452,3.1692862510681152,0.23283369918009897,0.20120488107204437
molecule,CT0049_A1_001,CT0049,Obinutuzumab,9.38,0,64.0,728,Not reported,1,Inflammation and autoimmunity,Intravenous,No,2,3.5845549888892183,1.4870963096618652,0.16590100501864982,0.09599186480045319
molecule,CT0050_A1_001,CT0050,Durvalumab,0.0,0,3.0,2190,Not reported,0,Cancer and neoplasms,Intravenous,No,5,6.157860683425064,8.99379825592041,0.4512287749068827,0.28853127360343933
molecule,CT0050_A2_001,CT0050,Durvalumab,20.0,1,5.0,2190,Not reported,0,Cancer and neoplasms,Intravenous,No,5,7.167310054445326,11.522799491882324,0.4833944408405128,0.33325648307800293
molecule,CT0050_A3_001,CT0050,Durvalumab,11.42857143,1,35.0,2190,Not reported,0,Cancer and neoplasms,Intravenous,No,5,9.644406211245089,12.004913330078125,0.5196224927067208,0.35282132029533386
molecule,CT0050_A4_001,CT0050,Durvalumab,2.024291498,0,247.0,2190,Not reported,0,Cancer and neoplasms,Intravenous,No,5,11.667077668411913,11.160404205322266,0.5546158088091072,0.3770155608654022
molecule,CT0050_A5_001,CT0050,Durvalumab,4.545454545,0,22.0,2190,Not reported,0,Cancer and neoplasms,Intravenous,No,5,8.647876378294907,11.279364585876465,0.5038954936297327,0.3532392680644989
molecule,CT0050_A6_001,CT0050,Tremelimumab,0.0,0,9.0,2190,Not reported,0,Cancer and neoplasms,Intravenous,No,2,7.866950152017196,9.456268310546875,0.45247264961592415,0.32348811626434326
molecule,CT0050_A7_001,CT0050,Tremelimumab,12.76595745,1,47.0,2190,Not reported,0,Cancer and neoplasms,Intravenous,No,2,7.374683057048223,7.2206525802612305,0.43377812402627625,0.2607852816581726
molecule,CT0050_A8_001,CT0050,Tremelimumab,3.571428571,0,28.0,2190,Not reported,0,Cancer and neoplasms,Intravenous,No,2,7.4600285854636645,8.474223136901855,0.4488334105438763,0.3103180527687073
molecule,CT0050_A9_001,CT0050,Tremelimumab,6.63507109,0,211.0,2190,Not reported,0,Cancer and neoplasms,Intravenous,No,2,7.602769919190114,5.66694974899292,0.43550141182917884,0.24012058973312378
molecule,CT0051_A1_002,CT0051,Atezolizumab,26.4,1,390.0,2249,Not reported,0,Cancer and neoplasms,Intravenous,No,3,10.752766524022553,4.317601203918457,0.3042769301566834,0.1464124619960785
molecule,CT0377_A6_001,CT0377,Durvalumab,12.5,1,8.0,14,Not reported,0,Cancer and neoplasms,Intravenous,No,5,8.285128577975382,6.071061611175537,0.36889135526648725,0.18734966218471527
molecule,CT0052_A1_002,CT0052,Atezolizumab,3.571428571,0,28.0,1490,Not reported,0,Cancer and neoplasms,Intravenous,No,3,5.406913142857836,3.258805751800537,0.28253901166594947,0.1627294421195984
molecule,CT0052_A2_002,CT0052,Atezolizumab,0.0,0,4.0,1490,Not reported,0,Cancer and neoplasms,Intravenous,No,3,4.613066103291129,4.451503276824951,0.2766760699353879,0.16081175208091736
molecule,CT0052_A3_002,CT0052,Atezolizumab,0.0,0,21.0,1490,Not reported,0,Cancer and neoplasms,Intravenous,No,3,6.03839254900939,3.572845935821533,0.279223236413824,0.15046246349811554
molecule,CT0052_A3_004,CT0052,Rituximab,90.47619048,1,21.0,1490,Not reported,0,Cancer and neoplasms,Intravenous,No,2,5.239726506493946,1.7725679874420166,0.26932096258642946,0.10082225501537323
molecule,CT0053_A1_001,CT0053,Bezlotoxumab,2.4,0,44.0,420,Platform unclear,1,Infectious diseases,Intravenous,No,3,4.759163696830184,2.80745530128479,0.29964755848903335,0.1088315099477768
molecule,CT0054_A1_001,CT0054,Golimumab,40.0,1,5.0,182,Not reported,1,Inflammation and autoimmunity,Subcutaneous,No,2,11.151692832356355,9.993659973144531,0.5079328663459035,0.4119851589202881
molecule,CT0055_A1_001,CT0055,Atezolizumab,50.0,1,6.0,1305,Not reported,1,Cancer and neoplasms,Intravenous,No,3,4.352024435113023,5.955702781677246,0.32467074552073594,0.1804971843957901
molecule,CT0055_A2_001,CT0055,Atezolizumab,28.6,1,14.0,1305,Not reported,1,Cancer and neoplasms,Intravenous,No,3,4.455297986255468,5.099334716796875,0.32059390388451425,0.16498348116874695
molecule,CT0648_A2_003,CT0648,Trastuzumab emtansine,11.7,1,180.0,0,Platform unclear,1,Cancer and neoplasms,Intravenous,No,2,6.461922355080636,15.110579490661621,0.28945844617925254,0.30788904428482056
molecule,CT0057_A1_001,CT0057,Avelumab,16.66666667,1,6.0,1182,Not reported,1,Cancer and neoplasms,Intravenous,No,4,2.7464043276604544,2.263303279876709,0.16163156761379527,0.05920074135065079
molecule,CT0057_A2_001,CT0057,Avelumab,0.0,0,15.0,1182,Not reported,1,Cancer and neoplasms,Intravenous,No,4,2.7967339227484618,2.9103126525878906,0.16431527073843682,0.05757839232683182
molecule,CT0058_A1_001,CT0058,Daratumumab,0.0,0,5.0,1581,Not reported,1,Cancer and neoplasms,Intravenous,No,1,2.293715080877348,4.682440757751465,0.20145002953344399,0.15205147862434387
molecule,CT0058_A2_001,CT0058,Daratumumab,0.0,0,9.0,1581,Not reported,1,Cancer and neoplasms,Intravenous,No,1,2.551447843185714,4.41304874420166,0.19967638307688368,0.16983762383460999
molecule,CT0058_A3_001,CT0058,Daratumumab,0.0,0,5.0,1581,Not reported,1,Cancer and neoplasms,Intravenous,No,1,2.459157368613053,4.860918998718262,0.20418293436543572,0.15642398595809937
molecule,CT0058_A4_001,CT0058,Daratumumab,0.0,0,22.0,1581,Not reported,1,Cancer and neoplasms,Intravenous,No,1,3.3192986899034764,5.491398811340332,0.19494610465469545,0.18050852417945862
molecule,CT0059_A1_001,CT0059,Brolucizumab,15.08379888,1,179.0,700,Not reported,0,Unspecified,Ophthalmic,No,4,6.701509042130574,12.18637466430664,0.47552713811158726,0.40447843074798584
molecule,CT0059_A1_002,CT0059,Brolucizumab,51.95530726,1,179.0,700,Not reported,0,Unspecified,Ophthalmic,No,4,6.701509042130574,12.18637466430664,0.47552713811158726,0.40447843074798584
molecule,CT0060_A1_001,CT0060,Trastuzumab,1.152737752,0,347.0,168,Not reported,1,Cancer and neoplasms,Intravenous,Yes,4,12.166714725367244,8.482625961303711,0.4249273992675669,0.3963676989078522
molecule,CT0060_A1_002,CT0060,Trastuzumab,3.448275862,0,348.0,168,Not reported,1,Cancer and neoplasms,Intravenous,No,4,3.630932691424009,6.536473751068115,0.3048483205563119,0.3335270881652832
molecule,CT0061_A1_001,CT0061,Burosumab,5.555555556,0,18.0,672,Not reported,1,Musculoskeletal,Subcutaneous,No,2,10.802615834266977,4.6485748291015625,0.3130076427995446,0.15144747495651245
molecule,CT0061_A2_001,CT0061,Burosumab,11.76470588,1,17.0,672,Not reported,1,Musculoskeletal,Subcutaneous,No,2,11.802548825803695,4.766077995300293,0.31544437663557273,0.15073400735855103
molecule,CT0062_A1_001,CT0062,Trastuzumab,0.571428571,0,175.0,105,Not reported,1,Cancer and neoplasms,Intravenous,Yes,4,9.378442233872951,5.375155925750732,0.3804347146723822,0.2274278700351715
molecule,CT0062_A2_001,CT0062,Trastuzumab,1.219512195,0,82.0,105,Not reported,1,Cancer and neoplasms,Intravenous,No,4,2.8861050638874453,3.7436532974243164,0.23325719556660965,0.12069812417030334
molecule,CT0062_A3_001,CT0062,Trastuzumab,4.938271605,0,81.0,105,Not reported,1,Cancer and neoplasms,Intravenous,Yes,4,9.204752811989948,5.7877655029296875,0.3533368514381949,0.2882321774959564
molecule,CT0062_A1_002,CT0062,Trastuzumab,2.285714286,0,175.0,315,Not reported,1,Cancer and neoplasms,Intravenous,Yes,4,10.03264182999914,7.056187152862549,0.42981582138256047,0.2712603807449341
molecule,CT0062_A2_002,CT0062,Trastuzumab,1.219512195,0,82.0,315,Not reported,1,Cancer and neoplasms,Intravenous,No,4,3.4848151362153845,4.739058017730713,0.2760929217927441,0.14874154329299927
molecule,CT0062_A3_002,CT0062,Trastuzumab,2.469135802,0,81.0,315,Not reported,1,Cancer and neoplasms,Intravenous,Yes,4,9.724769200699363,6.183165550231934,0.3999080110542631,0.28638964891433716
molecule,CT0063_A1_001,CT0063,Denosumab,0.0,0,27.0,730,Not reported,1,Musculoskeletal,Subcutaneous,No,2,7.0017696965791885,11.769426345825195,0.3802552343375891,0.2928157448768616
molecule,CT0063_A2_001,CT0063,Denosumab,0.0,0,27.0,730,Not reported,1,Musculoskeletal,Subcutaneous,No,2,7.0017696965791885,11.769426345825195,0.3802552343375891,0.2928157448768616
molecule,CT0003_A1_002,CT0003,Adalimumab,10.1,1,513.0,0,Platform unclear,1,Inflammation and autoimmunity,Subcutaneous,No,3,6.939699870588478,3.320328712463379,0.23624119994397064,0.10054254531860352
molecule,CT0065_A2_001,CT0065,Brolucizumab,63.46153846,1,208.0,28,Not reported,1,Unspecified,Ophthalmic,No,4,5.511635764651325,7.3982014656066895,0.36731734847626235,0.25991809368133545
molecule,CT0065_A2_002,CT0065,Brolucizumab,65.88235294,1,170.0,84,Not reported,1,Unspecified,Ophthalmic,No,4,6.098242183008163,7.830695629119873,0.37443998828184105,0.2639482915401459
molecule,CT0065_A2_003,CT0065,Brolucizumab,67.1641791,1,134.0,168,Not reported,1,Unspecified,Ophthalmic,No,4,6.389009264547863,8.533714294433594,0.39927084339526486,0.2799159586429596
molecule,CT0065_A2_004,CT0065,Brolucizumab,71.05263158,1,114.0,252,Not reported,1,Unspecified,Ophthalmic,No,4,6.729233609858979,8.691383361816406,0.40015775166210527,0.28397729992866516
molecule,CT0065_A2_005,CT0065,Brolucizumab,72.27722772,1,101.0,364,Not reported,1,Unspecified,Ophthalmic,No,4,6.612376048436759,8.574188232421875,0.39239852015768606,0.29434734582901
molecule,CT0065_A2_006,CT0065,Brolucizumab,75.0,1,68.0,532,Not reported,1,Unspecified,Ophthalmic,No,4,5.673653073080697,7.88749885559082,0.3334828081274286,0.28996017575263977
molecule,CT0066_A1_001,CT0066,Natalizumab,30.3,1,122.0,168,Not reported,0,Neurological,Intravenous,Yes,1,10.495983948522593,20.53351593017578,0.510016950248713,0.7049639821052551
molecule,CT0066_A2_001,CT0066,Natalizumab,29.6,1,125.0,168,Not reported,0,Neurological,Intravenous,No,1,8.655864958270225,4.787099361419678,0.3354664020261089,0.31254133582115173
molecule,CT0066_A3_001,CT0066,Natalizumab,43.3,1,30.0,168,Not reported,0,Neurological,Intravenous,Yes,1,6.31664473604068,12.205543518066406,0.4263677577978772,0.4834575355052948
molecule,CT0066_A4_001,CT0066,Natalizumab,25.3,1,95.0,168,Not reported,0,Neurological,Intravenous,No,1,5.48647890424804,4.663991928100586,0.30258125406412345,0.31466013193130493
molecule,CT0066_A1_003,CT0066,Natalizumab,11.3,1,115.0,336,Not reported,0,Neurological,Intravenous,Yes,1,10.82416786088598,21.14788818359375,0.5013674118066687,0.7223341464996338
molecule,CT0066_A2_003,CT0066,Natalizumab,11.6,1,121.0,336,Not reported,0,Neurological,Intravenous,No,1,8.324683845363749,5.32158899307251,0.3632760328242897,0.31922340393066406
molecule,CT0066_A3_003,CT0066,Natalizumab,17.9,1,28.0,336,Not reported,0,Neurological,Intravenous,Yes,1,7.507756640553036,12.589508056640625,0.4585689924878405,0.48617738485336304
molecule,CT0066_A4_003,CT0066,Natalizumab,9.7,0,93.0,336,Not reported,0,Neurological,Intravenous,No,1,6.082683921039567,5.0421671867370605,0.3354506385767559,0.324148565530777
molecule,CT0068_A2_003,CT0068,Dupilumab,12.24,1,49.0,196,Not reported,0,Inflammation and autoimmunity,Subcutaneous,No,5,5.3473415657267935,3.511080741882324,0.3144231997158517,0.11806447058916092
molecule,CT0068_A3_003,CT0068,Dupilumab,0.0,0,6.0,196,Not reported,0,Inflammation and autoimmunity,Subcutaneous,No,5,18.49469396126063,11.64815902709961,0.38266698824408624,0.285503625869751
molecule,CT0068_A4_003,CT0068,Dupilumab,16.7,1,6.0,196,Not reported,0,Inflammation and autoimmunity,Subcutaneous,No,5,18.05344467102097,10.447032928466797,0.36331781722954687,0.28098201751708984
molecule,CT0069_A1_001,CT0069,Tocilizumab,96.0,1,299.0,441,Not reported,1,Inflammation and autoimmunity,Subcutaneous,Yes,4,21.84931874093783,23.60782241821289,0.7603724979871742,0.7377600073814392
molecule,CT0069_A1_004,CT0069,Tocilizumab,79.0,1,281.0,84,Not reported,1,Inflammation and autoimmunity,Subcutaneous,Yes,4,19.95563800705868,15.431175231933594,0.6833305689277699,0.48155710101127625
molecule,CT0069_A1_005,CT0069,Tocilizumab,76.3,1,274.0,168,Not reported,1,Inflammation and autoimmunity,Subcutaneous,Yes,4,21.14023436791688,19.58607292175293,0.7385285162823368,0.5837958455085754
molecule,CT0069_A2_001,CT0069,Tocilizumab,96.3,1,301.0,441,Not reported,1,Inflammation and autoimmunity,Subcutaneous,No,4,11.420138496983895,23.736526489257812,0.6122133568018922,0.48347893357276917
molecule,CT0069_A2_004,CT0069,Tocilizumab,74.3,1,292.0,84,Not reported,1,Inflammation and autoimmunity,Subcutaneous,No,4,9.013665393823086,12.367774963378906,0.528799812826996,0.3401767611503601
molecule,CT0069_A2_005,CT0069,Tocilizumab,68.6,1,283.0,168,Not reported,1,Inflammation and autoimmunity,Subcutaneous,No,4,9.567286669175244,17.49337387084961,0.5849140442367071,0.4114300310611725
molecule,CT0069_A3_001,CT0069,Tocilizumab,97.4,1,265.0,441,Not reported,1,Inflammation and autoimmunity,Subcutaneous,Yes,4,21.98155782034027,23.99435806274414,0.7628063656972416,0.7265103459358215
molecule,CT0475_A1_002,CT0475,Adalimumab,7.5,0,160.0,14,Platform unclear,0,Inflammation and autoimmunity,Subcutaneous,Yes,3,8.711549377771954,21.677547454833984,0.520730470280334,0.6410053968429565
molecule,CT0069_A3_003,CT0069,Tocilizumab,76.7,1,262.0,210,Not reported,1,Inflammation and autoimmunity,Subcutaneous,Yes,4,22.782082458965366,21.138669967651367,0.7553417499093726,0.623059868812561
molecule,CT0069_A3_004,CT0069,Tocilizumab,80.9,1,246.0,364,Not reported,1,Inflammation and autoimmunity,Subcutaneous,Yes,4,22.26218785523977,23.652345657348633,0.7622298772370192,0.6710695624351501
molecule,CT0069_A3_005,CT0069,Tocilizumab,81.4,1,242.0,385,Not reported,1,Inflammation and autoimmunity,Subcutaneous,Yes,4,22.081650413070918,23.581409454345703,0.760995359102858,0.7045143842697144
molecule,CT0069_A4_001,CT0069,Tocilizumab,97.1,1,137.0,441,Not reported,1,Inflammation and autoimmunity,Subcutaneous,No,4,12.13998122493571,25.386322021484375,0.6157135188614721,0.4267958998680115
molecule,CT0069_A4_003,CT0069,Tocilizumab,73.1,1,134.0,210,Not reported,1,Inflammation and autoimmunity,Subcutaneous,No,4,12.033141061571216,18.542165756225586,0.6089889080119193,0.3608371913433075
molecule,CT0069_A4_004,CT0069,Tocilizumab,76.8,1,125.0,364,Not reported,1,Inflammation and autoimmunity,Subcutaneous,No,4,12.280850489913353,23.30135726928711,0.6088904873167799,0.39684462547302246
molecule,CT0069_A4_005,CT0069,Tocilizumab,82.8,1,122.0,385,Not reported,1,Inflammation and autoimmunity,Subcutaneous,No,4,12.279666456212777,23.882354736328125,0.6064183675755136,0.40955042839050293
molecule,CT0069_A5_001,CT0069,Tocilizumab,94.1,1,135.0,441,Not reported,1,Inflammation and autoimmunity,Subcutaneous,No,4,12.13998122493571,25.2452392578125,0.6140626309488307,0.4150208532810211
molecule,CT0069_A5_003,CT0069,Tocilizumab,65.9,1,132.0,210,Not reported,1,Inflammation and autoimmunity,Subcutaneous,No,4,12.033141061571216,18.137550354003906,0.6089889080119193,0.34446752071380615
molecule,CT0069_A5_004,CT0069,Tocilizumab,61.1,1,126.0,364,Not reported,1,Inflammation and autoimmunity,Subcutaneous,No,4,12.280850489913353,24.135711669921875,0.6120523177338457,0.40519770979881287
molecule,CT0069_A5_005,CT0069,Tocilizumab,77.9,1,122.0,385,Not reported,1,Inflammation and autoimmunity,Subcutaneous,No,4,12.279666456212777,23.882354736328125,0.6064183675755136,0.40955042839050293
molecule,CT0070_A1_001,CT0070,Ravulizumab,0.0,0,23.0,1092,Platform unclear,1,Musculoskeletal,Intravenous,No,5,1.8352548773369914,10.5164155960083,0.3230790420090905,0.37091898918151855
molecule,CT0071_A1_002,CT0071,Infliximab,20.0,1,163.0,113,ELISA,0,Inflammation and autoimmunity,Intravenous,No,5,10.822874990320543,8.617935180664062,0.3674685088487267,0.33347100019454956
molecule,CT0071_A1_003,CT0071,Infliximab,42.2,1,163.0,197,ELISA,0,Inflammation and autoimmunity,Intravenous,No,5,11.194084821610382,9.81954574584961,0.3752286181497717,0.3242720663547516
molecule,CT0071_A1_004,CT0071,Infliximab,53.6,1,163.0,309,ELISA,0,Inflammation and autoimmunity,Intravenous,No,5,11.640387466522213,10.414308547973633,0.37754237202798535,0.33578264713287354
molecule,CT0073_A1_001,CT0073,Cetuximab,3.703703704,0,27.0,21,Not reported,0,Cancer and neoplasms,Intravenous,No,3,4.918840647122034,3.9599874019622803,0.2423490410810554,0.11315476149320602
molecule,CT0074_A1_001,CT0074,Palivizumab,0.0,0,191.0,300,Not reported,1,Non-inflammatory respiratory diseases,Intramuscular,No,5,6.274317181497401,1.7426855564117432,0.41126547701142085,0.05357811599969864
molecule,CT0074_A2_001,CT0074,Palivizumab,0.5,0,188.0,300,Not reported,1,Non-inflammatory respiratory diseases,Intramuscular,No,5,6.285087526888459,1.7598556280136108,0.4062833169337226,0.05537226051092148
molecule,CT0075_A1_001,CT0075,Natalizumab,3.73,0,1043.0,336,Not reported,0,Neurological,Intravenous,No,1,6.315904286577037,3.3710696697235107,0.2277859771291603,0.16270796954631805
molecule,CT0076_A1_002,CT0076,Palivizumab,1.315789474,0,76.0,60,Not reported,1,Infectious diseases,Intramuscular,No,5,1.5848910832930379,1.3137511014938354,0.1303287229601263,0.02608686126768589
molecule,CT0076_A2_002,CT0076,Palivizumab,1.219512195,0,82.0,60,Not reported,1,Infectious diseases,Intramuscular,No,5,1.4990723051975843,1.3111908435821533,0.13320721801761337,0.025980273261666298
molecule,CT0076_A1_003,CT0076,Palivizumab,2.739726027,0,73.0,150,Not reported,1,Infectious diseases,Intramuscular,No,5,1.6647345261971889,1.8529573678970337,0.12445544529377263,0.027439095079898834
molecule,CT0076_A2_003,CT0076,Palivizumab,1.333333333,0,75.0,150,Not reported,1,Infectious diseases,Intramuscular,No,5,1.6483171616968462,1.8748841285705566,0.12445544529377263,0.027383435517549515
molecule,CT0076_A1_004,CT0076,Palivizumab,4.054054054,0,74.0,150,Not reported,1,Infectious diseases,Intramuscular,No,5,1.6483171616968462,1.8475127220153809,0.12445544529377263,0.027456868439912796
molecule,CT0076_A2_004,CT0076,Palivizumab,0.0,0,74.0,150,Not reported,1,Infectious diseases,Intramuscular,No,5,1.6483171616968462,1.8475127220153809,0.12445544529377263,0.027456868439912796
molecule,CT0076_A1_005,CT0076,Palivizumab,4.87804878,0,82.0,150,Not reported,1,Infectious diseases,Intramuscular,No,5,1.5475215776971742,1.8721272945404053,0.12704911625930349,0.027318280190229416
molecule,CT0076_A2_005,CT0076,Palivizumab,2.409638554,0,83.0,150,Not reported,1,Infectious diseases,Intramuscular,No,5,1.5442095599690597,1.87284255027771,0.12704911625930349,0.02710072323679924
molecule,CT0076_A1_007,CT0076,Motavizumab,0.0,0,76.0,60,Not reported,1,Infectious diseases,Intramuscular,No,3,2.60124830212727,2.62134051322937,0.20010722278737536,0.07254625111818314
molecule,CT0076_A2_007,CT0076,Motavizumab,0.0,0,82.0,60,Not reported,1,Infectious diseases,Intramuscular,No,3,2.6163921026206998,2.6380176544189453,0.19970660280915348,0.07407429069280624
molecule,CT0076_A4_002,CT0076,Motavizumab,0.0,0,90.0,60,Not reported,1,Infectious diseases,Intramuscular,No,3,2.563993822022897,2.2885866165161133,0.246994972492746,0.07229927182197571
molecule,CT0076_A1_008,CT0076,Motavizumab,1.36986301369863,0,73.0,150,Not reported,1,Infectious diseases,Intramuscular,No,3,2.7866616742683186,2.7880027294158936,0.2024643673582945,0.07348413020372391
molecule,CT0076_A2_008,CT0076,Motavizumab,1.333333333333333,0,75.0,150,Not reported,1,Infectious diseases,Intramuscular,No,3,2.748936777158879,2.73789119720459,0.20580289137405247,0.07302245497703552
molecule,CT0076_A4_003,CT0076,Motavizumab,0.0,0,84.0,150,Not reported,1,Infectious diseases,Intramuscular,No,3,2.6535304200956253,2.4270880222320557,0.2612125591626367,0.07041490077972412
molecule,CT0076_A1_009,CT0076,Motavizumab,4.0,0,75.0,150,Not reported,1,Infectious diseases,Intramuscular,No,3,2.748936777158879,2.73789119720459,0.20580289137405247,0.07302245497703552
molecule,CT0076_A2_009,CT0076,Motavizumab,1.351351351351351,0,74.0,150,Not reported,1,Infectious diseases,Intramuscular,No,3,2.7725090084807884,2.765178918838501,0.20580289137405247,0.07403483241796494
molecule,CT0076_A4_004,CT0076,Motavizumab,0.0,0,84.0,150,Not reported,1,Infectious diseases,Intramuscular,No,3,2.6535304200956253,2.4270880222320557,0.2612125591626367,0.07041490077972412
molecule,CT0076_A1_010,CT0076,Motavizumab,5.063291139240507,0,79.0,150,Not reported,1,Infectious diseases,Intramuscular,No,3,2.76347256179616,2.782771587371826,0.20540227139583056,0.0753830149769783
molecule,CT0076_A2_010,CT0076,Motavizumab,2.409638554216868,0,83.0,150,Not reported,1,Infectious diseases,Intramuscular,No,3,2.764080577652308,2.800382137298584,0.20712283189165379,0.07605423778295517
molecule,CT0076_A4_005,CT0076,Motavizumab,0.0,0,91.0,150,Not reported,1,Infectious diseases,Intramuscular,No,3,2.6772141543893597,2.482140064239502,0.26919040443997033,0.07496995478868484
molecule,CT0077_A1_001,CT0077,Ranibizumab,2.544529262,0,393.0,360,Not reported,1,Unspecified,Ophthalmic,No,2,17.637372439831314,4.652859687805176,0.3961940629898484,0.21250978112220764
molecule,CT0077_A2_001,CT0077,Ranibizumab,0.0,0,55.0,360,Not reported,1,Unspecified,Ophthalmic,No,2,16.503322244507817,2.7933056354522705,0.34835506538577854,0.14372006058692932
molecule,CT0077_A3_001,CT0077,Ranibizumab,1.388888889,0,72.0,360,Not reported,1,Unspecified,Ophthalmic,No,2,16.622282133171815,2.8613193035125732,0.3494193404917152,0.15436354279518127
molecule,CT0077_A4_001,CT0077,Ranibizumab,0.0,0,50.0,360,Not reported,1,Unspecified,Ophthalmic,No,2,16.475201909095965,2.76466703414917,0.3507246908862889,0.1406552642583847
molecule,CT0077_A1_002,CT0077,Ranibizumab,2.848101266,0,316.0,720,Not reported,1,Unspecified,Ophthalmic,No,2,17.76830568835306,4.729683876037598,0.3899735595252648,0.20590299367904663
molecule,CT0077_A5_001,CT0077,Ranibizumab,0.0,0,45.0,720,Not reported,1,Unspecified,Ophthalmic,No,2,17.098418228906578,2.8770017623901367,0.347655575663165,0.14500479400157928
molecule,CT0077_A3_002,CT0077,Ranibizumab,1.282051282,0,78.0,720,Not reported,1,Unspecified,Ophthalmic,No,2,17.47554133345601,3.037628173828125,0.3447493926845256,0.1630852222442627
molecule,CT0077_A1_003,CT0077,Ranibizumab,0.0,0,42.0,720,Not reported,1,Unspecified,Ophthalmic,No,2,17.093575928683332,2.900318145751953,0.3476696286514834,0.14380313456058502
molecule,CT0078_A1_001,CT0078,Ofatumumab,0.0,0,30.0,1825,Not reported,1,Cancer and neoplasms,Intravenous,No,3,16.03320695051291,8.023746490478516,0.33666592110611987,0.2975727319717407
molecule,CT0078_A2_001,CT0078,Ofatumumab,0.0,0,85.0,1825,Not reported,1,Cancer and neoplasms,Intravenous,No,3,15.178997147220274,6.6006574630737305,0.3495731833690463,0.28201279044151306
molecule,CT0078_A1_002,CT0078,Ofatumumab,0.0,0,8.0,1825,Not reported,1,Cancer and neoplasms,Intravenous,No,3,16.31733189914757,9.930572509765625,0.34444554656543463,0.31718599796295166
molecule,CT0078_A2_002,CT0078,Ofatumumab,0.0,0,33.0,1825,Not reported,1,Cancer and neoplasms,Intravenous,No,3,15.40388369990199,7.581674098968506,0.3400759277592549,0.29596102237701416
molecule,CT0078_A1_003,CT0078,Ofatumumab,0.0,0,7.0,1825,Not reported,1,Cancer and neoplasms,Intravenous,No,3,16.331807952184896,10.192729949951172,0.34444554656543463,0.31761807203292847
molecule,CT0078_A2_003,CT0078,Ofatumumab,0.0,0,24.0,1825,Not reported,1,Cancer and neoplasms,Intravenous,No,3,16.43310258114022,8.355380058288574,0.3449441355118008,0.30105429887771606
molecule,CT0078_A1_004,CT0078,Ofatumumab,0.0,0,3.0,1825,Not reported,1,Cancer and neoplasms,Intravenous,No,3,16.837970892205913,9.702372550964355,0.3367087925341462,0.31659796833992004
molecule,CT0078_A2_004,CT0078,Ofatumumab,0.0,0,11.0,1825,Not reported,1,Cancer and neoplasms,Intravenous,No,3,16.206608176415752,9.671907424926758,0.3485307685327292,0.30748450756073
molecule,CT0079_A1_001,CT0079,Denosumab,0.0,0,31.0,540,Other ligand-binding assay,1,Cancer and neoplasms,Subcutaneous,No,2,8.225395353578026,9.070236206054688,0.4790774510830171,0.31259626150131226
molecule,CT0081_A1_001,CT0081,Panitumumab,0.884955752,0,113.0,651,Multiple platforms,1,Cancer and neoplasms,Intravenous,No,4,3.2393584100091513,5.933826446533203,0.21703111516263968,0.14967837929725647
molecule,CT0082_A1_001,CT0082,Rituximab,0.0,0,131.0,336,Not reported,1,Inflammation and autoimmunity,Intravenous,No,2,15.983241877288313,3.3223352432250977,0.4733944309710127,0.11090011149644852
molecule,CT0082_A1_002,CT0082,Rituximab,5.1,0,118.0,168,Not reported,1,Inflammation and autoimmunity,Intravenous,No,2,12.682101960812039,3.373964786529541,0.4332244977736843,0.11208350211381912
molecule,CT0082_A1_003,CT0082,Rituximab,4.3,0,115.0,336,Not reported,1,Inflammation and autoimmunity,Intravenous,No,2,9.976172960642337,3.03358793258667,0.4393270027809588,0.10711844265460968
molecule,CT0082_A2_001,CT0082,Rituximab,0.9,0,115.0,336,Not reported,1,Inflammation and autoimmunity,Intravenous,No,2,9.976172960642337,3.03358793258667,0.4393270027809588,0.10711844265460968
molecule,CT0082_A2_002,CT0082,Rituximab,7.3,0,109.0,168,Not reported,1,Inflammation and autoimmunity,Intravenous,No,2,10.018721561567444,3.2226920127868652,0.4220425650061008,0.103617362678051
molecule,CT0082_A2_003,CT0082,Rituximab,1.0,0,104.0,336,Not reported,1,Inflammation and autoimmunity,Intravenous,No,2,8.217124696506396,2.9084131717681885,0.4340597113676432,0.10268327593803406
molecule,CT0082_A3_001,CT0082,Rituximab,0.0,0,91.0,336,Not reported,1,Inflammation and autoimmunity,Intravenous,No,2,7.968167522521316,2.611175537109375,0.401727765276942,0.0937708392739296
molecule,CT0082_A3_002,CT0082,Rituximab,2.3,0,86.0,168,Not reported,1,Inflammation and autoimmunity,Intravenous,No,2,9.929262452302224,2.734710931777954,0.38806791175349326,0.09734241664409637
molecule,CT0082_A3_003,CT0082,Rituximab,2.3,0,87.0,336,Not reported,1,Inflammation and autoimmunity,Intravenous,No,2,8.003105669049052,2.5240418910980225,0.3996608433262422,0.09252817183732986
molecule,CT0082_A4_001,CT0082,Rituximab,0.0,0,6.0,336,Not reported,1,Inflammation and autoimmunity,Intravenous,No,2,9.692478379484195,6.60684871673584,0.4201617068672746,0.16696108877658844
molecule,CT0082_A4_002,CT0082,Rituximab,0.0,0,4.0,168,Not reported,1,Inflammation and autoimmunity,Intravenous,No,2,11.26666579179283,7.533632278442383,0.4103715777476214,0.19119925796985626
molecule,CT0082_A4_003,CT0082,Rituximab,25.0,1,4.0,336,Not reported,1,Inflammation and autoimmunity,Intravenous,No,2,9.580741005747832,7.213655948638916,0.414486839274637,0.18168559670448303
molecule,CT0082_A5_001,CT0082,Rituximab,0.0,0,25.0,336,Not reported,1,Inflammation and autoimmunity,Intravenous,No,2,7.301608986809856,2.899862051010132,0.39626983918701886,0.11364119499921799
molecule,CT0082_A5_002,CT0082,Rituximab,0.0,0,24.0,168,Not reported,1,Inflammation and autoimmunity,Intravenous,No,2,9.098694613737601,3.4858529567718506,0.3891096972566171,0.11917641758918762
molecule,CT0082_A5_003,CT0082,Rituximab,0.0,0,22.0,336,Not reported,1,Inflammation and autoimmunity,Intravenous,No,2,7.49980324854985,3.1229944229125977,0.39692923510734995,0.11627985537052155
molecule,CT0083_A1_001,CT0083,Otelixizumab,0.0,0,8.0,1460,ELISA,1,Inflammation and autoimmunity,Intravenous,No,5,12.449021254002782,20.542461395263672,0.4015848057645684,0.3371586799621582
molecule,CT0083_A2_001,CT0083,Otelixizumab,0.0,0,15.0,1460,ELISA,1,Inflammation and autoimmunity,Intravenous,No,5,16.200564802962226,21.841352462768555,0.43717495515823807,0.3593464493751526
molecule,CT0083_A3_001,CT0083,Otelixizumab,5.3,0,19.0,1460,ELISA,1,Inflammation and autoimmunity,Intravenous,No,5,16.574358528410656,21.70448112487793,0.43472180860251075,0.36633700132369995
molecule,CT0083_A4_001,CT0083,Otelixizumab,0.0,0,7.0,1460,ELISA,1,Inflammation and autoimmunity,Intravenous,No,5,16.09256368362156,23.394989013671875,0.44100904824303827,0.3681145906448364
molecule,CT0083_A5_001,CT0083,Otelixizumab,0.0,0,9.0,1460,ELISA,1,Inflammation and autoimmunity,Intravenous,No,5,15.928487849220003,22.49307632446289,0.4398573929265324,0.3583284616470337
molecule,CT0083_A6_001,CT0083,Otelixizumab,33.3,1,6.0,1460,ELISA,1,Inflammation and autoimmunity,Intravenous,No,5,16.280584669599403,24.924564361572266,0.44258458480678975,0.38119807839393616
molecule,CT0083_A7_001,CT0083,Otelixizumab,0.0,0,6.0,1460,ELISA,1,Inflammation and autoimmunity,Intravenous,No,5,16.280584669599403,24.924564361572266,0.44258458480678975,0.38119807839393616
molecule,CT0084_A1_002,CT0084,Ofatumumab,0.0,0,18.0,840,Not reported,0,Cancer and neoplasms,Intravenous,No,3,10.214277376434136,10.031519889831543,0.3552808380603085,0.34113648533821106
molecule,CT0084_A2_002,CT0084,Ofatumumab,0.0,0,21.0,840,Not reported,0,Cancer and neoplasms,Intravenous,No,3,11.169983943813907,10.109062194824219,0.3594361695892634,0.34784799814224243
molecule,CT0084_A1_003,CT0084,Ofatumumab,0.0,0,16.0,990,Not reported,0,Cancer and neoplasms,Intravenous,No,3,10.08401291432929,9.843074798583984,0.3510765439609322,0.34195438027381897
molecule,CT0084_A2_003,CT0084,Ofatumumab,0.0,0,16.0,990,Not reported,0,Cancer and neoplasms,Intravenous,No,3,10.106972673652203,10.373682022094727,0.35358202418773854,0.3485807180404663
molecule,CT0085_A1_001,CT0085,Omalizumab,0.0,0,136.0,168,Not reported,0,Inflammation and autoimmunity,Subcutaneous,No,5,9.718309203220462,6.991941928863525,0.3893064951218921,0.272005558013916
molecule,CT0086_A1_001,CT0086,Denosumab,0.0,0,140.0,180,ECL/MSD,1,Musculoskeletal,Subcutaneous,No,2,9.344906486743252,18.43210220336914,0.5237935878231113,0.43653661012649536
molecule,CT0086_A2_001,CT0086,Denosumab,0.0,0,146.0,180,ECL/MSD,1,Musculoskeletal,Subcutaneous,No,2,9.292161286285472,18.575267791748047,0.5235709068928888,0.4347419738769531
molecule,CT0086_A1_002,CT0086,Denosumab,0.0,0,139.0,360,ECL/MSD,1,Musculoskeletal,Subcutaneous,No,2,10.256972991994285,20.551401138305664,0.5316235904930673,0.4644654095172882
molecule,CT0086_A2_002,CT0086,Denosumab,0.0,0,140.0,360,ECL/MSD,1,Musculoskeletal,Subcutaneous,No,2,10.286492109502257,20.588842391967773,0.5316235904930673,0.46939659118652344
molecule,CT0087_A1_001,CT0087,Natalizumab,11.11,1,108.0,252,Not reported,0,Neurological,Intravenous,No,1,2.8928092042244398,2.821841239929199,0.19789489625277382,0.19250866770744324
molecule,CT0088_A1_001,CT0088,Denosumab,0.045330916,0,2206.0,2555,Not reported,1,Musculoskeletal,Subcutaneous,No,2,9.043449597049811,5.841940402984619,0.4113697511480137,0.19829513132572174
molecule,CT0088_A2_001,CT0088,Denosumab,0.0,0,2343.0,2555,Not reported,1,Musculoskeletal,Subcutaneous,No,2,9.043449597049811,5.96087646484375,0.4113697511480137,0.1991250216960907
molecule,CT0089_A1_002,CT0089,Tanezumab,3.8,0,26.0,28,ECL/MSD,1,Cancer and neoplasms,Intravenous,No,1,2.870683033901037,2.494762659072876,0.253769744698864,0.0784626305103302
molecule,CT0089_A1_003,CT0089,Tanezumab,0.0,0,22.0,42,ECL/MSD,1,Cancer and neoplasms,Intravenous,No,1,2.771722430056272,2.468538522720337,0.2590173735539949,0.07854480296373367
molecule,CT0089_A1_004,CT0089,Tanezumab,0.0,0,11.0,113,ECL/MSD,1,Cancer and neoplasms,Intravenous,No,1,3.058966197738934,2.635138511657715,0.28905770519015056,0.08338877558708191
molecule,CT0089_A1_005,CT0089,Tanezumab,4.3,0,23.0,113,ECL/MSD,1,Cancer and neoplasms,Intravenous,No,1,3.201026553698858,2.7553000450134277,0.2793111380078308,0.07703138887882233
molecule,CT0091_A1_001,CT0091,Tanezumab,0.0,0,33.0,112,ELISA,1,Neurological,Intravenous,No,1,3.502342204431222,2.578627347946167,0.31264747877438726,0.12762945890426636
molecule,CT0091_A2_001,CT0091,Tanezumab,0.0,0,32.0,112,ELISA,1,Neurological,Intravenous,No,1,3.4799929980836026,2.5826575756073,0.31264747877438726,0.12811432778835297
molecule,CT0092_A1_002,CT0092,Obinutuzumab,0.0,0,86.0,1290,ELISA,0,Cancer and neoplasms,Intravenous,No,2,3.4088709393961496,2.276618719100952,0.22725025823802766,0.13641852140426636
molecule,CT0093_A1_001,CT0093,Tanezumab,0.0,0,88.0,112,ELISA,1,Neurological,Intravenous,No,1,3.965167728428195,2.771160125732422,0.3161971990414318,0.11436601728200912
molecule,CT0096_A1_002,CT0096,Tanezumab,0.0,0,32.0,28,ELISA,1,Renal and urogenital,Intravenous,No,1,30.67726092360094,3.2791619300842285,0.3055608858793155,0.1378198117017746
molecule,CT0096_A1_003,CT0096,Tanezumab,0.0,0,30.0,42,ELISA,1,Renal and urogenital,Intravenous,No,1,30.64959993084761,3.2353734970092773,0.30943084942700544,0.14143456518650055
molecule,CT0096_A1_004,CT0096,Tanezumab,0.0,0,28.0,112,ELISA,1,Renal and urogenital,Intravenous,No,1,30.96394260706408,3.3648664951324463,0.3324794071038885,0.14108631014823914
molecule,CT0097_A1_002,CT0097,Ofatumumab,0.0,0,20.0,360,Not reported,1,Cancer and neoplasms,Intravenous,No,3,5.761027903635227,4.559810161590576,0.2750821535630883,0.19009023904800415
molecule,CT0097_A1_003,CT0097,Ofatumumab,0.0,0,16.0,390,Not reported,1,Cancer and neoplasms,Intravenous,No,3,5.769005785793428,4.870020866394043,0.27846957093786967,0.19358843564987183
molecule,CT0097_A1_004,CT0097,Ofatumumab,0.0,0,16.0,420,Not reported,1,Cancer and neoplasms,Intravenous,No,3,5.731846896263248,4.911809921264648,0.2770438504886553,0.19368648529052734
molecule,CT0097_A1_005,CT0097,Ofatumumab,0.0,0,8.0,720,Not reported,1,Cancer and neoplasms,Intravenous,No,3,6.367784211436468,5.6794633865356445,0.2858999364440451,0.20523610711097717
molecule,CT0097_A1_006,CT0097,Ofatumumab,0.0,0,43.0,1800,Not reported,1,Cancer and neoplasms,Intravenous,No,3,6.725598736321057,4.861054420471191,0.2876649194142623,0.2006765604019165
molecule,CT0099_A1_002,CT0099,Panitumumab,5.405405405,0,37.0,249,Other ligand-binding assay,1,Cancer and neoplasms,Intravenous,No,4,10.364307901282835,6.9548139572143555,0.20757472518331946,0.140377476811409
molecule,CT00100_A1_001,CT0100,Reslizumab,3.174603175,0,189.0,1215,ELISA,1,Inflammation and autoimmunity,Intravenous,No,5,7.859687815080685,11.385740280151367,0.2993968942996757,0.44412103295326233
molecule,CT0102_A3_001,CT0102,Raxibacumab,0.0,0,217.0,70,ECL/MSD,1,Healthy Volunteer,Intravenous,No,4,13.829435970671954,21.144180297851562,0.37646485862098883,0.1913982629776001
molecule,CT0102_A4_001,CT0102,Raxibacumab,0.0,0,23.0,70,ECL/MSD,1,Healthy Volunteer,Intravenous,No,4,12.669598365689403,28.811279296875,0.31642885876754256,0.15987935662269592
molecule,CT0103_A1_001,CT0103,Tocilizumab,0.0,0,45.0,1820,Platform unclear,1,Inflammation and autoimmunity,Intravenous,No,4,4.503039196868668,8.300488471984863,0.23850243903196391,0.116560198366642
molecule,CT0103_A2_001,CT0103,Tocilizumab,0.0,0,47.0,1820,Platform unclear,1,Inflammation and autoimmunity,Intravenous,No,4,4.337712322086761,8.15231704711914,0.2310743725973534,0.11188216507434845
molecule,CT0103_A1_002,CT0103,Tocilizumab,0.0,0,45.0,1820,Platform unclear,0,Inflammation and autoimmunity,Intravenous,No,4,5.817629328336526,13.314264297485352,0.27508108123037417,0.19072820246219635
molecule,CT0103_A2_002,CT0103,Tocilizumab,0.0,0,47.0,1820,Platform unclear,0,Inflammation and autoimmunity,Intravenous,No,4,5.618330133362332,12.950239181518555,0.2730007188026835,0.19212226569652557
molecule,CT0104_A1_001,CT0104,Moxetumomab pasudotox,0.0,0,1.0,365,Platform unclear,0,Cancer and neoplasms,Intravenous,No,3,19.22321510826705,19.990732192993164,0.47064144249496365,0.3829260468482971
molecule,CT0104_A2_001,CT0104,Moxetumomab pasudotox,0.0,0,1.0,365,Platform unclear,0,Cancer and neoplasms,Intravenous,No,3,19.22321510826705,19.990732192993164,0.47064144249496365,0.3829260468482971
molecule,CT0104_A3_001,CT0104,Moxetumomab pasudotox,0.0,0,1.0,365,Platform unclear,0,Cancer and neoplasms,Intravenous,No,3,19.22321510826705,19.990732192993164,0.47064144249496365,0.3829260468482971
molecule,CT0104_A3_002,CT0104,Moxetumomab pasudotox,25.0,1,4.0,365,Platform unclear,0,Cancer and neoplasms,Intravenous,No,3,24.626668938494042,45.748226165771484,0.48967821940146355,0.474234014749527
molecule,CT0104_A4_001,CT0104,Moxetumomab pasudotox,25.0,1,4.0,365,Platform unclear,0,Cancer and neoplasms,Intravenous,No,3,19.1803644483667,35.393943786621094,0.4851088631337936,0.4471704363822937
molecule,CT0104_A4_002,CT0104,Moxetumomab pasudotox,20.0,1,5.0,365,Platform unclear,0,Cancer and neoplasms,Intravenous,No,3,24.446834125754755,45.762969970703125,0.4932272415016217,0.4770926237106323
molecule,CT0104_A5_001,CT0104,Moxetumomab pasudotox,12.5,1,8.0,365,Platform unclear,0,Cancer and neoplasms,Intravenous,No,3,23.982040464280836,45.478519439697266,0.49976085850579705,0.46384936571121216
molecule,CT0104_A6_001,CT0104,Moxetumomab pasudotox,9.090909091,0,11.0,365,Platform unclear,0,Cancer and neoplasms,Intravenous,No,3,18.49384975454122,35.274051666259766,0.49098965361550634,0.4375991225242615
molecule,CT0104_A7_001,CT0104,Moxetumomab pasudotox,16.66666667,1,6.0,365,Platform unclear,0,Cancer and neoplasms,Intravenous,No,3,19.01440463562741,35.247764587402344,0.4906329431396276,0.44755178689956665
molecule,CT0104_A7_002,CT0104,Moxetumomab pasudotox,7.142857143,0,14.0,365,Platform unclear,0,Cancer and neoplasms,Intravenous,No,3,18.17644496426019,34.21547317504883,0.49070193321063177,0.4354657828807831
molecule,CT0105_A1_001,CT0105,Tanezumab,0.0,0,15.0,120,ELISA,1,Inflammation and autoimmunity,Intravenous,No,1,4.506193152026959,3.4542899131774902,0.382335308848244,0.15666142106056213
molecule,CT0105_A2_001,CT0105,Tanezumab,0.0,0,15.0,120,ELISA,1,Inflammation and autoimmunity,Intravenous,No,1,4.506193152026959,3.4542899131774902,0.382335308848244,0.15666142106056213
molecule,CT0105_A3_001,CT0105,Tanezumab,0.0,0,15.0,120,ELISA,1,Inflammation and autoimmunity,Intravenous,No,1,4.506193152026959,3.4542899131774902,0.382335308848244,0.15666142106056213
molecule,CT0105_A4_001,CT0105,Tanezumab,0.0,0,16.0,120,ELISA,1,Inflammation and autoimmunity,Intravenous,No,1,4.574709192501481,3.370053768157959,0.382335308848244,0.15446971356868744
molecule,CT0105_A5_001,CT0105,Tanezumab,0.0,0,6.0,120,ELISA,1,Inflammation and autoimmunity,Intravenous,No,1,6.502915623070087,4.829957962036133,0.39137912775917105,0.18638822436332703
molecule,CT0106_A1_001,CT0106,Canakinumab,0.0,0,156.0,730,SPR/Biacore,1,Inflammation and autoimmunity,Subcutaneous,No,3,7.256201229512303,7.576301574707031,0.3933385100864466,0.31387031078338623
molecule,CT0475_A2_002,CT0475,Adalimumab,6.0,0,166.0,14,Platform unclear,0,Inflammation and autoimmunity,Subcutaneous,No,3,6.539530039503909,11.85708236694336,0.3526822415839826,0.3538658916950226
molecule,CT0108_A1_001,CT0108,Infliximab,27.27272727,1,99.0,378,ELISA,1,Inflammation and autoimmunity,Intravenous,No,5,13.785865061797324,5.833435535430908,0.3715681689337706,0.32556164264678955
molecule,CT0108_A2_001,CT0108,Infliximab,23.07692308,1,104.0,378,ELISA,1,Inflammation and autoimmunity,Intravenous,No,5,13.722662147236312,5.502764701843262,0.36074113304669725,0.2977917790412903
molecule,CT0108_A3_001,CT0108,Infliximab,12.5,1,104.0,378,ELISA,1,Inflammation and autoimmunity,Intravenous,No,5,13.349192184552948,5.450732231140137,0.3562243425091089,0.2617304027080536
molecule,CT0109_A1_001,CT0109,Rituximab,50.0,1,4.0,553,Not reported,1,Unspecified,Intravenous,No,2,6.987241815985261,8.794139862060547,0.3386334046093467,0.16343873739242554
molecule,CT0110_A1_001,CT0110,Belimumab,1.394700139,0,717.0,365,Not reported,0,Inflammation and autoimmunity,Intravenous,No,2,10.107731221424144,3.2806921005249023,0.48294989271856453,0.20537522435188293
molecule,CT0110_A1_002,CT0110,Belimumab,4.09,0,684.0,730,Not reported,0,Inflammation and autoimmunity,Intravenous,No,2,10.31815403180777,3.285101890563965,0.45904163288044764,0.2044917643070221
molecule,CT0110_A1_003,CT0110,Belimumab,2.03,0,590.0,1095,Not reported,0,Inflammation and autoimmunity,Intravenous,No,2,10.438184657365738,3.366891384124756,0.452707599217449,0.21108171343803406
molecule,CT0110_A1_004,CT0110,Belimumab,0.796812749,0,502.0,1460,Not reported,0,Inflammation and autoimmunity,Intravenous,No,2,10.417504102442347,3.4854531288146973,0.45664804565540607,0.22329220175743103
molecule,CT0110_A1_005,CT0110,Belimumab,0.0,0,432.0,1825,Not reported,0,Inflammation and autoimmunity,Intravenous,No,2,10.913584031647211,3.594503879547119,0.46392227051843204,0.2377030849456787
molecule,CT0110_A1_006,CT0110,Belimumab,0.0,0,336.0,2190,Not reported,0,Inflammation and autoimmunity,Intravenous,No,2,11.326759105851815,3.8982224464416504,0.48660807392388467,0.2706972062587738
molecule,CT0110_A1_007,CT0110,Belimumab,0.0,0,212.0,2555,Not reported,0,Inflammation and autoimmunity,Intravenous,No,2,11.66417020931079,3.8398375511169434,0.4809489394221556,0.2638484835624695
molecule,CT0110_A1_008,CT0110,Belimumab,0.0,0,64.0,2920,Not reported,0,Inflammation and autoimmunity,Intravenous,No,2,11.27300859273765,5.052848815917969,0.45462516180898943,0.2708783745765686
molecule,CT0110_A1_009,CT0110,Belimumab,0.0,0,6.0,2920,Not reported,0,Inflammation and autoimmunity,Intravenous,No,2,12.068242568959782,14.46849250793457,0.46337255156407364,0.3177148401737213
molecule,CT0111_A1_001,CT0111,Inotuzumab ozogamicin,10.0,1,10.0,224,Not reported,1,Cancer and neoplasms,Intravenous,No,3,4.829454632940788,8.11372184753418,0.23692718115599531,0.17446860671043396
molecule,CT0111_A2_001,CT0111,Inotuzumab ozogamicin,0.0,0,10.0,224,Not reported,1,Cancer and neoplasms,Intravenous,No,3,4.829454632940788,8.11372184753418,0.23692718115599531,0.17446860671043396
molecule,CT0112_A1_001,CT0112,Nivolumab,42.85714286,1,14.0,1530,Platform unclear,1,Cancer and neoplasms,Intravenous,No,1,4.899542899031327,12.32075309753418,0.3851897127468972,0.36646440625190735
molecule,CT0112_A2_001,CT0112,Nivolumab,14.28571429,1,14.0,1530,Platform unclear,1,Cancer and neoplasms,Intravenous,No,1,5.790774018636552,11.584061622619629,0.3805049771201018,0.39292290806770325
molecule,CT0112_A3_001,CT0112,Nivolumab,10.60606061,1,66.0,1530,Platform unclear,1,Cancer and neoplasms,Intravenous,No,1,6.264912154043485,6.535750389099121,0.378421957043023,0.3170625865459442
molecule,CT0112_A4_001,CT0112,Nivolumab,4.347826087,0,46.0,1530,Platform unclear,1,Cancer and neoplasms,Intravenous,No,1,5.526197411316869,7.4722490310668945,0.3632459924015302,0.33415350317955017
molecule,CT0112_A5_001,CT0112,Nivolumab,3.883495146,0,103.0,1530,Platform unclear,1,Cancer and neoplasms,Intravenous,No,1,5.336046824797364,4.62396240234375,0.3451308799950623,0.261089026927948
molecule,CT0113_A1_001,CT0113,Elotuzumab,0.0,0,3.0,3030,Platform unclear,1,Cancer and neoplasms,Intravenous,No,1,4.266421895030121,3.859736919403076,0.17336987327737413,0.07387646287679672
molecule,CT0113_A2_001,CT0113,Elotuzumab,15.38461538,1,39.0,3030,Platform unclear,1,Cancer and neoplasms,Intravenous,No,1,4.40826580599342,3.1689631938934326,0.17064905393431026,0.06510812789201736
molecule,CT0113_A3_001,CT0113,Elotuzumab,8.771929825,0,57.0,3030,Platform unclear,1,Cancer and neoplasms,Intravenous,No,1,4.336478819015196,2.8323588371276855,0.16685626234160889,0.05853607505559921
molecule,CT0114_A1_001,CT0114,Ofatumumab,0.0,0,217.0,336,Not reported,1,Cancer and neoplasms,Intravenous,No,3,6.798131324795674,5.947917938232422,0.39297455151692395,0.3066156208515167
molecule,CT0116_A3_001,CT0116,Brodalumab,16.7,1,6.0,133,Cell-based,1,Inflammation and autoimmunity,Subcutaneous,No,4,7.410998028541479,17.690292358398438,0.5006733097470348,0.4475574493408203
molecule,CT0116_A4_001,CT0116,Brodalumab,0.0,0,6.0,133,Cell-based,1,Inflammation and autoimmunity,Subcutaneous,No,4,7.508038772057545,14.765979766845703,0.48894517178374913,0.4592132270336151
molecule,CT0116_A5_001,CT0116,Brodalumab,16.7,1,6.0,133,Cell-based,1,Inflammation and autoimmunity,Subcutaneous,No,4,7.579563477941906,14.111759185791016,0.4539562742295588,0.4414021670818329
molecule,CT0116_A6_001,CT0116,Brodalumab,0.0,0,6.0,133,Cell-based,1,Inflammation and autoimmunity,Intravenous,No,4,7.907392912029142,13.985332489013672,0.38970709795914305,0.4345942735671997
molecule,CT0116_A7_001,CT0116,Brodalumab,0.0,0,6.0,133,Cell-based,1,Inflammation and autoimmunity,Intravenous,No,4,7.823437267825421,14.244512557983398,0.38631813470229437,0.43557921051979065
molecule,CT0117_A2_001,CT0117,Benralizumab,14.28571429,1,7.0,161,Not reported,1,Inflammation and autoimmunity,Subcutaneous,No,3,9.69105753173006,10.430488586425781,0.3954328033320419,0.1778637319803238
molecule,CT0117_A3_001,CT0117,Benralizumab,16.66666667,1,6.0,161,Not reported,1,Inflammation and autoimmunity,Subcutaneous,No,3,4.515450850491641,8.587133407592773,0.33966603006056817,0.18526439368724823
molecule,CT0117_A4_001,CT0117,Benralizumab,33.33333333,1,6.0,161,Not reported,1,Inflammation and autoimmunity,Subcutaneous,No,3,4.588005804131617,9.229955673217773,0.32875424441814133,0.18647876381874084
molecule,CT0119_A1_001,CT0119,Panitumumab,0.0,0,8.0,285,Other ligand-binding assay,1,Cancer and neoplasms,Intravenous,No,4,11.522130699933395,17.157100677490234,0.21041859234209354,0.23286770284175873
molecule,CT0119_A2_001,CT0119,Panitumumab,7.5,0,40.0,285,Other ligand-binding assay,1,Cancer and neoplasms,Intravenous,No,4,10.840338895172852,11.37609577178955,0.2058991325125351,0.17159722745418549
molecule,CT0119_A3_001,CT0119,Panitumumab,6.818181818,0,44.0,285,Other ligand-binding assay,1,Cancer and neoplasms,Intravenous,No,4,10.890394257187591,11.069863319396973,0.1991513366481291,0.16980397701263428
molecule,CT0119_A4_001,CT0119,Panitumumab,9.302325581,0,43.0,285,Other ligand-binding assay,1,Cancer and neoplasms,Intravenous,No,4,10.887430270634123,11.162027359008789,0.20163104211444544,0.17160387337207794
molecule,CT0120_A1_001,CT0120,Ofatumumab,0.0,0,17.0,1034,Not reported,1,Cancer and neoplasms,Intravenous,No,3,5.646985031833052,5.8802924156188965,0.31131484031110934,0.2529592216014862
molecule,CT0120_A2_001,CT0120,Ofatumumab,0.0,0,11.0,1034,Not reported,1,Cancer and neoplasms,Intravenous,No,3,5.925055767513952,6.572916030883789,0.30758188380320506,0.2541287839412689
molecule,CT0120_A3_001,CT0120,Ofatumumab,0.0,0,1.0,1034,Not reported,1,Cancer and neoplasms,Intravenous,No,3,6.863346709866584,2.792288303375244,0.3005593608091939,0.23139357566833496
molecule,CT0369_A2_001,CT0369,Adalimumab,5.5,0,362.0,0,ECL/MSD,0,Inflammation and autoimmunity,Subcutaneous,No,3,7.288584611843965,6.371110916137695,0.3094488934202528,0.22729448974132538
molecule,CT0122_A1_002,CT0122,Tanezumab,0.9,0,541.0,112,ELISA,1,Inflammation and autoimmunity,Intravenous,No,1,33.71025142742687,6.334632396697998,0.4083723207188138,0.22910954058170319
molecule,CT0122_A2_002,CT0122,Tanezumab,0.6,0,542.0,112,ELISA,1,Inflammation and autoimmunity,Intravenous,No,1,33.46365031282638,5.813066482543945,0.40067844794785723,0.21002791821956635
molecule,CT0122_A3_002,CT0122,Tanezumab,0.7,0,536.0,112,ELISA,1,Inflammation and autoimmunity,Intravenous,No,1,33.71025142742687,6.349529266357422,0.4083723207188138,0.22846345603466034
molecule,CT0122_A4_002,CT0122,Tanezumab,0.0,0,542.0,112,ELISA,1,Inflammation and autoimmunity,Intravenous,No,1,33.46365031282638,5.813066482543945,0.40067844794785723,0.21002791821956635
molecule,CT0122_A1_003,CT0122,Tanezumab,0.7,0,541.0,168,ELISA,1,Inflammation and autoimmunity,Intravenous,No,1,33.60731944982344,6.26094913482666,0.41140330964956806,0.22547003626823425
molecule,CT0122_A2_003,CT0122,Tanezumab,0.4,0,542.0,168,ELISA,1,Inflammation and autoimmunity,Intravenous,No,1,33.32036029211711,5.696666717529297,0.40370943687861155,0.2087954729795456
molecule,CT0122_A3_003,CT0122,Tanezumab,0.2,0,536.0,168,ELISA,1,Inflammation and autoimmunity,Intravenous,No,1,33.60731944982344,6.336498260498047,0.41140330964956806,0.2232319414615631
molecule,CT0122_A4_003,CT0122,Tanezumab,0.2,0,542.0,168,ELISA,1,Inflammation and autoimmunity,Intravenous,No,1,33.32036029211711,5.696666717529297,0.40370943687861155,0.2087954729795456
molecule,CT0122_A1_004,CT0122,Tanezumab,0.4,0,541.0,280,ELISA,1,Inflammation and autoimmunity,Intravenous,No,1,34.23700883453556,6.20772647857666,0.41774650233790356,0.2232009768486023
molecule,CT0122_A2_004,CT0122,Tanezumab,0.4,0,542.0,280,ELISA,1,Inflammation and autoimmunity,Intravenous,No,1,33.95856050535538,5.571655750274658,0.4131412517994631,0.20655180513858795
molecule,CT0122_A3_004,CT0122,Tanezumab,0.9,0,536.0,280,ELISA,1,Inflammation and autoimmunity,Intravenous,No,1,34.23700883453556,6.067300796508789,0.41774650233790356,0.22520683705806732
molecule,CT0122_A4_004,CT0122,Tanezumab,0.4,0,542.0,280,ELISA,1,Inflammation and autoimmunity,Intravenous,No,1,33.95856050535538,5.571655750274658,0.4131412517994631,0.20655180513858795
molecule,CT0122_A1_005,CT0122,Tanezumab,0.6,0,541.0,392,ELISA,1,Inflammation and autoimmunity,Intravenous,No,1,34.85147334813807,6.07877779006958,0.4123724031078205,0.21893899142742157
molecule,CT0122_A2_005,CT0122,Tanezumab,0.4,0,542.0,392,ELISA,1,Inflammation and autoimmunity,Intravenous,No,1,34.571802796735675,5.504542827606201,0.40776715256938006,0.2045045793056488
molecule,CT0122_A3_005,CT0122,Tanezumab,0.2,0,536.0,392,ELISA,1,Inflammation and autoimmunity,Intravenous,No,1,34.85147334813807,6.036761283874512,0.4123724031078205,0.22031162679195404
molecule,CT0122_A4_005,CT0122,Tanezumab,0.4,0,542.0,392,ELISA,1,Inflammation and autoimmunity,Intravenous,No,1,34.571802796735675,5.504542827606201,0.40776715256938006,0.2045045793056488
molecule,CT0309_A2_001,CT0309,Adalimumab,31.2,1,199.0,28,Not reported,1,Inflammation and autoimmunity,Subcutaneous,No,3,20.162897147203275,10.014013290405273,0.42825429597156917,0.4952594041824341
molecule,CT0123_A1_002,CT0123,Tanezumab,0.2,0,421.0,112,ELISA,1,Inflammation and autoimmunity,Intravenous,No,1,4.9838739637350935,3.9834775924682617,0.43556755209873727,0.16622348129749298
molecule,CT0123_A2_002,CT0123,Tanezumab,0.1,0,675.0,112,ELISA,1,Inflammation and autoimmunity,Intravenous,No,1,4.704574583061277,3.8712761402130127,0.42426512843643743,0.17875230312347412
molecule,CT0123_A3_002,CT0123,Tanezumab,0.6,0,636.0,112,ELISA,1,Inflammation and autoimmunity,Intravenous,No,1,4.698357589772381,3.555530071258545,0.42750600135114686,0.16392120718955994
molecule,CT0123_A1_003,CT0123,Tanezumab,0.0,0,351.0,168,ELISA,1,Inflammation and autoimmunity,Intravenous,No,1,5.065418861537599,4.043877601623535,0.46145433136526803,0.16649308800697327
molecule,CT0123_A2_003,CT0123,Tanezumab,0.2,0,531.0,168,ELISA,1,Inflammation and autoimmunity,Intravenous,No,1,4.788200755475565,3.761096477508545,0.4483024632834931,0.17578378319740295
molecule,CT0123_A3_003,CT0123,Tanezumab,0.6,0,472.0,168,ELISA,1,Inflammation and autoimmunity,Intravenous,No,1,4.790941105641219,3.45794939994812,0.4457158091861859,0.16679418087005615
molecule,CT0123_A1_004,CT0123,Tanezumab,0.5,0,197.0,280,ELISA,1,Inflammation and autoimmunity,Intravenous,No,1,5.853836289360601,4.269796371459961,0.47274123305256166,0.17325875163078308
molecule,CT0123_A2_004,CT0123,Tanezumab,0.0,0,237.0,280,ELISA,1,Inflammation and autoimmunity,Intravenous,No,1,5.439160044522068,3.8391146659851074,0.46053504936073797,0.17148616909980774
molecule,CT0123_A3_004,CT0123,Tanezumab,0.0,0,200.0,280,ELISA,1,Inflammation and autoimmunity,Intravenous,No,1,5.544860577506785,3.528203248977661,0.4681182494123422,0.1600683033466339
molecule,CT0123_A1_005,CT0123,Tanezumab,3.4,0,59.0,392,ELISA,1,Inflammation and autoimmunity,Intravenous,No,1,5.2319014063842815,4.342360973358154,0.44931269880957825,0.19694657623767853
molecule,CT0123_A2_005,CT0123,Tanezumab,0.0,0,63.0,392,ELISA,1,Inflammation and autoimmunity,Intravenous,No,1,5.075407205205236,3.927136182785034,0.438167536024269,0.18636271357536316
molecule,CT0123_A3_005,CT0123,Tanezumab,2.2,0,45.0,392,ELISA,1,Inflammation and autoimmunity,Intravenous,No,1,4.379623803369704,3.2262368202209473,0.4385357569217973,0.16873754560947418
molecule,CT0123_A1_006,CT0123,Tanezumab,0.0,0,3.0,784,ELISA,1,Inflammation and autoimmunity,Intravenous,No,1,9.57493351385424,5.462151050567627,0.4559934562304544,0.22227725386619568
molecule,CT0123_A2_006,CT0123,Tanezumab,0.0,0,5.0,784,ELISA,1,Inflammation and autoimmunity,Intravenous,No,1,9.17555578816402,7.155625820159912,0.45510324889895143,0.2371113896369934
molecule,CT0123_A3_006,CT0123,Tanezumab,0.0,0,1.0,784,ELISA,1,Inflammation and autoimmunity,Intravenous,No,1,9.145512443502408,1.1837248802185059,0.43844267947281357,0.07110302150249481
molecule,CT0123_A1_007,CT0123,Tanezumab,0.5,0,402.0,784,ELISA,1,Inflammation and autoimmunity,Intravenous,No,1,6.379182258946774,4.281978607177734,0.4476000436860153,0.1946553736925125
molecule,CT0123_A2_007,CT0123,Tanezumab,0.3,0,641.0,784,ELISA,1,Inflammation and autoimmunity,Intravenous,No,1,5.779875850310023,3.99609375,0.43319172882972995,0.2044246792793274
molecule,CT0123_A3_007,CT0123,Tanezumab,0.8,0,605.0,784,ELISA,1,Inflammation and autoimmunity,Intravenous,No,1,5.809627819238641,3.7322793006896973,0.43672041873850154,0.18985199928283691
molecule,CT0124_A1_001,CT0124,Ofatumumab,9.090909091,0,11.0,1825,Not reported,1,Cancer and neoplasms,Intravenous,No,3,7.057094582387552,6.016923904418945,0.28943053363504684,0.21398478746414185
molecule,CT0124_A2_001,CT0124,Ofatumumab,20.0,1,20.0,1825,Not reported,1,Cancer and neoplasms,Intravenous,No,3,6.904913481990241,5.890588283538818,0.289055834899158,0.21384099125862122
molecule,CT0295_A1_001,CT0295,Tocilizumab,7.216494845,0,97.0,7,Platform unclear,1,Inflammation and autoimmunity,Subcutaneous,No,4,7.349844914843089,7.422247409820557,0.4165718040869785,0.248695507645607
molecule,CT0127_A1_001,CT0127,Ofatumumab,4.469273743,0,179.0,1825,Not reported,0,Cancer and neoplasms,Intravenous,No,3,10.14228923213933,7.1849565505981445,0.34335973577768414,0.3137458264827728
molecule,CT0127_A1_003,CT0127,Ofatumumab,0.0,0,148.0,30,Not reported,0,Cancer and neoplasms,Intravenous,No,3,11.42749360745954,5.620167255401611,0.33761165004867244,0.3182603120803833
molecule,CT0127_A1_004,CT0127,Ofatumumab,1.538461538,0,130.0,180,Not reported,0,Cancer and neoplasms,Intravenous,No,3,10.455809859691328,6.084221363067627,0.3402575429959604,0.3131527900695801
molecule,CT0127_A1_005,CT0127,Ofatumumab,0.0,0,2.0,900,Not reported,0,Cancer and neoplasms,Intravenous,No,3,11.862066209328475,8.003435134887695,0.34275908008956046,0.2982952892780304
molecule,CT0128_A1_003,CT0128,Tanezumab,0.0,0,27.0,42,ELISA,1,Inflammation and autoimmunity,Intravenous,No,1,4.00375797325245,2.755577802658081,0.33517350581423755,0.14471577107906342
molecule,CT0128_A1_004,CT0128,Tanezumab,0.0,0,28.0,112,ELISA,1,Inflammation and autoimmunity,Intravenous,No,1,4.163187418889335,3.0662147998809814,0.37302084074374686,0.14630910754203796
molecule,CT0129_A1_002,CT0129,Tanezumab,0.5,0,206.0,56,Platform unclear,1,Inflammation and autoimmunity,Intravenous,No,1,6.037470520949154,3.3175106048583984,0.38692961555991806,0.11381564289331436
molecule,CT0129_A2_002,CT0129,Tanezumab,0.0,0,208.0,56,Platform unclear,1,Inflammation and autoimmunity,Intravenous,No,1,4.314539555782507,2.5972652435302734,0.3581311841726088,0.09885221719741821
molecule,CT0129_A1_003,CT0129,Tanezumab,0.0,0,206.0,112,Platform unclear,1,Inflammation and autoimmunity,Intravenous,No,1,5.949655922668847,3.498267650604248,0.40819044100583773,0.11518842726945877
molecule,CT0129_A2_003,CT0129,Tanezumab,0.0,0,208.0,112,Platform unclear,1,Inflammation and autoimmunity,Intravenous,No,1,4.324967931920681,2.721956968307495,0.3856381791136245,0.1024864912033081
molecule,CT0129_A1_004,CT0129,Tanezumab,0.5,0,206.0,168,Platform unclear,1,Inflammation and autoimmunity,Intravenous,No,1,6.005990035654675,3.6797146797180176,0.415956904995432,0.11461054533720016
molecule,CT0129_A2_004,CT0129,Tanezumab,0.5,0,208.0,168,Platform unclear,1,Inflammation and autoimmunity,Intravenous,No,1,4.400708099575577,2.863412618637085,0.394137192081285,0.10181081295013428
molecule,CT0130_A1_001,CT0130,Necitumumab,9.523809524,0,42.0,900,Not reported,0,Cancer and neoplasms,Intravenous,No,1,3.3880970868693225,5.97291374206543,0.1704170631176737,0.32460159063339233
molecule,CT0131_A1_002,CT0131,Tanezumab,0.5,0,211.0,56,Platform unclear,1,Inflammation and autoimmunity,Intravenous,No,1,6.037470520949154,3.2749035358428955,0.38692961555991806,0.11511638015508652
molecule,CT0131_A2_002,CT0131,Tanezumab,0.0,0,209.0,56,Platform unclear,1,Inflammation and autoimmunity,Intravenous,No,1,4.314539555782507,2.5698161125183105,0.3581311841726088,0.09963557124137878
molecule,CT0131_A1_003,CT0131,Tanezumab,0.0,0,211.0,112,Platform unclear,1,Inflammation and autoimmunity,Intravenous,No,1,5.949655922668847,3.481384038925171,0.40819044100583773,0.11709515005350113
molecule,CT0131_A2_003,CT0131,Tanezumab,0.0,0,209.0,112,Platform unclear,1,Inflammation and autoimmunity,Intravenous,No,1,4.324967931920681,2.790477752685547,0.3856381791136245,0.10211986303329468
molecule,CT0131_A1_004,CT0131,Tanezumab,0.0,0,211.0,168,Platform unclear,1,Inflammation and autoimmunity,Intravenous,No,1,6.005990035654675,3.62104868888855,0.415956904995432,0.11461953073740005
molecule,CT0131_A2_004,CT0131,Tanezumab,0.0,0,209.0,168,Platform unclear,1,Inflammation and autoimmunity,Intravenous,No,1,4.400708099575577,2.8207504749298096,0.394137192081285,0.10015471279621124
molecule,CT0132_A1_002,CT0132,Tanezumab,1.8,0,55.0,56,ELISA,1,Inflammation and autoimmunity,Intravenous,No,1,4.196675212877275,2.900407314300537,0.3303670457714705,0.13758300244808197
molecule,CT0132_A2_002,CT0132,Tanezumab,0.0,0,55.0,56,ELISA,1,Inflammation and autoimmunity,Intravenous,No,1,3.730205108522696,2.371847629547119,0.3245072585467014,0.1236177384853363
molecule,CT0132_A1_003,CT0132,Tanezumab,0.0,0,29.0,112,ELISA,1,Inflammation and autoimmunity,Intravenous,No,1,4.129018291199653,3.0922861099243164,0.37463205893489204,0.14888115227222443
molecule,CT0132_A2_003,CT0132,Tanezumab,0.0,0,33.0,112,ELISA,1,Inflammation and autoimmunity,Intravenous,No,1,4.079845225373388,2.9779539108276367,0.3685403794535077,0.14699937403202057
molecule,CT0132_A1_004,CT0132,Tanezumab,3.6,0,55.0,168,ELISA,1,Inflammation and autoimmunity,Intravenous,No,1,4.052838959616893,2.6687369346618652,0.3882500143322003,0.13270115852355957
molecule,CT0132_A2_004,CT0132,Tanezumab,0.0,0,51.0,168,ELISA,1,Inflammation and autoimmunity,Intravenous,No,1,4.420399747080635,3.2149860858917236,0.3798666496451554,0.14577816426753998
molecule,CT0132_A1_005,CT0132,Tanezumab,0.0,0,6.0,224,ELISA,1,Inflammation and autoimmunity,Intravenous,No,1,8.207942693178483,5.474476337432861,0.4293608175843843,0.1918409764766693
molecule,CT0132_A2_005,CT0132,Tanezumab,0.0,0,8.0,224,ELISA,1,Inflammation and autoimmunity,Intravenous,No,1,5.528913456457182,3.2387161254882812,0.42541740453932125,0.16460508108139038
molecule,CT0133_A1_001,CT0133,Omalizumab,0.0,0,23.0,112,ELISA,1,Inflammation and autoimmunity,Subcutaneous,No,5,15.305823673090241,19.311979293823242,0.40419472342702134,0.27990639209747314
molecule,CT0133_A2_001,CT0133,Omalizumab,0.0,0,25.0,112,ELISA,1,Inflammation and autoimmunity,Subcutaneous,No,5,14.048187924912993,18.922588348388672,0.40419472342702134,0.2728896141052246
molecule,CT0133_A3_001,CT0133,Omalizumab,0.0,0,21.0,112,ELISA,1,Inflammation and autoimmunity,Subcutaneous,No,5,15.2798903397569,19.695682525634766,0.40419472342702134,0.2799588739871979
molecule,CT0134_A1_001,CT0134,Daclizumab,4.142011834,0,169.0,509,Platform unclear,1,Neurological,Subcutaneous,No,1,10.503911524007435,11.469221115112305,0.4973090612107623,0.5006313323974609
molecule,CT0134_A2_001,CT0134,Daclizumab,12.28070175,1,171.0,509,Platform unclear,1,Neurological,Subcutaneous,No,1,10.503911524007435,11.801071166992188,0.4973090612107623,0.5141484141349792
molecule,CT0134_A3_001,CT0134,Daclizumab,1.764705882,0,170.0,509,Platform unclear,1,Neurological,Subcutaneous,No,1,10.503911524007435,11.275455474853516,0.4973090612107623,0.49760153889656067
molecule,CT0135_A2_001,CT0135,Tralokinumab,0.0,0,47.0,169,Not reported,1,Inflammation and autoimmunity,Subcutaneous,No,4,10.261908670888134,5.357771873474121,0.4794426484363399,0.19042406976222992
molecule,CT0135_A3_001,CT0135,Tralokinumab,0.0,0,49.0,169,Not reported,1,Inflammation and autoimmunity,Subcutaneous,No,4,6.712097875406606,3.318000316619873,0.34182364137501625,0.17828749120235443
molecule,CT0135_A4_001,CT0135,Tralokinumab,0.0,0,47.0,169,Not reported,1,Inflammation and autoimmunity,Subcutaneous,No,4,6.1771699811523,3.1716856956481934,0.335487116527867,0.17806300520896912
molecule,CT0469_A1_002,CT0469,Adalimumab,81.3,1,32.0,28,Platform unclear,1,Inflammation and autoimmunity,Subcutaneous,Yes,3,7.943937001254765,6.316385746002197,0.383579584166376,0.2520628869533539
molecule,CT0136_A1_002,CT0136,Tanezumab,0.0,0,173.0,56,ELISA,1,Neurological,Intravenous,No,1,5.663099823223178,2.9334259033203125,0.3349680668118238,0.10881395637989044
molecule,CT0136_A2_002,CT0136,Tanezumab,0.0,0,204.0,56,ELISA,1,Neurological,Intravenous,No,1,4.609681459957443,2.321805715560913,0.3195152884859862,0.09269643574953079
molecule,CT0136_A3_002,CT0136,Tanezumab,0.0,0,209.0,56,ELISA,1,Neurological,Intravenous,No,1,4.571199242695614,2.1112701892852783,0.31094028988751665,0.08429253846406937
molecule,CT0136_A1_003,CT0136,Tanezumab,0.0,0,135.0,112,ELISA,1,Neurological,Intravenous,No,1,6.530760125103142,3.0678200721740723,0.34196006980922405,0.10945139825344086
molecule,CT0136_A2_003,CT0136,Tanezumab,0.6,0,167.0,112,ELISA,1,Neurological,Intravenous,No,1,4.9997833043664945,2.5389091968536377,0.33250888104606685,0.09582910686731339
molecule,CT0136_A3_003,CT0136,Tanezumab,0.6,0,170.0,112,ELISA,1,Neurological,Intravenous,No,1,4.946785575617411,2.3384146690368652,0.32393388244759747,0.08990119397640228
molecule,CT0136_A1_004,CT0136,Tanezumab,0.0,0,54.0,168,ELISA,1,Neurological,Intravenous,No,1,4.276610031398761,2.6485626697540283,0.32153559289933087,0.12159304320812225
molecule,CT0136_A2_004,CT0136,Tanezumab,1.2,0,81.0,168,ELISA,1,Neurological,Intravenous,No,1,4.182607889317087,2.3724851608276367,0.3447770208251883,0.10494237393140793
molecule,CT0136_A3_004,CT0136,Tanezumab,1.3,0,80.0,168,ELISA,1,Neurological,Intravenous,No,1,4.007850555462293,2.198054313659668,0.33425078624485643,0.0970539003610611
molecule,CT0137_A1_001,CT0137,Canakinumab,0.0,0,123.0,1015,Not reported,1,Inflammation and autoimmunity,Subcutaneous,No,3,6.820309106691131,5.142117023468018,0.39076951509661134,0.29323872923851013
molecule,CT0137_A2_001,CT0137,Canakinumab,0.0,0,147.0,1897,Not reported,1,Inflammation and autoimmunity,Subcutaneous,No,3,16.396356704233686,6.150586128234863,0.42527640759566165,0.3045833706855774
molecule,CT0139_A1_001,CT0139,Ramucirumab,3.1,0,32.0,180,Platform unclear,1,Cancer and neoplasms,Intravenous,No,3,4.782285652440989,3.6068029403686523,0.3113029133964012,0.1358223706483841
molecule,CT0139_A2_001,CT0139,Olaratumab,0.0,0,26.0,180,Platform unclear,1,Cancer and neoplasms,Intravenous,No,5,2.955613469651324,2.3344147205352783,0.1523306970686658,0.042016785591840744
molecule,CT0140_A1_001,CT0140,Olaratumab,1.8,0,57.0,1050,Platform unclear,1,Cancer and neoplasms,Intravenous,No,5,3.758295319142196,4.71730899810791,0.18586543826120774,0.06408783048391342
molecule,CT0140_A2_001,CT0140,Olaratumab,0.0,0,20.0,1050,Platform unclear,1,Cancer and neoplasms,Intravenous,No,5,3.1427154030022524,4.55803108215332,0.21113910561899854,0.05850543826818466
molecule,CT0141_A1_001,CT0141,Olaratumab,4.4,0,45.0,1290,Platform unclear,1,Cancer and neoplasms,Intravenous,No,5,3.5142545145733646,4.334170818328857,0.1842303263228502,0.06212043762207031
molecule,CT0141_A2_001,CT0141,Olaratumab,0.0,0,4.0,1290,Platform unclear,1,Cancer and neoplasms,Intravenous,No,5,2.847274035194634,5.846625328063965,0.2141679244652264,0.09017623960971832
molecule,CT0142_A1_001,CT0142,Ipilimumab,0.0,0,34.0,336,ECL/MSD,0,Cancer and neoplasms,Intravenous,No,5,11.943884422940597,13.89041519165039,0.5217875139288458,0.3917045593261719
molecule,CT0142_A2_001,CT0142,Ipilimumab,6.0,0,36.0,336,ECL/MSD,0,Cancer and neoplasms,Intravenous,No,5,11.95677787303032,13.794866561889648,0.5192585991904214,0.3914864957332611
molecule,CT0143_A1_002,CT0143,Tanezumab,1.5,0,269.0,56,ELISA,1,Neurological,Intravenous,No,1,5.664151187361833,2.7626233100891113,0.3369396206779634,0.13652591407299042
molecule,CT0143_A2_002,CT0143,Tanezumab,0.2,0,435.0,56,ELISA,1,Neurological,Intravenous,No,1,5.479530250923343,2.921318769454956,0.34830466222762974,0.14597424864768982
molecule,CT0143_A1_003,CT0143,Tanezumab,2.0,0,153.0,168,ELISA,1,Neurological,Intravenous,No,1,5.565519240609697,3.060304641723633,0.35649353052696514,0.12924550473690033
molecule,CT0143_A2_003,CT0143,Tanezumab,0.4,0,252.0,168,ELISA,1,Neurological,Intravenous,No,1,5.560822759103567,3.0147624015808105,0.3562787238753115,0.1384671926498413
molecule,CT0143_A1_004,CT0143,Tanezumab,0.0,0,7.0,280,ELISA,1,Neurological,Intravenous,No,1,4.1526319573623605,4.5532026290893555,0.37294527686445306,0.17070472240447998
molecule,CT0143_A2_004,CT0143,Tanezumab,0.0,0,48.0,280,ELISA,1,Neurological,Intravenous,No,1,4.515263918952404,2.738565683364868,0.36044134327530525,0.13865973055362701
molecule,CT0143_A1_005,CT0143,Tanezumab,0.4,0,237.0,392,ELISA,1,Neurological,Intravenous,No,1,5.751818128836343,3.326113700866699,0.3687012398715191,0.15907707810401917
molecule,CT0143_A2_005,CT0143,Tanezumab,0.3,0,396.0,392,ELISA,1,Neurological,Intravenous,No,1,6.430840559219415,3.348341464996338,0.3873113354312273,0.17497004568576813
molecule,CT0144_A1_001,CT0144,Tositumomab,6.25,0,32.0,730,ELISA,1,Cancer and neoplasms,Intravenous,No,4,5.877026506243252,3.9049201011657715,0.27553145509805577,0.141073539853096
molecule,CT0145_A1_001,CT0145,Trastuzumab,3.370786517,0,89.0,1015,Not reported,1,Cancer and neoplasms,Intravenous,No,4,3.4607487629224543,4.718622207641602,0.24054843888399227,0.18177670240402222
molecule,CT0145_A1_002,CT0145,Trastuzumab,3.797468354,0,79.0,1015,Not reported,1,Cancer and neoplasms,Intravenous,No,4,3.481570345871115,4.678927421569824,0.22868354743601818,0.1810077577829361
molecule,CT0146_A1_001,CT0146,Trastuzumab,0.0,0,47.0,365,ELISA,1,Cancer and neoplasms,Intravenous,No,4,3.9640627798281276,4.6424736976623535,0.20871016930043224,0.15818464756011963
molecule,CT0147_A1_001,CT0147,Trastuzumab,10.13,1,296.0,2646,Not reported,0,Cancer and neoplasms,Intravenous,No,4,4.396313518536742,8.487470626831055,0.3211669649939865,0.3961312770843506
molecule,CT0147_A2_001,CT0147,Trastuzumab,15.93,1,295.0,2646,Not reported,0,Cancer and neoplasms,Subcutaneous,No,4,8.243349078225906,9.3423433303833,0.4257836588358758,0.43091681599617004
molecule,CT0148_A1_001,CT0148,Tositumomab,9.756097561,0,41.0,3750,Platform unclear,1,Cancer and neoplasms,Intravenous,No,4,7.381458000803209,4.99399471282959,0.2882788404506867,0.13909010589122772
molecule,CT0149_A2_001,CT0149,Ixekizumab,14.3,1,35.0,112,Platform unclear,1,Inflammation and autoimmunity,Subcutaneous,No,4,8.961480935666609,20.794498443603516,0.5390446763051894,0.56641685962677
molecule,CT0149_A3_001,CT0149,Ixekizumab,8.8,0,34.0,112,Platform unclear,1,Inflammation and autoimmunity,Subcutaneous,No,4,8.827520729140787,18.50271987915039,0.5229553603919719,0.5323852896690369
molecule,CT0149_A4_001,CT0149,Ixekizumab,8.6,0,35.0,112,Platform unclear,1,Inflammation and autoimmunity,Subcutaneous,No,4,9.231009482515713,20.307342529296875,0.5317772989782567,0.5539244413375854
molecule,CT0149_A5_001,CT0149,Ixekizumab,16.3,1,49.0,112,Platform unclear,1,Inflammation and autoimmunity,Subcutaneous,No,4,9.443096754833306,16.59090805053711,0.5334789052289696,0.5298221111297607
molecule,CT0149_A6_001,CT0149,Ixekizumab,15.2,1,33.0,112,Platform unclear,1,Inflammation and autoimmunity,Subcutaneous,No,4,7.881776353241289,19.320261001586914,0.4500405561975738,0.5370107889175415
molecule,CT0149_A8_001,CT0149,Ixekizumab,10.5,1,57.0,112,Platform unclear,1,Inflammation and autoimmunity,Subcutaneous,No,4,9.456280728388542,15.529991149902344,0.5315637062248342,0.5292384624481201
molecule,CT0149_A9_001,CT0149,Ixekizumab,13.7,1,51.0,112,Platform unclear,1,Inflammation and autoimmunity,Subcutaneous,No,4,7.393209074327486,14.991161346435547,0.439892287748036,0.5162463188171387
molecule,CT0149_A2_002,CT0149,Ixekizumab,0.0,0,32.0,504,Platform unclear,1,Inflammation and autoimmunity,Subcutaneous,No,4,10.194403555898697,21.839773178100586,0.5573542009542063,0.5395658016204834
molecule,CT0149_A3_002,CT0149,Ixekizumab,3.6,0,28.0,504,Platform unclear,1,Inflammation and autoimmunity,Subcutaneous,No,4,10.80941287211489,23.8133544921875,0.5540570216408868,0.5441463589668274
molecule,CT0149_A4_002,CT0149,Ixekizumab,0.0,0,30.0,504,Platform unclear,1,Inflammation and autoimmunity,Subcutaneous,No,4,10.617978146001152,22.817535400390625,0.5550678085626889,0.5362236499786377
molecule,CT0149_A5_002,CT0149,Ixekizumab,2.5,0,40.0,504,Platform unclear,1,Inflammation and autoimmunity,Subcutaneous,No,4,8.764211508009017,20.466524124145508,0.5533640309534827,0.5380372405052185
molecule,CT0149_A6_002,CT0149,Ixekizumab,3.8,0,26.0,504,Platform unclear,1,Inflammation and autoimmunity,Subcutaneous,No,4,10.836721556654151,24.43094253540039,0.553037813162662,0.5446664690971375
molecule,CT0149_A8_002,CT0149,Ixekizumab,0.0,0,41.0,504,Platform unclear,1,Inflammation and autoimmunity,Subcutaneous,No,4,8.750710230868917,19.971412658691406,0.5519141215068094,0.5331643223762512
molecule,CT0149_A9_002,CT0149,Ixekizumab,9.1,0,33.0,504,Platform unclear,1,Inflammation and autoimmunity,Subcutaneous,No,4,9.744063746162535,21.369415283203125,0.5594729237550473,0.5450177788734436
molecule,CT0150_A1_001,CT0150,Necitumumab,15.34090909,1,528.0,930,Not reported,1,Cancer and neoplasms,Intravenous,No,1,5.227646004627788,6.096170425415039,0.28177653530643704,0.42126914858818054
molecule,CT0151_A1_001,CT0151,Necitumumab,12.2923588,1,301.0,948,Not reported,0,Cancer and neoplasms,Intravenous,No,1,5.032912247313923,5.355646133422852,0.2379108336197714,0.37424081563949585
molecule,CT0369_A1_001,CT0369,Adalimumab,4.4,0,366.0,0,ECL/MSD,0,Inflammation and autoimmunity,Subcutaneous,Yes,3,10.038921150805514,13.314006805419922,0.4326940291842778,0.40223821997642517
molecule,CT0519_A1_001,CT0519,Reslizumab,5.7,0,194.0,0,Platform unclear,1,Inflammation and autoimmunity,Subcutaneous,No,5,11.802951807322284,16.250598907470703,0.4880957012702191,0.608108639717102
molecule,CT0152_A1_002,CT0152,Tanezumab,0.8,0,124.0,56,ELISA,1,Inflammation and autoimmunity,Intravenous,No,1,6.660513993773523,3.3557324409484863,0.3859236387335356,0.12969684600830078
molecule,CT0152_A2_002,CT0152,Tanezumab,1.9,0,107.0,56,ELISA,1,Inflammation and autoimmunity,Intravenous,No,1,4.085872597892109,2.6594150066375732,0.3403064563386783,0.11717677116394043
molecule,CT0152_A1_003,CT0152,Tanezumab,0.0,0,117.0,126,ELISA,1,Inflammation and autoimmunity,Intravenous,No,1,4.683170668817872,3.648303270339966,0.40129629688441937,0.13363590836524963
molecule,CT0152_A2_003,CT0152,Tanezumab,0.0,0,109.0,126,ELISA,1,Inflammation and autoimmunity,Intravenous,No,1,4.310505927103079,2.885985851287842,0.39333882615508253,0.1187276542186737
molecule,CT0153_A1_001,CT0153,Tositumomab,8.620689655,0,58.0,4245,ELISA,1,Cancer and neoplasms,Intravenous,No,4,6.563768815707476,5.30539608001709,0.2505359986352633,0.1431497037410736
molecule,CT0154_A1_001,CT0154,Tositumomab,43.47826087,1,23.0,2334,Platform unclear,1,Cancer and neoplasms,Intravenous,No,4,7.063684768365506,6.630112648010254,0.31565315493276874,0.1523495614528656
molecule,CT0155_A1_002,CT0155,Tanezumab,0.5,0,206.0,56,ELISA,1,Inflammation and autoimmunity,Subcutaneous,No,1,8.062912078738206,6.619482040405273,0.5106894491984323,0.25127965211868286
molecule,CT0155_A2_002,CT0155,Tanezumab,1.0,0,204.0,56,ELISA,1,Inflammation and autoimmunity,Subcutaneous,No,1,5.2288740871300705,4.607946872711182,0.4639978632198889,0.2169283926486969
molecule,CT0155_A3_002,CT0155,Tanezumab,0.5,0,203.0,56,ELISA,1,Inflammation and autoimmunity,Subcutaneous,No,1,5.273275909817008,3.984025478363037,0.4698824794099796,0.1961957812309265
molecule,CT0155_A1_003,CT0155,Tanezumab,0.0,0,78.0,168,ELISA,1,Inflammation and autoimmunity,Subcutaneous,No,1,5.777974093480314,6.039434909820557,0.49788956440097565,0.23961977660655975
molecule,CT0155_A2_003,CT0155,Tanezumab,1.1,0,93.0,168,ELISA,1,Inflammation and autoimmunity,Subcutaneous,No,1,5.294042772402287,4.8724260330200195,0.5072505385756776,0.22474566102027893
molecule,CT0155_A3_003,CT0155,Tanezumab,0.0,0,82.0,168,ELISA,1,Inflammation and autoimmunity,Subcutaneous,No,1,5.6118900553752695,4.065761089324951,0.5043792890891272,0.20167775452136993
molecule,CT0155_A1_004,CT0155,Tanezumab,1.8,0,171.0,350,ELISA,1,Inflammation and autoimmunity,Subcutaneous,No,1,9.051157751265208,7.88412618637085,0.5694642864498305,0.2741188704967499
molecule,CT0155_A2_004,CT0155,Tanezumab,1.7,0,176.0,350,ELISA,1,Inflammation and autoimmunity,Subcutaneous,No,1,6.4947235545008875,5.859851360321045,0.5377151628724786,0.24797168374061584
molecule,CT0155_A3_004,CT0155,Tanezumab,0.6,0,172.0,350,ELISA,1,Inflammation and autoimmunity,Subcutaneous,No,1,6.644926416048611,5.409848690032959,0.5462043319629584,0.23743510246276855
molecule,CT0156_A1_001,CT0156,Tositumomab,2.5,0,40.0,3833,Not reported,1,Cancer and neoplasms,Intravenous,No,4,5.903323539357493,4.606019973754883,0.2072274803540268,0.13146544992923737
molecule,CT0472_A6_001,CT0472,Rituximab,5.6,0,18.0,2,Not reported,0,Cancer and neoplasms,Intravenous,No,2,9.617374485114883,2.234053134918213,0.2480813449019314,0.06191996857523918
molecule,CT0475_A1_003,CT0475,Adalimumab,8.8,0,159.0,28,Platform unclear,0,Inflammation and autoimmunity,Subcutaneous,Yes,3,8.692384918224377,21.121929168701172,0.520730470280334,0.6270686388015747
molecule,CT0157_A2_002,CT0157,Tanezumab,0.0,0,34.0,56,ELISA,1,Renal and urogenital,Subcutaneous,No,1,31.303288910051243,4.066021919250488,0.38084553788643327,0.16657143831253052
molecule,CT0157_A3_002,CT0157,Tanezumab,0.0,0,27.0,56,ELISA,1,Renal and urogenital,Subcutaneous,No,1,31.75099440087659,4.34132719039917,0.40708071491326225,0.23547321557998657
molecule,CT0157_A4_002,CT0157,Tanezumab,0.0,0,30.0,56,ELISA,1,Renal and urogenital,Subcutaneous,No,1,31.451004002954505,3.092397689819336,0.3827319303566646,0.17627856135368347
molecule,CT0157_A5_002,CT0157,Tanezumab,0.0,0,30.0,56,ELISA,1,Renal and urogenital,Subcutaneous,No,1,31.35556761569882,2.7567853927612305,0.37631975774707693,0.16777394711971283
molecule,CT0157_A2_003,CT0157,Tanezumab,0.0,0,30.0,112,ELISA,1,Renal and urogenital,Subcutaneous,No,1,31.78185229720247,4.639671325683594,0.4298266973812332,0.1803407371044159
molecule,CT0157_A3_003,CT0157,Tanezumab,0.0,0,24.0,112,ELISA,1,Renal and urogenital,Subcutaneous,No,1,32.44598206485073,5.07483434677124,0.46527714602445486,0.25407740473747253
molecule,CT0157_A4_003,CT0157,Tanezumab,0.0,0,25.0,112,ELISA,1,Renal and urogenital,Subcutaneous,No,1,31.98445145469587,3.5785999298095703,0.43906393708775576,0.19071626663208008
molecule,CT0157_A5_003,CT0157,Tanezumab,0.0,0,26.0,112,ELISA,1,Renal and urogenital,Subcutaneous,No,1,31.86556356002942,3.2099761962890625,0.4326517644781681,0.18229854106903076
molecule,CT0157_A2_004,CT0157,Tanezumab,0.0,0,18.0,168,ELISA,1,Renal and urogenital,Subcutaneous,No,1,32.06882093733031,5.865774154663086,0.4645233624051435,0.20403335988521576
molecule,CT0157_A3_004,CT0157,Tanezumab,0.0,0,18.0,168,ELISA,1,Renal and urogenital,Subcutaneous,No,1,33.09125332876416,5.959166049957275,0.5071840629362221,0.2743322551250458
molecule,CT0157_A4_004,CT0157,Tanezumab,0.0,0,17.0,168,ELISA,1,Renal and urogenital,Subcutaneous,No,1,32.59244738847467,4.306281089782715,0.48111961290516886,0.2080795168876648
molecule,CT0157_A5_004,CT0157,Tanezumab,0.0,0,17.0,168,ELISA,1,Renal and urogenital,Subcutaneous,No,1,32.446529192460915,3.9405319690704346,0.474707440295581,0.200428307056427
molecule,CT0159_A1_001,CT0159,Moxetumomab pasudotox,71.4,1,7.0,1095,Other ligand-binding assay,0,Cancer and neoplasms,Intravenous,No,3,16.501091156185705,30.956899642944336,0.4033696420932923,0.3866512179374695
molecule,CT0159_A2_001,CT0159,Moxetumomab pasudotox,66.7,1,6.0,1095,Other ligand-binding assay,0,Cancer and neoplasms,Intravenous,No,3,16.963809948594395,31.411130905151367,0.403336889580275,0.39135125279426575
molecule,CT0159_A3_001,CT0159,Moxetumomab pasudotox,83.3,1,6.0,1095,Other ligand-binding assay,0,Cancer and neoplasms,Intravenous,No,3,16.963809948594395,31.411130905151367,0.403336889580275,0.39135125279426575
molecule,CT0159_A4_001,CT0159,Moxetumomab pasudotox,66.7,1,3.0,1095,Other ligand-binding assay,0,Cancer and neoplasms,Intravenous,No,3,17.175671923568565,27.315250396728516,0.3952640267255487,0.3767182528972626
molecule,CT0159_A5_001,CT0159,Moxetumomab pasudotox,0.0,0,1.0,1095,Other ligand-binding assay,0,Cancer and neoplasms,Intravenous,No,3,17.175671923568565,15.285018920898438,0.393148073570808,0.3304292559623718
molecule,CT0160_A1_001,CT0160,Ofatumumab,0.418410042,0,239.0,2433,Platform unclear,1,Cancer and neoplasms,Intravenous,No,3,8.693852827787108,7.144994735717773,0.4470811126621497,0.3350834250450134
molecule,CT0161_A1_001,CT0161,Daclizumab,10.6,1,407.0,2100,Not reported,1,Neurological,Subcutaneous,No,1,9.167552736264296,10.135075569152832,0.44217393268613797,0.4943004250526428
molecule,CT0162_A2_001,CT0162,Romosozumab,0.0,0,6.0,85,ECL/MSD,0,Musculoskeletal,Subcutaneous,No,2,10.859540394361781,21.013580322265625,0.4455433878291927,0.32624757289886475
molecule,CT0162_A3_001,CT0162,Romosozumab,0.0,0,6.0,85,ECL/MSD,0,Musculoskeletal,Subcutaneous,No,2,10.859540394361781,21.013580322265625,0.4455433878291927,0.32624757289886475
molecule,CT0162_A4_001,CT0162,Romosozumab,0.0,0,9.0,85,ECL/MSD,0,Musculoskeletal,Subcutaneous,No,2,10.109608541506269,20.010787963867188,0.44028058679186777,0.3073931634426117
molecule,CT0162_A5_001,CT0162,Romosozumab,33.33333333,1,6.0,85,ECL/MSD,0,Musculoskeletal,Subcutaneous,No,2,10.859540394361781,21.013580322265625,0.4455433878291927,0.32624757289886475
molecule,CT0162_A6_001,CT0162,Romosozumab,0.0,0,6.0,85,ECL/MSD,0,Musculoskeletal,Subcutaneous,No,2,10.859540394361781,21.013580322265625,0.4455433878291927,0.32624757289886475
molecule,CT0162_A7_001,CT0162,Romosozumab,22.22222222,1,9.0,85,ECL/MSD,0,Musculoskeletal,Subcutaneous,No,2,10.109608541506269,20.010787963867188,0.44028058679186777,0.3073931634426117
molecule,CT0162_A9_001,CT0162,Romosozumab,0.0,0,6.0,85,ECL/MSD,0,Musculoskeletal,Intravenous,No,2,7.073683721635613,17.658912658691406,0.31909261906413317,0.2676152288913727
molecule,CT0162_A10_001,CT0162,Romosozumab,33.33333333,1,6.0,85,ECL/MSD,0,Musculoskeletal,Intravenous,No,2,7.073683721635613,17.658912658691406,0.31909261906413317,0.2676152288913727
molecule,CT0163_A2_001,CT0163,Natalizumab,0.0,0,45.0,196,Not reported,1,Neurological,Intravenous,No,1,2.8140757974552066,2.097923755645752,0.19541317650780873,0.18157874047756195
molecule,CT0164_A1_001,CT0164,Ofatumumab,0.0,0,10.0,336,Not reported,1,Cancer and neoplasms,Intravenous,No,3,6.450607366487904,5.646065711975098,0.3143601013192512,0.2509177327156067
molecule,CT0164_A1_002,CT0164,Ofatumumab,0.0,0,10.0,168,Not reported,1,Cancer and neoplasms,Intravenous,No,3,8.584435571959562,5.047554016113281,0.3229518413870617,0.24650835990905762
molecule,CT0164_A1_003,CT0164,Ofatumumab,0.0,0,7.0,336,Not reported,1,Cancer and neoplasms,Intravenous,No,3,6.628479522192846,5.913084030151367,0.3181635763140612,0.2558691203594208
molecule,CT0168_A1_001,CT0168,Necitumumab,0.0,0,3.0,198,Not reported,0,Cancer and neoplasms,Intravenous,No,1,2.7222604335183087,3.3428268432617188,0.16662795339334813,0.11518237739801407
molecule,CT0168_A2_001,CT0168,Necitumumab,0.0,0,6.0,198,Not reported,0,Cancer and neoplasms,Intravenous,No,1,2.8598655984707504,7.552829265594482,0.16800796855598474,0.19380666315555573
molecule,CT0168_A3_001,CT0168,Necitumumab,0.0,0,6.0,198,Not reported,0,Cancer and neoplasms,Intravenous,No,1,2.8598655984707504,7.552829265594482,0.16800796855598474,0.19380666315555573
molecule,CT0519_A2_001,CT0519,Reslizumab,4.6,0,196.0,0,Platform unclear,1,Inflammation and autoimmunity,Subcutaneous,No,5,11.799851718494715,16.263011932373047,0.4880957012702191,0.605481743812561
molecule,CT0169_A1_002,CT0169,Tanezumab,1.7,0,59.0,56,ELISA,1,Inflammation and autoimmunity,Subcutaneous,No,1,5.26438048361837,3.4153378009796143,0.4173826604089941,0.1573161780834198
molecule,CT0169_A2_002,CT0169,Tanezumab,0.0,0,52.0,56,ELISA,1,Inflammation and autoimmunity,Subcutaneous,No,1,4.988850459782507,2.9629530906677246,0.39311886134041774,0.174814373254776
molecule,CT0169_A3_002,CT0169,Tanezumab,1.3,0,75.0,56,ELISA,1,Inflammation and autoimmunity,Subcutaneous,No,1,5.070221783826182,2.755340814590454,0.4062137159467666,0.14980599284172058
molecule,CT0169_A4_002,CT0169,Tanezumab,0.0,0,68.0,56,ELISA,1,Inflammation and autoimmunity,Intravenous,No,1,4.09191617017807,2.446352005004883,0.3323948670602069,0.12261518090963364
molecule,CT0169_A1_003,CT0169,Tanezumab,0.0,0,7.0,112,ELISA,1,Inflammation and autoimmunity,Subcutaneous,No,1,9.457141821823116,6.394255638122559,0.47045020980714125,0.21894356608390808
molecule,CT0169_A2_003,CT0169,Tanezumab,0.0,0,5.0,112,ELISA,1,Inflammation and autoimmunity,Subcutaneous,No,1,11.145518186139478,5.884365081787109,0.4795320407086102,0.24620386958122253
molecule,CT0169_A3_003,CT0169,Tanezumab,0.0,0,8.0,112,ELISA,1,Inflammation and autoimmunity,Subcutaneous,No,1,8.322641182452452,4.065838813781738,0.4783410686973257,0.20598956942558289
molecule,CT0169_A4_003,CT0169,Tanezumab,0.0,0,6.0,112,ELISA,1,Inflammation and autoimmunity,Intravenous,No,1,6.037455950007154,3.01123046875,0.38845116792665013,0.16868962347507477
molecule,CT0169_A1_004,CT0169,Tanezumab,1.6,0,62.0,168,ELISA,1,Inflammation and autoimmunity,Subcutaneous,No,1,5.425420212606386,4.017328262329102,0.4860849547087683,0.1686309427022934
molecule,CT0169_A2_004,CT0169,Tanezumab,5.1,0,59.0,168,ELISA,1,Inflammation and autoimmunity,Subcutaneous,No,1,5.781432275792713,3.5517239570617676,0.48726796903992436,0.18710309267044067
molecule,CT0169_A3_004,CT0169,Tanezumab,1.4,0,71.0,168,ELISA,1,Inflammation and autoimmunity,Subcutaneous,No,1,5.6764716838046985,3.406163454055786,0.4903727220376935,0.16334177553653717
molecule,CT0169_A4_004,CT0169,Tanezumab,1.4,0,73.0,168,ELISA,1,Inflammation and autoimmunity,Intravenous,No,1,4.195834100219554,2.848249912261963,0.3933785206484885,0.1261313259601593
molecule,CT0170_A2_001,CT0170,Romosozumab,0.0,0,6.0,85,Not reported,0,Musculoskeletal,Subcutaneous,No,2,7.106287044875321,13.838953018188477,0.3627798828012908,0.2793933153152466
molecule,CT0170_A3_001,CT0170,Romosozumab,0.0,0,6.0,85,Not reported,0,Musculoskeletal,Subcutaneous,No,2,6.102052200450846,12.88365650177002,0.3554294470516831,0.2773582339286804
molecule,CT0170_A4_001,CT0170,Romosozumab,0.0,0,6.0,85,Not reported,0,Musculoskeletal,Subcutaneous,No,2,5.96003865562794,11.935352325439453,0.3489897227507685,0.27648720145225525
molecule,CT0170_A6_001,CT0170,Romosozumab,0.0,0,4.0,85,Not reported,0,Musculoskeletal,Subcutaneous,No,2,5.958812999653816,12.213972091674805,0.3536652288051338,0.275706022977829
molecule,CT0171_A1_001,CT0171,Ixekizumab,54.2,1,24.0,1792,Platform unclear,1,Inflammation and autoimmunity,Subcutaneous,No,4,12.317853924691683,18.913137435913086,0.5107764701677873,0.5159283876419067
molecule,CT0171_A2_001,CT0171,Ixekizumab,40.0,1,30.0,1792,Platform unclear,1,Inflammation and autoimmunity,Subcutaneous,No,4,13.25721688964215,17.96713638305664,0.5183282552372449,0.49726414680480957
molecule,CT0171_A3_001,CT0171,Ixekizumab,22.2,1,27.0,1792,Platform unclear,1,Inflammation and autoimmunity,Subcutaneous,No,4,10.519190369043612,16.740510940551758,0.4730416867295658,0.4574286937713623
molecule,CT0171_A4_001,CT0171,Ixekizumab,17.2,1,29.0,1792,Platform unclear,1,Inflammation and autoimmunity,Subcutaneous,No,4,12.747671935377747,17.466876983642578,0.5136923245282012,0.4792211055755615
molecule,CT0475_A2_003,CT0475,Adalimumab,13.3,1,166.0,28,Platform unclear,0,Inflammation and autoimmunity,Subcutaneous,No,3,6.566467956619987,12.701689720153809,0.3526822415839826,0.3496081233024597
molecule,CT0538_A1_002,CT0538,Bimekizumab,4.4,0,45.0,14,Platform unclear,1,Non-inflammatory skin diseases,Subcutaneous,No,3,5.157440353429217,6.554136276245117,0.35789883885497104,0.2897280156612396
molecule,CT0172_A1_002,CT0172,Secukinumab,0.0,0,21.0,56,ECL/MSD,1,Inflammation and autoimmunity,Intravenous,No,2,12.304698538194192,4.293017864227295,0.46131364766408334,0.28583458065986633
molecule,CT0172_A2_002,CT0172,Secukinumab,0.0,0,8.0,56,ECL/MSD,1,Inflammation and autoimmunity,Intravenous,No,2,13.30128700970825,7.2206244468688965,0.4934228608896828,0.349804162979126
molecule,CT0172_A3_002,CT0172,Secukinumab,0.0,0,7.0,56,ECL/MSD,1,Inflammation and autoimmunity,Intravenous,No,2,13.295937998293503,7.316143035888672,0.4934228608896828,0.35492658615112305
molecule,CT0172_A4_002,CT0172,Secukinumab,0.0,0,3.0,56,ECL/MSD,1,Inflammation and autoimmunity,Intravenous,No,2,13.328553390247308,7.162222385406494,0.49201326389266453,0.2955424189567566
molecule,CT0172_A1_003,CT0172,Secukinumab,0.0,0,21.0,168,ECL/MSD,1,Inflammation and autoimmunity,Intravenous,No,2,11.922138333436305,4.67260217666626,0.4898949877612256,0.3144332766532898
molecule,CT0172_A2_003,CT0172,Secukinumab,0.0,0,8.0,168,ECL/MSD,1,Inflammation and autoimmunity,Intravenous,No,2,13.068060016997446,7.564026832580566,0.5173688288094236,0.3724200427532196
molecule,CT0172_A3_003,CT0172,Secukinumab,0.0,0,7.0,168,ECL/MSD,1,Inflammation and autoimmunity,Intravenous,No,2,13.062711005582695,7.59384298324585,0.5173688288094236,0.37491878867149353
molecule,CT0172_A4_003,CT0172,Secukinumab,0.0,0,3.0,168,ECL/MSD,1,Inflammation and autoimmunity,Intravenous,No,2,13.095326397536502,7.760890007019043,0.5119373461853185,0.3124277889728546
molecule,CT0172_A1_004,CT0172,Secukinumab,0.0,0,21.0,280,ECL/MSD,1,Inflammation and autoimmunity,Intravenous,No,2,13.054670117931508,5.140063285827637,0.49757302528667946,0.33342400193214417
molecule,CT0172_A2_004,CT0172,Secukinumab,0.0,0,8.0,280,ECL/MSD,1,Inflammation and autoimmunity,Intravenous,No,2,14.17463470955503,7.887714862823486,0.5239206960790962,0.3771637976169586
molecule,CT0172_A3_004,CT0172,Secukinumab,0.0,0,7.0,280,ECL/MSD,1,Inflammation and autoimmunity,Intravenous,No,2,14.169285698140284,8.072465896606445,0.5239206960790962,0.38257187604904175
molecule,CT0172_A4_004,CT0172,Secukinumab,0.0,0,3.0,280,ECL/MSD,1,Inflammation and autoimmunity,Intravenous,No,2,14.201901090094092,8.262064933776855,0.518489213454991,0.32344478368759155
molecule,CT0172_A1_005,CT0172,Secukinumab,0.0,0,21.0,448,ECL/MSD,1,Inflammation and autoimmunity,Intravenous,No,2,12.218628887019621,5.744540214538574,0.4868622436090082,0.3462105095386505
molecule,CT0172_A2_005,CT0172,Secukinumab,0.0,0,8.0,448,ECL/MSD,1,Inflammation and autoimmunity,Intravenous,No,2,13.558279122601071,8.587324142456055,0.5151777099624333,0.3829443156719208
molecule,CT0172_A3_005,CT0172,Secukinumab,0.0,0,7.0,448,ECL/MSD,1,Inflammation and autoimmunity,Intravenous,No,2,13.552930111186322,9.026725769042969,0.5151777099624333,0.3869253695011139
molecule,CT0172_A4_005,CT0172,Secukinumab,0.0,0,3.0,448,ECL/MSD,1,Inflammation and autoimmunity,Intravenous,No,2,13.582612982667479,9.264463424682617,0.5112335583874572,0.32779639959335327
molecule,CT0173_A1_001,CT0173,Tanezumab,0.0,0,1.0,107,ELISA,1,Inflammation and autoimmunity,Subcutaneous,No,1,9.99567242418305,1.5139491558074951,0.47943152764624974,0.08961445838212967
molecule,CT0174_A1_001,CT0174,Secukinumab,0.0,0,46.0,2457,Not reported,0,Inflammation and autoimmunity,Subcutaneous,No,2,11.904935936845488,7.675256729125977,0.4348091383066611,0.28442102670669556
molecule,CT0174_A1_002,CT0174,Secukinumab,0.5,0,184.0,2457,Not reported,0,Inflammation and autoimmunity,Subcutaneous,No,2,11.20246693594594,6.812128067016602,0.4626409686200117,0.23782789707183838
molecule,CT0175_A2_001,CT0175,Evolocumab,0.0,0,6.0,85,ECL/MSD,1,Cardiovascular,Subcutaneous,No,2,18.284913877096496,36.67805480957031,0.5601586710735982,0.6835782527923584
molecule,CT0175_A3_001,CT0175,Evolocumab,0.0,0,6.0,85,ECL/MSD,1,Cardiovascular,Subcutaneous,No,2,18.10725702066167,35.03832244873047,0.5802167539539919,0.6867331862449646
molecule,CT0175_A4_001,CT0175,Evolocumab,16.66666667,1,6.0,85,ECL/MSD,1,Cardiovascular,Subcutaneous,No,2,15.161205458802527,29.733638763427734,0.5609388569888561,0.6703786849975586
molecule,CT0175_A5_001,CT0175,Evolocumab,0.0,0,6.0,85,ECL/MSD,1,Cardiovascular,Subcutaneous,No,2,14.67223502337376,29.510833740234375,0.49489175455177287,0.6577070951461792
molecule,CT0175_A6_001,CT0175,Evolocumab,0.0,0,6.0,85,ECL/MSD,1,Cardiovascular,Subcutaneous,No,2,14.67223502337376,30.115205764770508,0.49246021036893023,0.6573926210403442
molecule,CT0175_A8_001,CT0175,Evolocumab,0.0,0,9.0,85,ECL/MSD,1,Cardiovascular,Subcutaneous,No,2,15.06094928278904,24.34722328186035,0.5553378498215266,0.6396586298942566
molecule,CT0175_A10_001,CT0175,Evolocumab,0.0,0,4.0,85,ECL/MSD,1,Cardiovascular,Subcutaneous,No,2,15.04545942705888,34.312374114990234,0.5584509427354329,0.6835409998893738
molecule,CT0176_A1_001,CT0176,Nonacog alfa,0.320512821,0,312.0,730,Not reported,1,Blood disorders,Intravenous,No,2,26.939232224395685,3.458578586578369,0.5295979247937594,0.15620435774326324
molecule,CT0177_A1_001,CT0177,Bococizumab,33.3,1,12.0,64,Platform unclear,1,Cardiovascular,Intravenous,No,1,3.266417871444041,4.9822306632995605,0.21132662402948804,0.09600468724966049
molecule,CT0177_A2_001,CT0177,Bococizumab,0.0,0,12.0,64,Platform unclear,1,Cardiovascular,Intravenous,No,1,4.919941578365173,4.443994522094727,0.2651926037897098,0.09028617292642593
molecule,CT0178_A1_001,CT0178,Ramucirumab,1.502504174,0,599.0,798,Not reported,0,Cancer and neoplasms,Intravenous,No,3,5.101740760385138,3.5534422397613525,0.31519894507670154,0.16301527619361877
molecule,CT0179_A1_001,CT0179,Ramucirumab,1.6,0,320.0,721,Not reported,1,Cancer and neoplasms,Intravenous,No,3,12.42539440774833,3.691009044647217,0.3406125527586235,0.14787518978118896
molecule,CT0180_A1_001,CT0180,Olaratumab,9.1,0,11.0,1410,Platform unclear,1,Cancer and neoplasms,Intravenous,No,5,2.9290008407130865,4.154512405395508,0.20747714540817624,0.06326267868280411
molecule,CT0180_A2_001,CT0180,Olaratumab,5.2,0,58.0,1410,Platform unclear,1,Cancer and neoplasms,Intravenous,No,5,3.4882987747740155,4.255892753601074,0.20139632230845678,0.06721903383731842
molecule,CT0180_A3_001,CT0180,Olaratumab,6.3,0,16.0,1410,Platform unclear,1,Cancer and neoplasms,Intravenous,No,5,2.945255420803235,4.1728997230529785,0.21055128149424243,0.06080209091305733
molecule,CT0181_A1_001,CT0181,Tocilizumab,1.3,0,629.0,730,Not reported,1,Inflammation and autoimmunity,Subcutaneous,No,4,8.4441855316373,7.902163505554199,0.39406323335479493,0.2464652955532074
molecule,CT0181_A2_001,CT0181,Tocilizumab,1.0,0,629.0,730,Not reported,1,Inflammation and autoimmunity,Intravenous,No,4,3.366482127367325,8.084168434143066,0.2580758154036691,0.19319657981395721
molecule,CT0181_A3_001,CT0181,Tocilizumab,0.0,0,46.0,730,Not reported,1,Inflammation and autoimmunity,Intravenous,No,4,3.5734565392925983,8.090058326721191,0.23547160064629685,0.12953606247901917
molecule,CT0181_A4_001,CT0181,Tocilizumab,0.5,0,184.0,730,Not reported,1,Inflammation and autoimmunity,Subcutaneous,No,4,8.986758131745471,9.446885108947754,0.41498502578778174,0.266402006149292
molecule,CT0182_A1_001,CT0182,Brodalumab,0.0,0,20.0,224,Other ligand-binding assay,1,Inflammation and autoimmunity,Intravenous,No,4,13.511071956809978,9.379171371459961,0.34792035178694025,0.3479515612125397
molecule,CT0182_A2_001,CT0182,Brodalumab,0.0,0,16.0,224,Other ligand-binding assay,1,Inflammation and autoimmunity,Intravenous,No,4,13.551736941026657,10.726762771606445,0.3631696039087645,0.37428390979766846
molecule,CT0182_A3_001,CT0182,Brodalumab,0.0,0,20.0,224,Other ligand-binding assay,1,Inflammation and autoimmunity,Intravenous,No,4,13.511071956809978,9.379171371459961,0.34792035178694025,0.3479515612125397
molecule,CT0182_A4_001,CT0182,Brodalumab,0.0,0,11.0,224,Other ligand-binding assay,1,Inflammation and autoimmunity,Intravenous,No,4,14.36078382508245,11.230955123901367,0.35133797109137727,0.36719340085983276
molecule,CT0183_A1_001,CT0183,Olaratumab,0.0,0,15.0,168,Not reported,0,Cancer and neoplasms,Intravenous,No,5,1.679650969062964,1.8863279819488525,0.12481490466945497,0.026780223473906517
molecule,CT0184_A1_002,CT0184,Rituximab,7.6,0,66.0,2190,Not reported,1,Cancer and neoplasms,Intravenous,No,2,5.907856578762198,2.2791967391967773,0.31380896825457266,0.08902155607938766
molecule,CT0184_A2_002,CT0184,Rituximab,13.2,1,197.0,2190,Not reported,1,Cancer and neoplasms,Subcutaneous,No,2,10.638580759599936,4.4538254737854,0.3110072611473719,0.14411570131778717
molecule,CT0184_A1_004,CT0184,Rituximab,1.5,0,206.0,2190,Not reported,1,Cancer and neoplasms,Intravenous,No,2,12.83921614811386,3.8225083351135254,0.3513642462001217,0.1465245485305786
molecule,CT0184_A2_004,CT0184,Rituximab,2.0,0,197.0,2190,Not reported,1,Cancer and neoplasms,Subcutaneous,No,2,10.638580759599936,4.4538254737854,0.3110072611473719,0.14411570131778717
molecule,CT0185_A1_001,CT0185,Olaratumab,3.8,0,52.0,1080,Platform unclear,1,Cancer and neoplasms,Intravenous,No,5,3.4135881584549295,4.279195308685303,0.19809149101945006,0.058447252959012985
molecule,CT0185_A2_001,CT0185,Olaratumab,0.0,0,11.0,1080,Platform unclear,1,Cancer and neoplasms,Intravenous,No,5,2.9861483021362347,4.7767767906188965,0.19633945079579818,0.08075515925884247
molecule,CT0186_A1_001,CT0186,Tocilizumab,1.556420233,0,257.0,728,Not reported,1,Inflammation and autoimmunity,Intravenous,No,4,3.6578142831164784,10.049629211425781,0.33581995648666163,0.20085744559764862
molecule,CT0187_A2_001,CT0187,Benralizumab,42.0,1,81.0,644,Platform unclear,0,Inflammation and autoimmunity,Subcutaneous,No,3,13.406202757228028,4.088314056396484,0.3902984207200762,0.1168406680226326
molecule,CT0187_A3_001,CT0187,Benralizumab,30.9,1,81.0,644,Platform unclear,0,Inflammation and autoimmunity,Subcutaneous,No,3,6.891186063971248,3.844935417175293,0.3555258265930003,0.1216907948255539
molecule,CT0187_A4_001,CT0187,Benralizumab,25.6,1,82.0,644,Platform unclear,0,Inflammation and autoimmunity,Subcutaneous,No,3,7.060298552863731,3.5616626739501953,0.3622123663457972,0.1190454363822937
molecule,CT0189_A1_001,CT0189,Canakinumab,10.0,1,20.0,953,Not reported,1,Inflammation and autoimmunity,Subcutaneous,No,3,6.8713054327589465,7.236340522766113,0.358933821193283,0.29487621784210205
molecule,CT0295_A1_002,CT0295,Tocilizumab,4.12371134,0,97.0,7,Platform unclear,1,Inflammation and autoimmunity,Subcutaneous,No,4,7.349844914843089,7.422247409820557,0.4165718040869785,0.248695507645607
molecule,CT0192_A1_001,CT0192,Ramucirumab,0.0,0,6.0,329,Not reported,1,Cancer and neoplasms,Intravenous,No,3,26.277199815394304,30.398405075073242,0.40667462895399054,0.31926199793815613
molecule,CT0193_A1_001,CT0193,Ramucirumab,0.0,0,7.0,1469,Not reported,1,Cancer and neoplasms,Intravenous,No,3,26.57577030470649,31.985918045043945,0.43338328169579693,0.36140426993370056
molecule,CT0194_A1_001,CT0194,Reslizumab,11.76470588,1,102.0,203,ELISA,1,Inflammation and autoimmunity,Intravenous,No,5,9.551823808555186,15.385087013244629,0.36039344710162574,0.47961413860321045
molecule,CT0194_A2_001,CT0194,Reslizumab,10.67961165,1,103.0,203,ELISA,1,Inflammation and autoimmunity,Intravenous,No,5,4.829680039062316,11.443717956542969,0.3234949956039682,0.4195221960544586
molecule,CT0194_A1_003,CT0194,Reslizumab,8.888888889,0,90.0,56,ELISA,1,Inflammation and autoimmunity,Intravenous,No,5,9.37233559298186,12.698426246643066,0.32218476599699414,0.4184986650943756
molecule,CT0194_A2_003,CT0194,Reslizumab,10.63829787,1,94.0,56,ELISA,1,Inflammation and autoimmunity,Intravenous,No,5,4.749854468533317,9.801289558410645,0.28719838538776626,0.37664979696273804
molecule,CT0194_A1_004,CT0194,Reslizumab,7.692307692,0,91.0,112,ELISA,1,Inflammation and autoimmunity,Intravenous,No,5,9.33686770459899,14.110547065734863,0.3378708438008475,0.4477323889732361
molecule,CT0194_A2_004,CT0194,Reslizumab,5.617977528,0,89.0,112,ELISA,1,Inflammation and autoimmunity,Intravenous,No,5,4.680688097198281,10.752120018005371,0.3036825518885857,0.400218665599823
molecule,CT0194_A1_005,CT0194,Reslizumab,9.900990099,0,101.0,203,ELISA,1,Inflammation and autoimmunity,Intravenous,No,5,9.529699585924789,15.076215744018555,0.36039344710162574,0.47627824544906616
molecule,CT0194_A2_005,CT0194,Reslizumab,5.882352941,0,102.0,203,ELISA,1,Inflammation and autoimmunity,Intravenous,No,5,4.829680039062316,11.668749809265137,0.3234949956039682,0.4271666705608368
molecule,CT0195_A1_001,CT0195,Rituximab,16.53543307,1,127.0,547,Not reported,1,Inflammation and autoimmunity,Intravenous,Yes,2,34.38072968453467,11.419017791748047,0.5537849653338619,0.4035528004169464
molecule,CT0195_A2_001,CT0195,Rituximab,21.42857143,1,84.0,547,Not reported,1,Inflammation and autoimmunity,Intravenous,No,2,8.581448439750886,3.2833364009857178,0.3663981568580888,0.15065251290798187
molecule,CT0195_A3_001,CT0195,Rituximab,13.41463415,1,82.0,547,Not reported,1,Inflammation and autoimmunity,Intravenous,No,2,8.581448439750886,3.3187966346740723,0.3663981568580888,0.14838458597660065
molecule,CT0196_A1_002,CT0196,Reslizumab,4.310344828,0,232.0,112,Platform unclear,1,Inflammation and autoimmunity,Intravenous,No,5,5.023662466575482,10.568589210510254,0.38212678414812146,0.5414888858795166
molecule,CT0196_A1_003,CT0196,Reslizumab,4.310344828,0,232.0,224,Platform unclear,1,Inflammation and autoimmunity,Intravenous,No,5,4.661502244497208,10.801895141601562,0.3868477546786143,0.5418094396591187
molecule,CT0196_A1_004,CT0196,Reslizumab,4.310344828,0,232.0,336,Platform unclear,1,Inflammation and autoimmunity,Intravenous,No,5,4.51793527261292,10.906675338745117,0.38649013013657263,0.5649567246437073
molecule,CT0196_A1_005,CT0196,Reslizumab,4.310344828,0,232.0,364,Platform unclear,1,Inflammation and autoimmunity,Intravenous,No,5,4.478995299851061,11.426469802856445,0.3756846188726929,0.5588870644569397
molecule,CT0197_A1_001,CT0197,Recombinant factor IX (rFIX),0.0,0,115.0,2250,Platform unclear,1,Blood disorders,Intravenous,No,5,22.737644647751438,6.947363376617432,0.4751772593227479,0.23237551748752594
molecule,CT0198_A1_001,CT0198,Ramucirumab,0.0,0,5.0,70,Not reported,1,Cancer and neoplasms,Intravenous,No,3,4.48629778399263,16.62372589111328,0.30742267609699786,0.25637173652648926
molecule,CT0198_A1_002,CT0198,Ramucirumab,0.0,0,1.0,77,Not reported,1,Cancer and neoplasms,Intravenous,No,3,4.579284411529939,6.7467498779296875,0.2931243206298155,0.22739990055561066
molecule,CT0198_A1_003,CT0198,Ramucirumab,0.0,0,3.0,84,Not reported,1,Cancer and neoplasms,Intravenous,No,3,4.635348823705285,13.888891220092773,0.30012401104920544,0.2648589313030243
molecule,CT0198_A1_004,CT0198,Ramucirumab,0.0,0,4.0,91,Not reported,1,Cancer and neoplasms,Intravenous,No,3,4.60319687596048,14.743175506591797,0.30477955849169286,0.2650264501571655
molecule,CT0199_A1_001,CT0199,Reslizumab,3.265306122,0,245.0,464,Platform unclear,1,Inflammation and autoimmunity,Intravenous,No,5,4.465483036692925,11.626733779907227,0.37324975634376834,0.552798330783844
molecule,CT0200_A1_001,CT0200,Obinutuzumab,2.0,0,100.0,2372,Not reported,1,Cancer and neoplasms,Intravenous,No,2,7.574478493831136,5.312821388244629,0.26948244055947157,0.17499448359012604
molecule,CT0200_A1_002,CT0200,Obinutuzumab,0.0,0,65.0,2372,Not reported,1,Cancer and neoplasms,Intravenous,No,2,6.680756143243498,5.048498153686523,0.24121544113694526,0.13856014609336853
molecule,CT0200_A1_003,CT0200,Obinutuzumab,0.0,0,40.0,180,Not reported,1,Cancer and neoplasms,Intravenous,No,2,2.8922796831989124,1.15693998336792,0.20460166924829656,0.07762258499860764
molecule,CT0200_A1_004,CT0200,Obinutuzumab,0.0,0,40.0,360,Not reported,1,Cancer and neoplasms,Intravenous,No,2,3.3676877170329718,1.3257200717926025,0.21283953544405831,0.08445608615875244
molecule,CT0200_A1_005,CT0200,Obinutuzumab,0.0,0,27.0,540,Not reported,1,Cancer and neoplasms,Intravenous,No,2,3.470624837313653,1.7634249925613403,0.21844339339033753,0.10062804073095322
molecule,CT0200_A1_006,CT0200,Obinutuzumab,0.0,0,25.0,720,Not reported,1,Cancer and neoplasms,Intravenous,No,2,3.8014291813236976,1.9056129455566406,0.2190350032084884,0.10494539141654968
molecule,CT0200_A1_007,CT0200,Obinutuzumab,0.0,0,19.0,900,Not reported,1,Cancer and neoplasms,Intravenous,No,2,3.901089320947167,2.3383359909057617,0.22117987243737086,0.11305366456508636
molecule,CT0200_A1_008,CT0200,Obinutuzumab,0.0,0,46.0,2372,Not reported,1,Cancer and neoplasms,Intravenous,No,2,6.684872417935693,4.78232479095459,0.2390952980945353,0.147374227643013
molecule,CT0200_A1_009,CT0200,Obinutuzumab,0.0,0,3.0,2372,Not reported,1,Cancer and neoplasms,Intravenous,No,2,6.475642356718478,4.85740852355957,0.24506186666775573,0.14579063653945923
molecule,CT0202_A3_001,CT0202,Rituximab,0.0,0,64.0,730,Not reported,1,Cancer and neoplasms,Intravenous,No,2,6.096065343919971,1.8235392570495605,0.3346986398194669,0.1070554107427597
molecule,CT0202_A3_002,CT0202,Rituximab,5.0,0,64.0,730,Not reported,1,Cancer and neoplasms,Intravenous,No,2,6.096065343919971,1.8235392570495605,0.3346986398194669,0.1070554107427597
molecule,CT0202_A1_002,CT0202,Rituximab,15.0,1,89.0,730,Not reported,1,Cancer and neoplasms,Intravenous,No,2,6.270092861942356,1.972360610961914,0.34193713834809386,0.11150922626256943
molecule,CT0202_A2_002,CT0202,Rituximab,12.0,1,85.0,730,Not reported,1,Cancer and neoplasms,Intravenous,No,2,6.247992061508364,1.94027578830719,0.34193713834809386,0.11476126313209534
molecule,CT0203_A1_001,CT0203,Obinutuzumab,0.0,0,21.0,1460,Not reported,1,Cancer and neoplasms,Intravenous,No,2,2.903156211146897,3.8499395847320557,0.2038044019140615,0.16763223707675934
molecule,CT0203_A2_001,CT0203,Obinutuzumab,0.0,0,20.0,1460,Not reported,1,Cancer and neoplasms,Intravenous,No,2,3.526097010319876,3.637284755706787,0.19191154547404707,0.16795599460601807
molecule,CT0204_A1_001,CT0204,Canakinumab,0.0,0,15.0,1460,SPR/Biacore,1,Inflammation and autoimmunity,Subcutaneous,No,3,24.48161315682119,13.029378890991211,0.4576113858362375,0.37026509642601013
molecule,CT0206_A1_001,CT0206,Utomilumab,100.0,1,4.0,1460,ECL/MSD,1,Cancer and neoplasms,Intravenous,No,4,16.801819163945513,9.855131149291992,0.3620127071995996,0.2386932373046875
molecule,CT0206_A2_001,CT0206,Utomilumab,66.7,1,3.0,1460,ECL/MSD,1,Cancer and neoplasms,Intravenous,No,4,32.00942712352941,9.140957832336426,0.40447592413393346,0.28204146027565
molecule,CT0206_A3_001,CT0206,Utomilumab,83.3,1,6.0,1460,ECL/MSD,1,Cancer and neoplasms,Intravenous,No,4,32.281530886437665,12.261844635009766,0.4336330796853744,0.26172348856925964
molecule,CT0206_A4_001,CT0206,Utomilumab,0.0,0,4.0,1460,ECL/MSD,1,Cancer and neoplasms,Intravenous,No,4,29.564357084479475,11.213237762451172,0.4273054917960231,0.27792298793792725
molecule,CT0206_A5_001,CT0206,Utomilumab,0.0,0,3.0,1460,ECL/MSD,1,Cancer and neoplasms,Intravenous,No,4,29.534976435635546,8.948583602905273,0.40176855850685983,0.27937987446784973
molecule,CT0206_A6_001,CT0206,Utomilumab,47.6,1,42.0,1460,ECL/MSD,1,Cancer and neoplasms,Intravenous,No,4,30.797531049457557,8.480241775512695,0.4188389120306122,0.20737013220787048
molecule,CT0206_A7_001,CT0206,Utomilumab,33.3,1,3.0,1460,ECL/MSD,1,Cancer and neoplasms,Intravenous,No,4,26.97764057018239,8.935717582702637,0.40138232293254694,0.27997156977653503
molecule,CT0206_A8_001,CT0206,Utomilumab,75.0,1,4.0,1460,ECL/MSD,1,Cancer and neoplasms,Intravenous,No,4,25.61191494668033,10.920598030090332,0.42479676222266466,0.27349451184272766
molecule,CT0206_A9_001,CT0206,Utomilumab,45.2,1,31.0,1460,ECL/MSD,1,Cancer and neoplasms,Intravenous,No,4,27.214395169806565,8.502805709838867,0.4140320429443798,0.20781777799129486
molecule,CT0206_A10_001,CT0206,Utomilumab,20.0,1,5.0,1460,ECL/MSD,1,Cancer and neoplasms,Intravenous,No,4,18.349304216968775,11.16970443725586,0.3928870039652735,0.26226484775543213
molecule,CT0206_A11_001,CT0206,Utomilumab,50.0,1,6.0,1460,ECL/MSD,1,Cancer and neoplasms,Intravenous,No,4,17.030796403244562,9.687082290649414,0.38408495999588205,0.2384103238582611
molecule,CT0206_A12_001,CT0206,Utomilumab,18.2,1,11.0,1460,ECL/MSD,1,Cancer and neoplasms,Intravenous,No,4,21.389600836603524,7.10013484954834,0.3595989349874434,0.21420811116695404
molecule,CT0207_A1_001,CT0207,Ofatumumab,0.0,0,69.0,1800,ECL/MSD,1,Cancer and neoplasms,Intravenous,No,3,8.239648460516774,7.470269680023193,0.38563294004580617,0.3310117721557617
molecule,CT0207_A2_001,CT0207,Ofatumumab,0.0,0,24.0,1800,ECL/MSD,1,Cancer and neoplasms,Intravenous,No,3,10.326493826294888,8.88743782043457,0.39403953398584673,0.3355356752872467
molecule,CT0207_A3_001,CT0207,Ofatumumab,0.0,0,13.0,1800,ECL/MSD,1,Cancer and neoplasms,Intravenous,No,3,9.43788615414971,9.752449035644531,0.3953621762033741,0.3389434218406677
molecule,CT0207_A4_001,CT0207,Ofatumumab,0.0,0,32.0,1800,ECL/MSD,1,Cancer and neoplasms,Intravenous,No,3,8.280630997353382,7.892413139343262,0.39334520130635797,0.3315393924713135
molecule,CT0207_A5_001,CT0207,Ofatumumab,0.0,0,19.0,1800,ECL/MSD,1,Cancer and neoplasms,Intravenous,No,3,9.407198950110244,8.915081024169922,0.39492057572397715,0.33507078886032104
molecule,CT0208_A1_001,CT0208,Olaratumab,5.3,0,19.0,431,Platform unclear,1,Cancer and neoplasms,Intravenous,No,5,2.8267159788920457,2.4036333560943604,0.15675878966727366,0.04244403541088104
molecule,CT0209_A1_001,CT0209,Bococizumab,0.0,0,17.0,141,ELISA,1,Cardiovascular,Intravenous,No,1,3.811420581303597,3.4628961086273193,0.2526001955255394,0.09597443044185638
molecule,CT0209_A2_001,CT0209,Bococizumab,16.66666667,1,18.0,141,ELISA,1,Cardiovascular,Intravenous,No,1,5.3050760075394665,4.197176933288574,0.33043264578837955,0.09213154017925262
molecule,CT0209_A3_001,CT0209,Bococizumab,5.263157895,0,19.0,141,ELISA,1,Cardiovascular,Intravenous,No,1,4.234184236851805,4.243666648864746,0.2982223361971268,0.08490640670061111
molecule,CT0209_A4_001,CT0209,Bococizumab,5.882352941,0,17.0,141,ELISA,1,Cardiovascular,Intravenous,No,1,3.4161885444368774,3.576322555541992,0.2681690772806369,0.08064500987529755
molecule,CT0210_A1_001,CT0210,Bococizumab,0.0,0,15.0,141,ELISA,1,Cardiovascular,Intravenous,No,1,3.7924869837818203,3.4372053146362305,0.2528841767772626,0.09691376239061356
molecule,CT0210_A2_001,CT0210,Bococizumab,0.0,0,16.0,141,ELISA,1,Cardiovascular,Intravenous,No,1,4.302613719160972,4.137661933898926,0.30770994863146256,0.08934988081455231
molecule,CT0211_A1_001,CT0211,Nivolumab,11.8,1,17.0,1170,Platform unclear,1,Cancer and neoplasms,Intravenous,No,1,4.9490114463934844,10.577607154846191,0.4029484774629648,0.382205992937088
molecule,CT0211_A2_001,CT0211,Nivolumab,15.8,1,19.0,1170,Platform unclear,1,Cancer and neoplasms,Intravenous,No,1,5.246640600800783,10.199098587036133,0.4009663648209537,0.3809802830219269
molecule,CT0211_A3_001,CT0211,Nivolumab,13.6,1,22.0,1170,Platform unclear,1,Cancer and neoplasms,Intravenous,No,1,5.361019961640716,9.820328712463379,0.4000387871354597,0.37511351704597473
molecule,CT0211_A4_001,CT0211,Nivolumab,0.0,0,21.0,1170,Platform unclear,1,Cancer and neoplasms,Intravenous,No,1,5.278524804150829,10.128434181213379,0.4004370019762843,0.37718284130096436
molecule,CT0212_A1_001,CT0212,Nonacog alfa,0.0,0,17.0,140,ELISA,1,Blood disorders,Intravenous,No,2,20.864262141854656,5.603001594543457,0.3439760316621453,0.0635557696223259
molecule,CT0213_A1_001,CT0213,Secukinumab,0.816326531,0,245.0,84,Not reported,0,Inflammation and autoimmunity,Subcutaneous,No,2,7.784319758720924,3.932051181793213,0.511708605698173,0.17850261926651
molecule,CT0213_A2_001,CT0213,Secukinumab,0.0,0,245.0,84,Not reported,0,Inflammation and autoimmunity,Subcutaneous,No,2,6.106816555424508,2.5399599075317383,0.3918577877241559,0.1570194661617279
molecule,CT0518_A1_003,CT0518,Adalimumab,29.8,1,141.0,28,Platform unclear,0,Inflammation and autoimmunity,Subcutaneous,Yes,3,36.00301232879968,30.502803802490234,0.5862320540226285,0.6897223591804504
molecule,CT0215_A1_002,CT0215,Elotuzumab,33.33333333,1,6.0,1620,ECL/MSD,0,Cancer and neoplasms,Intravenous,No,1,2.12021651116171,7.249117851257324,0.17197977957389596,0.08736889809370041
molecule,CT0215_A2_002,CT0215,Elotuzumab,25.0,1,4.0,1620,ECL/MSD,0,Cancer and neoplasms,Intravenous,No,1,2.0839092822811796,4.686579704284668,0.1746093870588201,0.07918164879083633
molecule,CT0215_A3_002,CT0215,Elotuzumab,16.66666667,1,6.0,1620,ECL/MSD,0,Cancer and neoplasms,Intravenous,No,1,2.12021651116171,7.249117851257324,0.17197977957389596,0.08736889809370041
molecule,CT0216_A1_001,CT0216,Siltuximab,5.0,0,60.0,2190,Platform unclear,1,Blood disorders,Intravenous,No,5,12.572326537973577,3.8818328380584717,0.3225694769058906,0.18832388520240784
molecule,CT0217_A1_002,CT0217,Trastuzumab,0.0,0,114.0,105,Not reported,1,Cancer and neoplasms,Subcutaneous,No,4,6.360433224248534,4.044321060180664,0.33341445110010726,0.1619253158569336
molecule,CT0217_A2_002,CT0217,Trastuzumab,3.4,0,119.0,105,Not reported,1,Cancer and neoplasms,Intravenous,No,4,3.0317326702688803,3.7346997261047363,0.25002506359784715,0.08890724182128906
molecule,CT0217_A1_004,CT0217,Hyaluronidase human,2.6,0,115.0,105,Not reported,1,Cancer and neoplasms,Subcutaneous,No,1,15.471975838484001,22.162437438964844,0.4447262461657916,0.4740890562534332
molecule,CT0217_A2_004,CT0217,Hyaluronidase human,7.6,0,119.0,105,Not reported,1,Cancer and neoplasms,Intravenous,No,1,14.137306160195362,13.88722038269043,0.39271301726285435,0.44033917784690857
molecule,CT0218_A1_002,CT0218,Tralokinumab,0.0,0,150.0,525,Not reported,0,Inflammation and autoimmunity,Subcutaneous,No,4,16.45759957042434,4.609719753265381,0.626284494485929,0.37167176604270935
molecule,CT0218_A2_002,CT0218,Tralokinumab,4.0,0,150.0,525,Not reported,0,Inflammation and autoimmunity,Subcutaneous,No,4,11.9578897826221,2.209408760070801,0.45691579242951313,0.2819366455078125
molecule,CT0219_A1_001,CT0219,Secukinumab,0.985221675,0,203.0,420,Not reported,1,Inflammation and autoimmunity,Subcutaneous,No,2,19.777737713591094,10.56159782409668,0.6081229300824839,0.31272101402282715
molecule,CT0219_A2_001,CT0219,Secukinumab,0.462962963,0,216.0,420,Not reported,1,Inflammation and autoimmunity,Subcutaneous,No,2,19.997729885835763,11.127908706665039,0.6104103592986706,0.3253633379936218
molecule,CT0219_A1_002,CT0219,Secukinumab,0.485436893,0,206.0,420,Not reported,1,Inflammation and autoimmunity,Subcutaneous,No,2,19.987316776187953,10.710018157958984,0.6098342866529795,0.3243580758571625
molecule,CT0219_A2_002,CT0219,Secukinumab,0.460829493,0,217.0,420,Not reported,1,Inflammation and autoimmunity,Subcutaneous,No,2,19.997729885835763,11.037063598632812,0.6104103592986706,0.32487887144088745
molecule,CT0221_A1_001,CT0221,Natalizumab,5.208333333,0,96.0,1500,Not reported,0,Neurological,Intravenous,No,1,3.4194673410670817,3.093092203140259,0.20751021217348006,0.19868606328964233
molecule,CT0222_A1_001,CT0222,Denosumab,0.0,0,86.0,2241,Not reported,1,Cancer and neoplasms,Subcutaneous,No,2,9.262439075706205,7.451032638549805,0.36249043716748375,0.2728065848350525
molecule,CT0223_A1_001,CT0223,Ramucirumab,6.557377049,0,61.0,538,Not reported,0,Cancer and neoplasms,Intravenous,No,3,10.843320055965947,5.543817043304443,0.34256733630843583,0.1917000412940979
molecule,CT0224_A1_001,CT0224,Bococizumab,8.3,0,12.0,85,ELISA,1,Cardiovascular,Intravenous,No,1,3.0846929799533696,3.106689214706421,0.23178597187912028,0.10225888341665268
molecule,CT0224_A2_001,CT0224,Bococizumab,0.0,0,13.0,85,ELISA,1,Cardiovascular,Subcutaneous,No,1,2.9183291552951056,2.725672721862793,0.24367649619070345,0.14349383115768433
molecule,CT0224_A3_001,CT0224,Bococizumab,0.0,0,13.0,85,ELISA,1,Cardiovascular,Subcutaneous,No,1,2.9183291552951056,2.725672721862793,0.24367649619070345,0.14349383115768433
molecule,CT0224_A4_001,CT0224,Bococizumab,0.0,0,11.0,85,ELISA,1,Cardiovascular,Subcutaneous,No,1,2.9523040406375562,3.0559282302856445,0.24807472105010422,0.13971734046936035
molecule,CT0225_A1_001,CT0225,Denosumab,0.0,0,60.0,180,Not reported,1,Musculoskeletal,Subcutaneous,No,2,3.82900972764147,7.7923479080200195,0.28709660378453683,0.3466589152812958
molecule,CT0225_A1_002,CT0225,Denosumab,0.0,0,58.0,360,Not reported,1,Musculoskeletal,Subcutaneous,No,2,4.739136937645228,7.418186664581299,0.2916959265042899,0.33363938331604004
molecule,CT0225_A3_001,CT0225,Denosumab,0.0,0,61.0,360,Not reported,1,Musculoskeletal,Subcutaneous,No,2,4.751882921355895,7.419641494750977,0.2920059868237923,0.32375845313072205
molecule,CT0226_A1_001,CT0226,Daclizumab,30.97345133,1,113.0,308,ECL/MSD,1,Neurological,Subcutaneous,No,1,8.780990131001511,16.696277618408203,0.35104049579821966,0.4780060946941376
molecule,CT0226_A1_002,CT0226,Daclizumab,18.5840708,1,113.0,371,ECL/MSD,1,Neurological,Subcutaneous,No,1,8.791308035105773,17.00327491760254,0.3541309334946534,0.4773581326007843
molecule,CT0226_A1_003,CT0226,Daclizumab,19.09090909,1,110.0,371,ECL/MSD,1,Neurological,Subcutaneous,No,1,8.531778522005926,16.708858489990234,0.3537910513591525,0.4772813320159912
molecule,CT0227_A1_001,CT0227,Denosumab,0.0,0,16.0,113,Not reported,1,Renal and urogenital,Subcutaneous,No,2,3.698913183514066,6.0521087646484375,0.2900842705372956,0.24824023246765137
molecule,CT0227_A2_001,CT0227,Denosumab,0.0,0,16.0,113,Not reported,1,Renal and urogenital,Subcutaneous,No,2,3.698913183514066,6.0521087646484375,0.2900842705372956,0.24824023246765137
molecule,CT0228_A1_001,CT0228,Blinatumomab,0.0,0,5.0,1170,ECL/MSD,1,Cancer and neoplasms,Intravenous,No,4,7.255851743678189,8.239374160766602,0.39429989871922216,0.2550387680530548
molecule,CT0228_A2_001,CT0228,Blinatumomab,0.0,0,7.0,1170,ECL/MSD,1,Cancer and neoplasms,Intravenous,No,4,7.097683760290806,8.465188026428223,0.3932285316215784,0.25056350231170654
molecule,CT0228_A3_001,CT0228,Blinatumomab,0.0,0,5.0,1170,ECL/MSD,1,Cancer and neoplasms,Intravenous,No,4,7.255851743678189,8.239374160766602,0.39429989871922216,0.2550387680530548
molecule,CT0228_A4_001,CT0228,Blinatumomab,0.0,0,6.0,1170,ECL/MSD,1,Cancer and neoplasms,Intravenous,No,4,7.19074471378654,8.694511413574219,0.39661172272449247,0.2538144588470459
molecule,CT0228_A5_001,CT0228,Blinatumomab,0.0,0,26.0,1170,ECL/MSD,1,Cancer and neoplasms,Intravenous,No,4,7.116187218651156,8.86924934387207,0.3767359044925102,0.23680639266967773
molecule,CT0228_A6_001,CT0228,Blinatumomab,0.0,0,44.0,1170,ECL/MSD,1,Cancer and neoplasms,Intravenous,No,4,6.659706706084846,8.62065601348877,0.3757370744769892,0.23833319544792175
molecule,CT0230_A1_002,CT0230,Tralokinumab,0.0,0,55.0,56,Not reported,1,Inflammation and autoimmunity,Subcutaneous,No,4,6.1738744712483,2.9327454566955566,0.28407396353379305,0.15408441424369812
molecule,CT0230_A1_003,CT0230,Tralokinumab,0.0,0,55.0,84,Not reported,1,Inflammation and autoimmunity,Subcutaneous,No,4,6.232816145281299,2.9360203742980957,0.2880865901850102,0.15645147860050201
molecule,CT0230_A1_004,CT0230,Tralokinumab,0.0,0,55.0,112,Not reported,1,Inflammation and autoimmunity,Subcutaneous,No,4,6.149382001251975,3.090768337249756,0.313858314380261,0.16149845719337463
molecule,CT0230_A1_005,CT0230,Tralokinumab,0.0,0,55.0,168,Not reported,1,Inflammation and autoimmunity,Subcutaneous,No,4,6.94152978030816,3.264289379119873,0.33511864629641414,0.17362435162067413
molecule,CT0231_A1_001,CT0231,Denosumab,0.0,0,110.0,182,Not reported,1,Musculoskeletal,Subcutaneous,No,2,4.96756662381198,7.058241844177246,0.28816826801691464,0.23661775887012482
molecule,CT0233_A1_001,CT0233,Reslizumab,4.810126582,0,395.0,196,ELISA,1,Inflammation and autoimmunity,Intravenous,No,5,4.593800342116104,7.145578861236572,0.3345959283312047,0.512442409992218
molecule,CT0233_A1_002,CT0233,Reslizumab,3.291139241,0,395.0,21,ELISA,1,Inflammation and autoimmunity,Intravenous,No,5,4.737805716295907,8.798991203308105,0.3156478039773305,0.5103803873062134
molecule,CT0233_A1_003,CT0233,Reslizumab,3.797468354,0,395.0,56,ELISA,1,Inflammation and autoimmunity,Intravenous,No,5,4.740615305996047,7.061230182647705,0.3186677606814217,0.4964672029018402
molecule,CT0233_A1_004,CT0233,Reslizumab,2.278481013,0,395.0,112,ELISA,1,Inflammation and autoimmunity,Intravenous,No,5,4.686294877421415,6.935794830322266,0.3339340062407347,0.5070319771766663
molecule,CT0233_A1_005,CT0233,Reslizumab,2.53164557,0,395.0,196,ELISA,1,Inflammation and autoimmunity,Intravenous,No,5,4.593800342116104,7.145578861236572,0.3345959283312047,0.512442409992218
molecule,CT0235_A1_003,CT0235,Ofatumumab,0.0,0,35.0,180,Not reported,0,Cancer and neoplasms,Intravenous,No,3,9.796957558825598,9.373010635375977,0.34580440552764125,0.3099401295185089
molecule,CT0235_A2_003,CT0235,Ofatumumab,0.0,0,37.0,180,Not reported,0,Cancer and neoplasms,Intravenous,No,3,9.779058534764156,8.837237358093262,0.34283782742500235,0.3052140176296234
molecule,CT0235_A1_004,CT0235,Ofatumumab,0.0,0,42.0,1095,Not reported,0,Cancer and neoplasms,Intravenous,No,3,8.195533096496355,9.376477241516113,0.3373339513894868,0.31099945306777954
molecule,CT0235_A2_004,CT0235,Ofatumumab,0.0,0,47.0,1095,Not reported,0,Cancer and neoplasms,Intravenous,No,3,8.008606134541878,8.94704818725586,0.3363656087451666,0.30759841203689575
molecule,CT0236_A1_001,CT0236,Rituximab,9.6,0,73.0,169,Not reported,1,Inflammation and autoimmunity,Intravenous,No,2,11.848769463606311,4.942645072937012,0.37567505142584356,0.12772110104560852
molecule,CT0236_A2_001,CT0236,Rituximab,13.5,1,74.0,169,Not reported,1,Inflammation and autoimmunity,Intravenous,No,2,11.6242357314636,4.905045509338379,0.3709799714640755,0.11910947412252426
molecule,CT0236_A3_001,CT0236,Rituximab,12.3,1,73.0,169,Not reported,1,Inflammation and autoimmunity,Intravenous,No,2,11.6242357314636,4.599917411804199,0.36962522570719564,0.11820328235626221
molecule,CT0237_A2_001,CT0237,Tocilizumab,2.4,0,42.0,336,Not reported,1,Non-inflammatory skin diseases,Subcutaneous,No,4,8.216187055764145,8.349767684936523,0.42282518118376167,0.2589946687221527
molecule,CT0238_A2_001,CT0238,MEDI4212,0.0,0,3.0,85,Not reported,1,Inflammation and autoimmunity,Subcutaneous,No,2,13.391937088881383,19.053564071655273,0.5163901808654149,0.41346752643585205
molecule,CT0238_A3_001,CT0238,MEDI4212,0.0,0,3.0,85,Not reported,1,Inflammation and autoimmunity,Subcutaneous,No,2,13.373260202476796,15.911657333374023,0.5088325038686268,0.37884074449539185
molecule,CT0238_A4_001,CT0238,MEDI4212,0.0,0,15.0,85,Not reported,1,Inflammation and autoimmunity,Subcutaneous,No,2,11.831527511790302,18.372146606445312,0.5364905220547089,0.51863694190979
molecule,CT0238_A5_001,CT0238,MEDI4212,5.6,0,18.0,85,Not reported,1,Inflammation and autoimmunity,Subcutaneous,No,2,10.967223644360228,14.289563179016113,0.47998314641215123,0.45070120692253113
molecule,CT0238_A6_001,CT0238,MEDI4212,0.0,0,14.0,85,Not reported,1,Inflammation and autoimmunity,Subcutaneous,No,2,10.04833933380453,10.688337326049805,0.375593419597039,0.33441293239593506
molecule,CT0238_A7_001,CT0238,MEDI4212,0.0,0,8.0,85,Not reported,1,Inflammation and autoimmunity,Intravenous,No,2,8.847919692207688,8.055606842041016,0.3329358824259315,0.2520405352115631
molecule,CT0239_A1_001,CT0239,Secukinumab,5.084745763,0,59.0,1460,Not reported,1,Inflammation and autoimmunity,Subcutaneous,No,2,9.993304388619537,7.281682014465332,0.42513880482950206,0.21032333374023438
molecule,CT0239_A2_001,CT0239,Secukinumab,0.0,0,59.0,1460,Not reported,1,Inflammation and autoimmunity,Subcutaneous,No,2,9.993304388619537,7.281682014465332,0.42513880482950206,0.21032333374023438
molecule,CT0239_A4_001,CT0239,Secukinumab,0.0,0,29.0,1460,Not reported,1,Inflammation and autoimmunity,Subcutaneous,No,2,11.334537516728664,10.059922218322754,0.4436632454418874,0.28186190128326416
molecule,CT0239_A5_001,CT0239,Secukinumab,0.0,0,27.0,1460,Not reported,1,Inflammation and autoimmunity,Subcutaneous,No,2,10.042281190488742,9.07259464263916,0.3765053465031679,0.25665363669395447
molecule,CT0240_A1_001,CT0240,Ramucirumab,0.0,0,17.0,93,Not reported,0,Cancer and neoplasms,Intravenous,No,3,16.730700820342975,10.72042465209961,0.3650830944160943,0.2506183385848999
molecule,CT0241_A1_001,CT0241,Canakinumab,0.0,0,15.0,720,SPR/Biacore,1,Inflammation and autoimmunity,Subcutaneous,No,3,9.607259796838402,9.799747467041016,0.4203302904002066,0.3318198621273041
molecule,CT0242_A1_001,CT0242,Romosozumab,6.7,0,30.0,85,ECL/MSD,1,Musculoskeletal,Subcutaneous,No,2,6.650798579123882,5.865479469299316,0.3867812322509558,0.2862117290496826
molecule,CT0242_A2_001,CT0242,Romosozumab,6.7,0,30.0,85,ECL/MSD,1,Musculoskeletal,Subcutaneous,No,2,6.594287819162398,5.703714370727539,0.36439908028019974,0.2953255772590637
molecule,CT0243_A1_001,CT0243,Bococizumab,6.0,0,50.0,168,Platform unclear,1,Cardiovascular,Subcutaneous,No,1,4.105427252036376,3.999523878097534,0.337360146281429,0.11076410859823227
molecule,CT0243_A2_001,CT0243,Bococizumab,3.9,0,51.0,168,Platform unclear,1,Cardiovascular,Subcutaneous,No,1,3.337440241277151,3.06923770904541,0.2954291530012158,0.11337629705667496
molecule,CT0243_A3_001,CT0243,Bococizumab,10.2,1,49.0,168,Platform unclear,1,Cardiovascular,Subcutaneous,No,1,2.9830066978848486,2.7818551063537598,0.2803392925349117,0.11849470436573029
molecule,CT0243_A4_001,CT0243,Bococizumab,6.0,0,50.0,168,Platform unclear,1,Cardiovascular,Subcutaneous,No,1,2.887346157363677,2.811789035797119,0.26725486556822586,0.11784529685974121
molecule,CT0243_A5_001,CT0243,Bococizumab,9.8,0,51.0,168,Platform unclear,1,Cardiovascular,Subcutaneous,No,1,2.7882779702770732,2.71215558052063,0.26334113198748815,0.12256009876728058
molecule,CT0244_A1_001,CT0244,Tralokinumab,0.0,0,20.0,57,Platform unclear,1,Inflammation and autoimmunity,Subcutaneous,No,4,17.072747186031815,6.971375465393066,0.45126862294173636,0.30626019835472107
molecule,CT0246_A1_001,CT0246,Necitumumab,16.66666667,1,18.0,420,Not reported,1,Cancer and neoplasms,Intravenous,No,1,2.3969302155025347,6.151366233825684,0.13443227686110754,0.19234821200370789
molecule,CT0246_A2_001,CT0246,Necitumumab,0.0,0,17.0,420,Not reported,1,Cancer and neoplasms,Intravenous,No,1,2.3628800287669685,6.273191452026367,0.1368119735738133,0.18180757761001587
molecule,CT0246_A3_001,CT0246,Necitumumab,5.555555556,0,18.0,420,Not reported,0,Cancer and neoplasms,Intravenous,No,1,2.8503187453602505,7.6978678703308105,0.13795810067244837,0.18475045263767242
molecule,CT0246_A2_002,CT0246,Necitumumab,0.0,0,17.0,420,Not reported,0,Cancer and neoplasms,Intravenous,No,1,2.816268558624685,7.641307353973389,0.13795810067244837,0.18666300177574158
molecule,CT0247_A1_001,CT0247,Nivolumab,5.263157895,0,38.0,120,Not reported,1,Cancer and neoplasms,Intravenous,No,1,5.28032035317843,8.995626449584961,0.3372505083441807,0.3458859324455261
molecule,CT0247_A2_001,CT0247,Nivolumab,11.9047619,1,42.0,120,Not reported,1,Cancer and neoplasms,Intravenous,No,1,5.3807408538183426,8.747393608093262,0.3349596090065125,0.3396025002002716
molecule,CT0247_A3_001,CT0247,Nivolumab,45.45454545,1,22.0,120,Not reported,1,Cancer and neoplasms,Intravenous,No,1,5.193526947492689,13.008014678955078,0.36379997775977113,0.416924387216568
molecule,CT0247_A4_001,CT0247,Ipilimumab,4.545454545,0,22.0,120,Not reported,1,Cancer and neoplasms,Intravenous,No,5,18.679514575629305,19.426044464111328,0.5004956138338514,0.441915899515152
molecule,CT0247_A5_001,CT0247,Nivolumab,69.56521739,1,24.0,120,Not reported,1,Cancer and neoplasms,Intravenous,No,1,6.256978384713336,12.764949798583984,0.3876784113821895,0.42409294843673706
molecule,CT0247_A6_001,CT0247,Ipilimumab,17.39130435,1,23.0,120,Not reported,1,Cancer and neoplasms,Intravenous,No,5,18.909537679605283,19.45378875732422,0.5004956138338514,0.4407089948654175
molecule,CT0247_A7_001,CT0247,Nivolumab,9.090909091,0,11.0,120,Not reported,1,Cancer and neoplasms,Intravenous,No,1,4.105100800114654,8.639954566955566,0.3337493549111925,0.3459427058696747
molecule,CT0247_A8_001,CT0247,Nivolumab,70.0,1,10.0,120,Not reported,1,Cancer and neoplasms,Intravenous,No,1,4.9846785345580065,14.42693042755127,0.3738044288367875,0.41444599628448486
molecule,CT0247_A9_001,CT0247,Ipilimumab,0.0,0,9.0,120,Not reported,1,Cancer and neoplasms,Intravenous,No,5,11.085044937640726,11.971552848815918,0.46261118353028213,0.3133995831012726
molecule,CT0247_A10_001,CT0247,Nivolumab,14.28571429,1,7.0,120,Not reported,1,Cancer and neoplasms,Intravenous,No,1,4.109470437221765,9.053132057189941,0.3295971368734645,0.34064435958862305
molecule,CT0248_A1_001,CT0248,Ixekizumab,12.82051282,1,91.0,84,Platform unclear,1,Inflammation and autoimmunity,Subcutaneous,No,4,13.601870681787238,11.453664779663086,0.49857219250310625,0.42594826221466064
molecule,CT0249_A1_001,CT0249,Necitumumab,10.66,1,75.0,630,Not reported,0,Cancer and neoplasms,Intravenous,No,1,3.5595164693043126,5.927123069763184,0.17944438485865088,0.3597108721733093
molecule,CT0249_A1_002,CT0249,Necitumumab,1.333333333,0,75.0,630,Not reported,0,Cancer and neoplasms,Intravenous,No,1,3.5595164693043126,5.927123069763184,0.17944438485865088,0.3597108721733093
molecule,CT0250_A2_003,CT0250,Tralokinumab,0.0,0,32.0,336,Not reported,1,Non-inflammatory respiratory diseases,Intravenous,No,4,6.888609509191744,3.895925521850586,0.3530542133462419,0.20358633995056152
molecule,CT0250_A3_003,CT0250,Tralokinumab,0.0,0,36.0,336,Not reported,1,Non-inflammatory respiratory diseases,Intravenous,No,4,6.924460944826796,3.834120988845825,0.3539230482526554,0.2108738273382187
molecule,CT0250_A2_004,CT0250,Tralokinumab,0.0,0,1.0,504,Not reported,1,Non-inflammatory respiratory diseases,Intravenous,No,4,6.140966503499877,1.5848546028137207,0.31706045321483545,0.17215006053447723
molecule,CT0250_A3_004,CT0250,Tralokinumab,0.0,0,1.0,504,Not reported,1,Non-inflammatory respiratory diseases,Intravenous,No,4,6.18313593040292,1.644114375114441,0.3181012245853549,0.17624759674072266
molecule,CT0250_A2_005,CT0250,Tralokinumab,0.0,0,15.0,574,Not reported,1,Non-inflammatory respiratory diseases,Intravenous,No,4,5.950291530249848,4.276086807250977,0.3401658324768564,0.21023201942443848
molecule,CT0250_A3_005,CT0250,Tralokinumab,0.0,0,12.0,574,Not reported,1,Non-inflammatory respiratory diseases,Intravenous,No,4,6.084455004771938,4.108028411865234,0.341972824916787,0.21368205547332764
molecule,CT0250_A2_006,CT0250,Tralokinumab,0.0,0,13.0,616,Not reported,1,Non-inflammatory respiratory diseases,Intravenous,No,4,6.03056963872175,4.182265758514404,0.34093205354626754,0.21129322052001953
molecule,CT0250_A3_006,CT0250,Tralokinumab,0.0,0,11.0,616,Not reported,1,Non-inflammatory respiratory diseases,Intravenous,No,4,6.072739065624792,4.112049102783203,0.34240632656024045,0.21503792703151703
molecule,CT0251_A1_001,CT0251,Ramucirumab,0.0,0,11.0,730,Not reported,1,Cancer and neoplasms,Intravenous,No,3,5.9549204183069,11.421037673950195,0.3523246731794142,0.26170992851257324
molecule,CT0252_A1_001,CT0252,Secukinumab,1.694915254,0,59.0,1512,Not reported,1,Inflammation and autoimmunity,Subcutaneous,No,2,9.993304388619537,7.320836067199707,0.42513880482950206,0.21131941676139832
molecule,CT0252_A2_001,CT0252,Secukinumab,3.333333333,0,60.0,1512,Not reported,1,Inflammation and autoimmunity,Subcutaneous,No,2,9.89539764258779,7.250080585479736,0.4242629882944214,0.21146425604820251
molecule,CT0252_A4_001,CT0252,Secukinumab,0.0,0,28.0,1512,Not reported,1,Inflammation and autoimmunity,Subcutaneous,No,2,11.37369768988884,10.455991744995117,0.4436632454418874,0.28488215804100037
molecule,CT0252_A5_001,CT0252,Secukinumab,0.0,0,28.0,1512,Not reported,1,Inflammation and autoimmunity,Subcutaneous,No,2,10.042281190488742,9.004863739013672,0.3756282472180788,0.25668734312057495
molecule,CT0253_A1_001,CT0253,Secukinumab,2.597402597,0,77.0,364,Not reported,1,Inflammation and autoimmunity,Subcutaneous,No,2,16.088145167330893,7.778783798217773,0.5467232010211369,0.3023379147052765
molecule,CT0253_A2_001,CT0253,Secukinumab,1.333333333,0,75.0,364,Not reported,1,Inflammation and autoimmunity,Subcutaneous,No,2,15.922081020686035,7.686707973480225,0.5455474976486756,0.3020778000354767
molecule,CT0253_A3_001,CT0253,Secukinumab,1.785714286,0,168.0,364,Not reported,1,Inflammation and autoimmunity,Subcutaneous,No,2,19.067833352716857,9.78734302520752,0.6157107155185657,0.3074541389942169
molecule,CT0253_A4_001,CT0253,Secukinumab,0.0,0,55.0,364,Not reported,1,Inflammation and autoimmunity,Subcutaneous,No,2,15.067333433132838,8.202350616455078,0.5375043081813803,0.3090863525867462
molecule,CT0253_A5_001,CT0253,Secukinumab,4.210526316,0,95.0,364,Not reported,1,Inflammation and autoimmunity,Subcutaneous,No,2,15.995623241916737,8.441289901733398,0.5510473811681933,0.329653263092041
molecule,CT0253_A6_001,CT0253,Secukinumab,0.0,0,60.0,364,Not reported,1,Inflammation and autoimmunity,Subcutaneous,No,2,15.358836133899022,8.032342910766602,0.5413624018330327,0.3047056198120117
molecule,CT0253_A7_001,CT0253,Secukinumab,3.571428571,0,112.0,364,Not reported,1,Inflammation and autoimmunity,Subcutaneous,No,2,16.33931725728162,8.691949844360352,0.5868014407390137,0.3280990421772003
molecule,CT0253_A8_001,CT0253,Secukinumab,6.060606061,0,33.0,364,Not reported,1,Inflammation and autoimmunity,Subcutaneous,No,2,14.842724838366294,8.414804458618164,0.4831966902383024,0.3432399332523346
molecule,CT0254_A1_001,CT0254,Rituximab,3.5,0,57.0,504,Platform unclear,0,Inflammation and autoimmunity,Intravenous,Yes,2,26.359847436596684,28.860342025756836,0.5691381221904915,0.43205878138542175
molecule,CT0254_A1_002,CT0254,Rituximab,5.7,0,53.0,504,Platform unclear,0,Inflammation and autoimmunity,Intravenous,Yes,2,26.17479060561891,28.322635650634766,0.5689763489749028,0.43491998314857483
molecule,CT0254_A1_003,CT0254,Rituximab,2.1,0,48.0,504,Platform unclear,0,Inflammation and autoimmunity,Intravenous,Yes,2,26.17479060561891,28.903156280517578,0.5688275144753263,0.43554607033729553
molecule,CT0254_A1_004,CT0254,Rituximab,8.6,0,58.0,504,Platform unclear,0,Inflammation and autoimmunity,Intravenous,Yes,2,26.359847436596684,28.789196014404297,0.5691381221904915,0.43282556533813477
molecule,CT0254_A2_001,CT0254,Rituximab,0.0,0,31.0,504,Platform unclear,0,Inflammation and autoimmunity,Intravenous,Yes,2,27.75767532077268,32.341773986816406,0.5670993701301477,0.44849270582199097
molecule,CT0254_A2_002,CT0254,Rituximab,3.3,0,30.0,504,Platform unclear,0,Inflammation and autoimmunity,Intravenous,Yes,2,27.75750865410601,33.02915954589844,0.5670993701301477,0.449009507894516
molecule,CT0254_A2_003,CT0254,Rituximab,0.0,0,30.0,504,Platform unclear,0,Inflammation and autoimmunity,Intravenous,Yes,2,27.75750865410601,33.02915954589844,0.5670993701301477,0.449009507894516
molecule,CT0254_A2_004,CT0254,Rituximab,3.1,0,32.0,504,Platform unclear,0,Inflammation and autoimmunity,Intravenous,Yes,2,27.237007716209487,32.33602523803711,0.5653796653697454,0.44854846596717834
molecule,CT0254_A3_001,CT0254,Rituximab,15.2,1,33.0,504,Platform unclear,0,Inflammation and autoimmunity,Intravenous,Yes,2,26.82497770189766,31.871896743774414,0.5653796653697454,0.44640982151031494
molecule,CT0254_A3_002,CT0254,Rituximab,0.0,0,31.0,504,Platform unclear,0,Inflammation and autoimmunity,Intravenous,Yes,2,27.75767532077268,32.341773986816406,0.5670993701301477,0.44849270582199097
molecule,CT0254_A3_003,CT0254,Rituximab,0.0,0,30.0,504,Platform unclear,0,Inflammation and autoimmunity,Intravenous,Yes,2,27.75750865410601,33.02915954589844,0.5670993701301477,0.449009507894516
molecule,CT0254_A3_004,CT0254,Rituximab,15.2,1,33.0,504,Platform unclear,0,Inflammation and autoimmunity,Intravenous,Yes,2,26.82497770189766,31.871896743774414,0.5653796653697454,0.44640982151031494
molecule,CT0254_A4_001,CT0254,Rituximab,13.3,1,30.0,504,Platform unclear,0,Inflammation and autoimmunity,Intravenous,Yes,2,27.75750865410601,33.02915954589844,0.5670993701301477,0.449009507894516
molecule,CT0254_A4_002,CT0254,Rituximab,0.0,0,29.0,504,Platform unclear,0,Inflammation and autoimmunity,Intravenous,Yes,2,28.094060346857706,32.823692321777344,0.5692476838994787,0.4479139745235443
molecule,CT0254_A4_003,CT0254,Rituximab,0.0,0,27.0,504,Platform unclear,0,Inflammation and autoimmunity,Intravenous,Yes,2,28.870620924243635,34.089107513427734,0.5734252783045038,0.4476175010204315
molecule,CT0254_A4_004,CT0254,Rituximab,13.3,1,30.0,504,Platform unclear,0,Inflammation and autoimmunity,Intravenous,Yes,2,27.75750865410601,33.02915954589844,0.5670993701301477,0.449009507894516
molecule,CT0254_A5_001,CT0254,Rituximab,6.7,0,30.0,504,Platform unclear,0,Inflammation and autoimmunity,Intravenous,Yes,2,27.75750865410601,33.02915954589844,0.5670993701301477,0.449009507894516
molecule,CT0254_A5_002,CT0254,Rituximab,6.9,0,29.0,504,Platform unclear,0,Inflammation and autoimmunity,Intravenous,Yes,2,28.094060346857706,32.823692321777344,0.5692476838994787,0.4479139745235443
molecule,CT0254_A5_003,CT0254,Rituximab,0.0,0,29.0,504,Platform unclear,0,Inflammation and autoimmunity,Intravenous,Yes,2,28.094060346857706,32.823692321777344,0.5692476838994787,0.4479139745235443
molecule,CT0254_A5_004,CT0254,Rituximab,6.7,0,30.0,504,Platform unclear,0,Inflammation and autoimmunity,Intravenous,Yes,2,27.75750865410601,33.02915954589844,0.5670993701301477,0.449009507894516
molecule,CT0254_A1_005,CT0254,Rituximab,3.5,0,57.0,504,Platform unclear,0,Inflammation and autoimmunity,Intravenous,No,2,9.286508359554523,14.843588829040527,0.4280202046363566,0.2386634200811386
molecule,CT0254_A1_006,CT0254,Rituximab,5.7,0,53.0,504,Platform unclear,0,Inflammation and autoimmunity,Intravenous,No,2,9.021361972930853,15.02191162109375,0.427858431420768,0.2411155104637146
molecule,CT0254_A1_007,CT0254,Rituximab,2.1,0,48.0,504,Platform unclear,0,Inflammation and autoimmunity,Intravenous,No,2,9.000001503934914,15.196702003479004,0.427858431420768,0.24766217172145844
molecule,CT0254_A1_008,CT0254,Rituximab,8.6,0,58.0,504,Platform unclear,0,Inflammation and autoimmunity,Intravenous,No,2,9.286508359554523,15.326196670532227,0.4280202046363566,0.241187185049057
molecule,CT0254_A2_005,CT0254,Rituximab,3.2,0,31.0,504,Platform unclear,0,Inflammation and autoimmunity,Intravenous,No,2,9.224140922878886,17.500974655151367,0.42520929607192043,0.26157113909721375
molecule,CT0254_A2_006,CT0254,Rituximab,6.7,0,30.0,504,Platform unclear,0,Inflammation and autoimmunity,Intravenous,No,2,9.230334700743125,17.276208877563477,0.42520929607192043,0.26513856649398804
molecule,CT0254_A2_007,CT0254,Rituximab,0.0,0,30.0,504,Platform unclear,0,Inflammation and autoimmunity,Intravenous,No,2,9.230334700743125,17.276208877563477,0.42520929607192043,0.26513856649398804
molecule,CT0254_A2_008,CT0254,Rituximab,6.3,0,32.0,504,Platform unclear,0,Inflammation and autoimmunity,Intravenous,No,2,9.179604188009554,17.02048110961914,0.42520929607192043,0.2623092532157898
molecule,CT0254_A3_005,CT0254,Rituximab,15.2,1,33.0,504,Platform unclear,0,Inflammation and autoimmunity,Intravenous,No,2,9.179604188009554,17.330528259277344,0.42520929607192043,0.25702348351478577
molecule,CT0254_A3_006,CT0254,Rituximab,3.2,0,31.0,504,Platform unclear,0,Inflammation and autoimmunity,Intravenous,No,2,9.224140922878886,17.500974655151367,0.42520929607192043,0.26157113909721375
molecule,CT0254_A3_007,CT0254,Rituximab,3.3,0,30.0,504,Platform unclear,0,Inflammation and autoimmunity,Intravenous,No,2,9.230334700743125,17.276208877563477,0.42520929607192043,0.26513856649398804
molecule,CT0254_A3_008,CT0254,Rituximab,18.2,1,33.0,504,Platform unclear,0,Inflammation and autoimmunity,Intravenous,No,2,9.179604188009554,17.330528259277344,0.42520929607192043,0.25702348351478577
molecule,CT0254_A4_005,CT0254,Rituximab,10.0,1,30.0,504,Platform unclear,0,Inflammation and autoimmunity,Intravenous,No,2,9.230334700743125,17.276208877563477,0.42520929607192043,0.26513856649398804
molecule,CT0254_A4_006,CT0254,Rituximab,3.4,0,29.0,504,Platform unclear,0,Inflammation and autoimmunity,Intravenous,No,2,9.230334700743125,18.19711685180664,0.42735760984125143,0.2625427842140198
molecule,CT0254_A4_007,CT0254,Rituximab,0.0,0,27.0,504,Platform unclear,0,Inflammation and autoimmunity,Intravenous,No,2,9.283030055278033,18.958911895751953,0.4291756479410065,0.2631613612174988
molecule,CT0254_A4_008,CT0254,Rituximab,13.3,1,30.0,504,Platform unclear,0,Inflammation and autoimmunity,Intravenous,No,2,9.230334700743125,17.276208877563477,0.42520929607192043,0.26513856649398804
molecule,CT0254_A5_005,CT0254,Rituximab,10.0,1,30.0,504,Platform unclear,0,Inflammation and autoimmunity,Intravenous,No,2,9.230334700743125,17.276208877563477,0.42520929607192043,0.26513856649398804
molecule,CT0254_A5_006,CT0254,Rituximab,13.8,1,29.0,504,Platform unclear,0,Inflammation and autoimmunity,Intravenous,No,2,9.230334700743125,18.19711685180664,0.42735760984125143,0.2625427842140198
molecule,CT0254_A5_007,CT0254,Rituximab,3.4,0,29.0,504,Platform unclear,0,Inflammation and autoimmunity,Intravenous,No,2,9.230334700743125,18.19711685180664,0.42735760984125143,0.2625427842140198
molecule,CT0254_A5_008,CT0254,Rituximab,13.3,1,30.0,504,Platform unclear,0,Inflammation and autoimmunity,Intravenous,No,2,9.230334700743125,17.276208877563477,0.42520929607192043,0.26513856649398804
molecule,CT0255_A1_001,CT0255,Ixekizumab,13.75661376,1,378.0,84,Platform unclear,1,Inflammation and autoimmunity,Subcutaneous,No,4,6.319861326872974,11.376944541931152,0.5140353867491586,0.5630567669868469
molecule,CT0255_A2_001,CT0255,Ixekizumab,6.084656085,0,378.0,84,Platform unclear,1,Inflammation and autoimmunity,Subcutaneous,No,4,6.319861326872974,11.376944541931152,0.5140353867491586,0.5630567669868469
molecule,CT0255_A3_001,CT0255,Ixekizumab,2.116402116,0,378.0,84,Platform unclear,1,Inflammation and autoimmunity,Subcutaneous,No,4,8.239637332866225,11.885390281677246,0.5547893913966369,0.5734826326370239
molecule,CT0256_A1_002,CT0256,Tocilizumab,7.22,0,166.0,730,Not reported,0,Inflammation and autoimmunity,Subcutaneous,No,4,9.913373367973936,7.2603631019592285,0.4749289973640781,0.34780487418174744
molecule,CT0256_A2_002,CT0256,Tocilizumab,2.3,0,44.0,730,Not reported,0,Inflammation and autoimmunity,Subcutaneous,No,4,9.06119131768275,7.751739501953125,0.421047834287577,0.29200154542922974
molecule,CT0257_A1_003,CT0257,Obinutuzumab,0.0,0,10.0,28,ELISA,1,Cancer and neoplasms,Intravenous,No,2,2.2927980206806033,3.1684324741363525,0.20922264638071228,0.16715309023857117
molecule,CT0257_A2_003,CT0257,Obinutuzumab,0.0,0,10.0,28,ELISA,1,Cancer and neoplasms,Intravenous,No,2,4.0359604853669975,4.356715679168701,0.20946642819741199,0.1876516491174698
molecule,CT0257_A3_003,CT0257,Obinutuzumab,0.0,0,11.0,28,ELISA,1,Cancer and neoplasms,Intravenous,No,2,4.000409708942291,4.218283653259277,0.20498065190836753,0.1818159520626068
molecule,CT0257_A1_004,CT0257,Obinutuzumab,0.0,0,8.0,90,ELISA,1,Cancer and neoplasms,Intravenous,No,2,2.857758736786325,3.4786880016326904,0.24688711329327698,0.1803136169910431
molecule,CT0257_A2_004,CT0257,Obinutuzumab,0.0,0,4.0,90,ELISA,1,Cancer and neoplasms,Intravenous,No,2,4.57063174318957,4.469108581542969,0.2322089896772049,0.18517658114433289
molecule,CT0257_A3_004,CT0257,Obinutuzumab,0.0,0,11.0,90,ELISA,1,Cancer and neoplasms,Intravenous,No,2,4.577318949947406,4.312229156494141,0.22684026878580615,0.18924292922019958
molecule,CT0257_A1_005,CT0257,Obinutuzumab,0.0,0,7.0,180,ELISA,1,Cancer and neoplasms,Intravenous,No,2,2.684053390183965,3.9556994438171387,0.25279840241850515,0.20101968944072723
molecule,CT0257_A2_005,CT0257,Obinutuzumab,0.0,0,4.0,180,ELISA,1,Cancer and neoplasms,Intravenous,No,2,3.8246059149234157,4.6075119972229,0.2294608643590641,0.19371160864830017
molecule,CT0257_A3_005,CT0257,Obinutuzumab,9.090909091,0,11.0,180,ELISA,1,Cancer and neoplasms,Intravenous,No,2,3.837489526235527,4.545753479003906,0.2213627234975288,0.19626262784004211
molecule,CT0259_A2_001,CT0259,Erenumab,0.0,0,3.0,155,Platform unclear,1,Neurological,Subcutaneous,No,5,19.501448393014613,10.547809600830078,0.381524671065036,0.23263706266880035
molecule,CT0259_A3_001,CT0259,Erenumab,0.0,0,3.0,155,Platform unclear,1,Neurological,Subcutaneous,No,5,19.133074474355674,8.388031005859375,0.37184562869877674,0.23091024160385132
molecule,CT0259_A4_001,CT0259,Erenumab,0.0,0,6.0,155,Platform unclear,1,Neurological,Subcutaneous,No,5,20.530699085779126,11.952713966369629,0.3868947910024176,0.25090491771698
molecule,CT0259_A5_001,CT0259,Erenumab,16.7,1,6.0,155,Platform unclear,1,Neurological,Subcutaneous,No,5,20.281387151455988,10.551725387573242,0.3828343572678368,0.25300106406211853
molecule,CT0259_A6_001,CT0259,Erenumab,0.0,0,6.0,155,Platform unclear,1,Neurological,Subcutaneous,No,5,17.026152546520105,8.9655179977417,0.35976891391354965,0.25030866265296936
molecule,CT0259_A7_001,CT0259,Erenumab,0.0,0,6.0,155,Platform unclear,1,Neurological,Intravenous,No,5,2.5984620766371456,6.198974609375,0.23877426442510066,0.16291502118110657
molecule,CT0259_A8_001,CT0259,Erenumab,0.0,0,6.0,155,Platform unclear,1,Neurological,Subcutaneous,No,5,16.902832286801466,8.16974925994873,0.3320736292898084,0.24536284804344177
molecule,CT0259_A10_001,CT0259,Erenumab,0.0,0,6.0,155,Platform unclear,1,Neurological,Subcutaneous,No,5,17.026152546520105,8.9655179977417,0.35976891391354965,0.25030866265296936
molecule,CT0260_A1_001,CT0260,Polatuzumab vedotin,0.0,0,2.0,1825,Not reported,0,Cancer and neoplasms,Intravenous,No,4,2.6553255631437622,1.2878105640411377,0.15626016030255557,0.13045445084571838
molecule,CT0587_A1_001,CT0587,Bevacizumab,2.6,0,38.0,0,Not reported,1,Healthy Volunteer,Intravenous,Yes,5,5.509861426131742,39.27519989013672,0.27728298796063666,0.22175049781799316
molecule,CT0260_A2_002,CT0260,Polatuzumab vedotin,0.0,0,53.0,1825,Not reported,0,Cancer and neoplasms,Intravenous,No,4,2.7431517855697756,2.0255069732666016,0.1689791723911381,0.14803600311279297
molecule,CT0587_A2_001,CT0587,Bevacizumab,2.6,0,38.0,0,Not reported,1,Healthy Volunteer,Intravenous,No,5,5.02121052958547,14.046836853027344,0.16569378896042902,0.057387612760066986
molecule,CT0260_A3_002,CT0260,Polatuzumab vedotin,0.0,0,20.0,1825,Not reported,0,Cancer and neoplasms,Intravenous,No,4,2.687881356424413,2.9337263107299805,0.1706393322411528,0.15531061589717865
molecule,CT0443_A3_002,CT0443,Atezolizumab,2.6,0,39.0,2,Not reported,1,Cancer and neoplasms,Intravenous,No,3,7.759429200014554,2.8528213500976562,0.26296534696354285,0.161447674036026
molecule,CT0260_A4_002,CT0260,Polatuzumab vedotin,0.0,0,6.0,1825,Not reported,0,Cancer and neoplasms,Intravenous,No,4,2.5892681338390884,5.339964866638184,0.1861765242499893,0.21676966547966003
molecule,CT0260_A5_002,CT0260,Polatuzumab vedotin,0.0,0,36.0,1825,Not reported,0,Cancer and neoplasms,Intravenous,No,4,2.7077506450674944,2.670034885406494,0.16903723086627248,0.17902228236198425
molecule,CT0260_A6_002,CT0260,Polatuzumab vedotin,0.0,0,36.0,1825,Not reported,0,Cancer and neoplasms,Intravenous,No,4,2.7077506450674944,2.670034885406494,0.16903723086627248,0.17902228236198425
molecule,CT0260_A4_004,CT0260,Obinutuzumab,0.0,0,6.0,1825,Not reported,0,Cancer and neoplasms,Intravenous,No,2,3.21282693004076,3.285189151763916,0.20245938363970278,0.1556573063135147
molecule,CT0260_A5_004,CT0260,Obinutuzumab,0.0,0,36.0,1825,Not reported,0,Cancer and neoplasms,Intravenous,No,2,2.866151609539329,1.4308233261108398,0.1706272589254768,0.1174226701259613
molecule,CT0260_A6_004,CT0260,Obinutuzumab,0.0,0,37.0,1825,Not reported,0,Cancer and neoplasms,Intravenous,No,2,2.866151609539329,1.4660375118255615,0.1706272589254768,0.1158461645245552
molecule,CT0260_A1_003,CT0260,Pinatuzumab Vedotin,0.0,0,56.0,1825,Not reported,0,Cancer and neoplasms,Intravenous,No,5,12.536676292614015,2.77341890335083,0.3712244236838444,0.1899699568748474
molecule,CT0260_A2_004,CT0260,Pinatuzumab Vedotin,0.0,0,1.0,1825,Not reported,0,Cancer and neoplasms,Intravenous,No,5,12.72789299820575,0.5983048677444458,0.33865644192842087,0.08915591984987259
molecule,CT0261_A1_001,CT0261,Durvalumab,8.9,0,45.0,1916,Not reported,1,Cancer and neoplasms,Intravenous,No,5,14.72963548210237,10.520347595214844,0.5594572189748797,0.40715301036834717
molecule,CT0261_A2_001,CT0261,Durvalumab,1.8,0,56.0,1916,Not reported,1,Cancer and neoplasms,Intravenous,No,5,9.927167394273903,9.396082878112793,0.517141072700107,0.34133368730545044
molecule,CT0261_A3_001,CT0261,Durvalumab,0.0,0,17.0,1916,Not reported,1,Cancer and neoplasms,Intravenous,No,5,9.08394535378791,10.218152046203613,0.511965330143346,0.38773635029792786
molecule,CT0261_A4_001,CT0261,Durvalumab,2.3,0,257.0,1916,Not reported,1,Cancer and neoplasms,Intravenous,No,5,12.216214346217896,10.737115859985352,0.5719296785687251,0.4154380261898041
molecule,CT0261_A5_001,CT0261,Durvalumab,0.0,0,37.0,1916,Not reported,1,Cancer and neoplasms,Intravenous,No,5,10.378626094245725,9.565912246704102,0.5276425449131626,0.36855876445770264
molecule,CT0261_A6_001,CT0261,Durvalumab,0.0,0,17.0,1916,Not reported,1,Cancer and neoplasms,Intravenous,No,5,9.08394535378791,10.218152046203613,0.511965330143346,0.38773635029792786
molecule,CT0261_A7_001,CT0261,Durvalumab,4.8,0,21.0,1916,Not reported,1,Cancer and neoplasms,Intravenous,No,5,9.338334159719968,10.060315132141113,0.5173395283582158,0.3875981569290161
molecule,CT0261_A8_001,CT0261,Durvalumab,0.0,0,38.0,1916,Not reported,1,Cancer and neoplasms,Intravenous,No,5,10.332325051235541,9.675362586975098,0.5276425449131626,0.363057404756546
molecule,CT0261_A9_001,CT0261,Durvalumab,3.0,0,33.0,1916,Not reported,1,Cancer and neoplasms,Intravenous,No,5,10.422140259525245,9.837510108947754,0.5292200669252088,0.3795586824417114
molecule,CT0261_A10_001,CT0261,Durvalumab,0.0,0,26.0,1916,Not reported,1,Cancer and neoplasms,Intravenous,No,5,9.91955033369756,9.847818374633789,0.5242599688258661,0.3847061097621918
molecule,CT0261_A11_001,CT0261,Durvalumab,4.7,0,148.0,1916,Not reported,1,Cancer and neoplasms,Intravenous,No,5,10.898390733933015,9.95339584350586,0.5286695665105294,0.37731465697288513
molecule,CT0261_A12_001,CT0261,Durvalumab,0.0,0,17.0,1916,Not reported,1,Cancer and neoplasms,Intravenous,No,5,9.08394535378791,10.218152046203613,0.511965330143346,0.38773635029792786
molecule,CT0261_A13_001,CT0261,Durvalumab,4.9,0,41.0,1916,Not reported,1,Cancer and neoplasms,Intravenous,No,5,10.234078132749524,9.483004570007324,0.5281672204499764,0.3625182807445526
molecule,CT0261_A14_001,CT0261,Durvalumab,5.3,0,19.0,1916,Not reported,1,Cancer and neoplasms,Intravenous,No,5,9.160652171282832,10.10384750366211,0.5178584820172646,0.38810083270072937
molecule,CT0261_A15_001,CT0261,Durvalumab,0.0,0,15.0,1916,Not reported,1,Cancer and neoplasms,Intravenous,No,5,9.345164116879687,10.77582836151123,0.5117450150891031,0.3918992877006531
molecule,CT0261_A16_001,CT0261,Durvalumab,3.4,0,58.0,1916,Not reported,1,Cancer and neoplasms,Intravenous,No,5,9.91506618981394,9.471417427062988,0.517141072700107,0.33824774622917175
molecule,CT0261_A17_001,CT0261,Durvalumab,0.0,0,6.0,1916,Not reported,1,Cancer and neoplasms,Intravenous,No,5,8.444449956214026,10.469223022460938,0.5055457432481154,0.4100765883922577
molecule,CT0262_A1_001,CT0262,Ixekizumab,5.607476636,0,107.0,168,Not reported,1,Inflammation and autoimmunity,Subcutaneous,No,4,6.434437151103441,13.014786720275879,0.47811325783789443,0.47589635848999023
molecule,CT0262_A2_001,CT0262,Ixekizumab,5.0,0,100.0,168,Not reported,1,Inflammation and autoimmunity,Subcutaneous,No,4,6.721852714849111,12.890210151672363,0.4707151575033105,0.47092652320861816
molecule,CT0518_A2_003,CT0518,Adalimumab,21.3,1,141.0,28,Not reported,0,Inflammation and autoimmunity,Subcutaneous,No,3,5.378512257106821,14.452406883239746,0.3511664889790251,0.37017571926116943
molecule,CT0752_A1_001,CT0752,Adalimumab,0.67,0,299.0,28,Platform unclear,0,Inflammation and autoimmunity,Subcutaneous,No,3,18.934533338135367,5.83537483215332,0.4344500051555998,0.11602459847927094
molecule,CT0264_A2_001,CT0264,Erenumab,16.7,1,6.0,225,Platform unclear,1,Neurological,Subcutaneous,No,5,26.136376145437712,13.529703140258789,0.4176042848190887,0.26357391476631165
molecule,CT0264_A3_001,CT0264,Erenumab,33.3,1,6.0,225,Platform unclear,1,Neurological,Subcutaneous,No,5,25.531237126728342,11.966062545776367,0.41550989895936113,0.2647762596607208
molecule,CT0264_A4_001,CT0264,Erenumab,0.0,0,6.0,225,Platform unclear,1,Neurological,Subcutaneous,No,5,20.698541589483867,10.128664016723633,0.3913676860837399,0.2601481080055237
molecule,CT0264_A5_001,CT0264,Erenumab,33.3,1,6.0,225,Platform unclear,1,Neurological,Subcutaneous,No,5,19.99816959757434,8.672880172729492,0.33774686899629136,0.254835307598114
molecule,CT0264_A6_001,CT0264,Erenumab,0.0,0,6.0,225,Platform unclear,1,Neurological,Subcutaneous,No,5,26.136376145437712,13.529703140258789,0.4176042848190887,0.26357391476631165
molecule,CT0264_A7_001,CT0264,Erenumab,0.0,0,6.0,225,Platform unclear,1,Neurological,Subcutaneous,No,5,20.698541589483867,10.128664016723633,0.3913676860837399,0.2601481080055237
molecule,CT0265_A1_001,CT0265,Rituximab,2.0,0,342.0,1460,Not reported,1,Cancer and neoplasms,Intravenous,No,2,12.521635302813324,5.222127914428711,0.38103135882780226,0.18405237793922424
molecule,CT0265_A1_002,CT0265,Rituximab,2.1,0,333.0,1460,Not reported,1,Cancer and neoplasms,Intravenous,No,2,12.521635302813324,5.179100036621094,0.38103135882780226,0.1868436187505722
molecule,CT0265_A1_003,CT0265,Rituximab,0.3,0,328.0,1460,Not reported,1,Cancer and neoplasms,Intravenous,No,2,12.507267203907944,5.177484512329102,0.38103135882780226,0.19375665485858917
molecule,CT0265_A1_004,CT0265,Rituximab,0.0,0,323.0,1460,Not reported,1,Cancer and neoplasms,Intravenous,No,2,12.447130714607441,5.090547561645508,0.38103135882780226,0.18637815117835999
molecule,CT0265_A1_005,CT0265,Rituximab,0.0,0,283.0,1460,Not reported,1,Cancer and neoplasms,Intravenous,No,2,12.198484315071479,4.704911231994629,0.3635632209807906,0.18268370628356934
molecule,CT0265_A1_006,CT0265,Rituximab,0.0,0,237.0,1460,Not reported,1,Cancer and neoplasms,Intravenous,No,2,12.024553232651261,3.6818885803222656,0.3528013016665236,0.15676526725292206
molecule,CT0265_A1_007,CT0265,Rituximab,0.0,0,300.0,1460,Not reported,1,Cancer and neoplasms,Intravenous,No,2,12.359975980370372,4.986616134643555,0.3790560576001524,0.18403306603431702
molecule,CT0265_A1_008,CT0265,Rituximab,0.0,0,288.0,1460,Not reported,1,Cancer and neoplasms,Intravenous,No,2,12.332712383330538,4.688016891479492,0.37780888828247067,0.1750478446483612
molecule,CT0265_A1_009,CT0265,Rituximab,0.0,0,281.0,1460,Not reported,1,Cancer and neoplasms,Intravenous,No,2,12.198484315071479,4.663623809814453,0.3635632209807906,0.17523685097694397
molecule,CT0265_A1_010,CT0265,Rituximab,0.0,0,261.0,1460,Not reported,1,Cancer and neoplasms,Intravenous,No,2,12.15441327613511,4.177284240722656,0.36097317763470327,0.16968682408332825
molecule,CT0265_A1_011,CT0265,Rituximab,1.8,0,166.0,180,Not reported,1,Cancer and neoplasms,Intravenous,No,2,14.366209241651916,3.403463363647461,0.33628593405350804,0.09884658455848694
molecule,CT0265_A1_012,CT0265,Rituximab,2.1,0,141.0,360,Not reported,1,Cancer and neoplasms,Intravenous,No,2,12.867504414719573,2.9134886264801025,0.34615950025832753,0.09288924187421799
molecule,CT0265_A1_013,CT0265,Rituximab,0.6,0,174.0,1460,Not reported,1,Cancer and neoplasms,Intravenous,No,2,12.39329186782886,2.988375186920166,0.3337633930760411,0.1318904012441635
molecule,CT0265_A2_001,CT0265,Rituximab,3.0,0,335.0,1460,Not reported,1,Cancer and neoplasms,Intravenous,No,2,12.527693526861867,5.2635297775268555,0.3897669777985918,0.19572219252586365
molecule,CT0265_A2_002,CT0265,Rituximab,2.2,0,325.0,1460,Not reported,1,Cancer and neoplasms,Intravenous,No,2,12.453650317338209,5.257091999053955,0.3897669777985918,0.18757537007331848
molecule,CT0265_A2_003,CT0265,Rituximab,0.9,0,322.0,1460,Not reported,1,Cancer and neoplasms,Intravenous,No,2,12.453188938655984,5.168877124786377,0.3897669777985918,0.1852491796016693
molecule,CT0265_A2_004,CT0265,Rituximab,0.3,0,323.0,1460,Not reported,1,Cancer and neoplasms,Intravenous,No,2,12.453188938655984,5.293369770050049,0.3897669777985918,0.18849222362041473
molecule,CT0265_A2_005,CT0265,Rituximab,0.0,0,281.0,1460,Not reported,1,Cancer and neoplasms,Intravenous,No,2,12.201992111769801,4.747014999389648,0.3702008336165699,0.17574845254421234
molecule,CT0265_A2_006,CT0265,Rituximab,0.0,0,253.0,1460,Not reported,1,Cancer and neoplasms,Intravenous,No,2,12.157921072833433,4.07314920425415,0.36135197351327325,0.1584818959236145
molecule,CT0265_A2_007,CT0265,Rituximab,0.0,0,289.0,1460,Not reported,1,Cancer and neoplasms,Intravenous,No,2,12.33877060737908,4.811671257019043,0.38444650091824994,0.1788264960050583
molecule,CT0265_A2_008,CT0265,Rituximab,0.0,0,290.0,1460,Not reported,1,Cancer and neoplasms,Intravenous,No,2,12.350186207211216,4.877635955810547,0.38444650091824994,0.18036168813705444
molecule,CT0265_A2_009,CT0265,Rituximab,0.0,0,283.0,1460,Not reported,1,Cancer and neoplasms,Intravenous,No,2,12.201992111769801,4.721804618835449,0.3702008336165699,0.17956899106502533
molecule,CT0265_A2_010,CT0265,Rituximab,0.0,0,260.0,1460,Not reported,1,Cancer and neoplasms,Intravenous,No,2,12.157921072833433,4.244073867797852,0.36761079027048266,0.16335339844226837
molecule,CT0265_A2_011,CT0265,Rituximab,0.0,0,183.0,180,Not reported,1,Cancer and neoplasms,Intravenous,No,2,14.396635896510798,3.2537691593170166,0.3446990931309336,0.09750465303659439
molecule,CT0265_A2_012,CT0265,Rituximab,0.6,0,161.0,360,Not reported,1,Cancer and neoplasms,Intravenous,No,2,13.092847831313007,2.7908239364624023,0.3493936012340785,0.09623586386442184
molecule,CT0265_A2_013,CT0265,Rituximab,0.6,0,171.0,1460,Not reported,1,Cancer and neoplasms,Intravenous,No,2,12.420583387889646,3.038379669189453,0.3397443083181342,0.12705838680267334
molecule,CT0265_A1_014,CT0265,Hyaluronidase human,11.4,1,35.0,1460,Not reported,1,Cancer and neoplasms,Intravenous,No,1,9.72719943461112,10.425292015075684,0.4035542148616424,0.3351154327392578
molecule,CT0265_A1_015,CT0265,Hyaluronidase human,7.0,0,342.0,1460,Not reported,1,Cancer and neoplasms,Intravenous,No,1,9.42028049408196,8.680002212524414,0.41072922757529595,0.3171837031841278
molecule,CT0265_A1_016,CT0265,Hyaluronidase human,7.1,0,339.0,1460,Not reported,1,Cancer and neoplasms,Intravenous,No,1,9.42028049408196,8.89216423034668,0.41072922757529595,0.31864649057388306
molecule,CT0265_A1_017,CT0265,Hyaluronidase human,7.0,0,327.0,1460,Not reported,1,Cancer and neoplasms,Intravenous,No,1,9.359570811276129,8.887474060058594,0.41077317678184216,0.3238166868686676
molecule,CT0265_A1_018,CT0265,Hyaluronidase human,9.0,0,279.0,1460,Not reported,1,Cancer and neoplasms,Intravenous,No,1,9.180284699252706,9.075011253356934,0.41345400957112083,0.32563742995262146
molecule,CT0265_A1_019,CT0265,Hyaluronidase human,12.5,1,24.0,1460,Not reported,1,Cancer and neoplasms,Intravenous,No,1,9.517595383356868,10.828385353088379,0.3967118664351434,0.3320939242839813
molecule,CT0265_A1_020,CT0265,Hyaluronidase human,16.0,1,25.0,1460,Not reported,1,Cancer and neoplasms,Intravenous,No,1,9.412762254113767,10.906620025634766,0.3967118664351434,0.3331001102924347
molecule,CT0265_A1_021,CT0265,Hyaluronidase human,23.8,1,21.0,1460,Not reported,1,Cancer and neoplasms,Intravenous,No,1,9.561827391953292,11.011438369750977,0.3946166961443098,0.3276277184486389
molecule,CT0265_A1_022,CT0265,Hyaluronidase human,13.3,1,15.0,1460,Not reported,1,Cancer and neoplasms,Intravenous,No,1,9.11318857451568,11.508974075317383,0.3927222179560296,0.325793981552124
molecule,CT0265_A1_023,CT0265,Hyaluronidase human,10.0,1,240.0,1460,Not reported,1,Cancer and neoplasms,Intravenous,No,1,9.24590327286329,8.996623039245605,0.4141988140490435,0.32909032702445984
molecule,CT0265_A1_024,CT0265,Hyaluronidase human,6.5,0,155.0,180,Not reported,1,Cancer and neoplasms,Intravenous,No,1,9.062344963004012,11.917153358459473,0.4030217699297763,0.35384735465049744
molecule,CT0265_A1_025,CT0265,Hyaluronidase human,7.7,0,142.0,360,Not reported,1,Cancer and neoplasms,Intravenous,No,1,9.22372810658788,11.329533576965332,0.4058871330330442,0.34210196137428284
molecule,CT0265_A1_026,CT0265,Hyaluronidase human,3.5,0,171.0,1460,Not reported,1,Cancer and neoplasms,Intravenous,No,1,9.415324406691665,9.415754318237305,0.398942435067792,0.3365084230899811
molecule,CT0265_A2_014,CT0265,Hyaluronidase human,15.6,1,32.0,1460,Not reported,1,Cancer and neoplasms,Intravenous,No,1,9.982294644817497,9.651055335998535,0.4063170370809233,0.35818609595298767
molecule,CT0265_A2_015,CT0265,Hyaluronidase human,18.2,1,33.0,1460,Not reported,1,Cancer and neoplasms,Intravenous,No,1,10.087767709588897,9.711952209472656,0.4063170370809233,0.35764992237091064
molecule,CT0265_A2_016,CT0265,Hyaluronidase human,23.5,1,34.0,1460,Not reported,1,Cancer and neoplasms,Intravenous,No,1,10.035493143422359,9.591848373413086,0.41003088445462127,0.35999444127082825
molecule,CT0265_A2_017,CT0265,Hyaluronidase human,14.7,1,34.0,1460,Not reported,1,Cancer and neoplasms,Intravenous,No,1,10.035493143422359,9.591848373413086,0.41003088445462127,0.35999444127082825
molecule,CT0265_A2_018,CT0265,Hyaluronidase human,9.7,0,269.0,1460,Not reported,1,Cancer and neoplasms,Intravenous,No,1,9.301079008204972,8.317704200744629,0.4203052173398331,0.3366578221321106
molecule,CT0265_A2_019,CT0265,Hyaluronidase human,10.2,1,266.0,1460,Not reported,1,Cancer and neoplasms,Intravenous,No,1,9.311835187892006,8.273823738098145,0.4203052173398331,0.33877989649772644
molecule,CT0265_A2_020,CT0265,Hyaluronidase human,11.6,1,303.0,1460,Not reported,1,Cancer and neoplasms,Intravenous,No,1,9.301209150072005,8.087438583374023,0.41963236991195224,0.340275377035141
molecule,CT0265_A2_021,CT0265,Hyaluronidase human,10.9,1,303.0,1460,Not reported,1,Cancer and neoplasms,Intravenous,No,1,9.301209150072005,8.087438583374023,0.41963236991195224,0.340275377035141
molecule,CT0265_A2_022,CT0265,Hyaluronidase human,11.0,1,291.0,1460,Not reported,1,Cancer and neoplasms,Intravenous,No,1,9.274057055368742,8.122032165527344,0.4186100490874188,0.3385888934135437
molecule,CT0265_A2_023,CT0265,Hyaluronidase human,12.6,1,261.0,1460,Not reported,1,Cancer and neoplasms,Intravenous,No,1,9.256750961819996,8.263251304626465,0.42067678516880314,0.3450447618961334
molecule,CT0265_A2_024,CT0265,Hyaluronidase human,13.4,1,172.0,180,Not reported,1,Cancer and neoplasms,Intravenous,No,1,9.040693764265521,10.93630313873291,0.4120160794619473,0.3793799877166748
molecule,CT0265_A2_025,CT0265,Hyaluronidase human,8.7,0,161.0,360,Not reported,1,Cancer and neoplasms,Intravenous,No,1,9.081667538756397,10.289819717407227,0.41598888098790787,0.3712385594844818
molecule,CT0265_A2_026,CT0265,Hyaluronidase human,6.3,0,175.0,1460,Not reported,1,Cancer and neoplasms,Intravenous,No,1,9.450927508119717,8.638998031616211,0.40635569957409295,0.34959009289741516
molecule,CT0266_A1_001,CT0266,Tocilizumab,0.0,0,7.0,364,Not reported,1,Inflammation and autoimmunity,Intravenous,No,4,3.4046887276281605,9.674602508544922,0.27262790225564587,0.1838873028755188
molecule,CT0266_A2_001,CT0266,Tocilizumab,0.0,0,15.0,364,Not reported,1,Inflammation and autoimmunity,Intravenous,No,4,3.335951184409247,7.936624526977539,0.2622062139399422,0.16567394137382507
molecule,CT0266_A3_001,CT0266,Tocilizumab,0.0,0,1.0,364,Not reported,1,Inflammation and autoimmunity,Intravenous,No,4,4.168636062730061,2.2906394004821777,0.259870182152387,0.10347864031791687
molecule,CT0266_A4_001,CT0266,Tocilizumab,0.0,0,6.0,364,Not reported,1,Inflammation and autoimmunity,Intravenous,No,4,3.620993535056876,10.885978698730469,0.2743708829919261,0.1874893307685852
molecule,CT0469_A1_003,CT0469,Adalimumab,78.3,1,23.0,84,Platform unclear,1,Inflammation and autoimmunity,Subcutaneous,Yes,3,7.767954747332204,5.76779317855835,0.40029645041089673,0.2408488392829895
molecule,CT0475_A1_004,CT0475,Adalimumab,10.2,1,157.0,84,Platform unclear,0,Inflammation and autoimmunity,Subcutaneous,Yes,3,8.672656868022768,18.826688766479492,0.5246004978654059,0.6199801564216614
molecule,CT0269_A1_001,CT0269,Pinatuzumab Vedotin,1.47,0,68.0,127,ELISA,1,Cancer and neoplasms,Intravenous,No,5,13.251486954761967,8.485692024230957,0.3615602191904355,0.40220198035240173
molecule,CT0269_A2_001,CT0269,Bevacizumab,1.52,0,66.0,127,ELISA,1,Cancer and neoplasms,Intravenous,No,5,1.580686761993723,2.822084903717041,0.14332102342958622,0.04849182069301605
molecule,CT0270_A1_001,CT0270,Necitumumab,4.444444444,0,90.0,1170,Platform unclear,1,Cancer and neoplasms,Intravenous,No,1,4.590282713024458,3.9374701976776123,0.1746385929643573,0.2514864206314087
molecule,CT0271_A1_001,CT0271,Necitumumab,2.8,0,106.0,126,Not reported,1,Cancer and neoplasms,Intravenous,No,1,1.614462060693124,2.2925548553466797,0.06607801274900885,0.06384196877479553
molecule,CT0272_A1_001,CT0272,Avelumab,0.0,0,3.0,1023,ECL/MSD,1,Cancer and neoplasms,Intravenous,No,4,4.8736189380604635,3.3253700733184814,0.2649922010368256,0.09121459722518921
molecule,CT0272_A2_001,CT0272,Avelumab,15.38461538,1,13.0,1023,ECL/MSD,1,Cancer and neoplasms,Intravenous,No,4,4.125843028425731,4.672314643859863,0.26462599223936406,0.08997875452041626
molecule,CT0272_A3_001,CT0272,Avelumab,0.0,0,9.0,1023,ECL/MSD,1,Cancer and neoplasms,Intravenous,No,4,4.038942037249148,3.721747398376465,0.2381693056726015,0.08696386218070984
molecule,CT0272_A4_001,CT0272,Avelumab,0.0,0,20.0,1023,ECL/MSD,1,Cancer and neoplasms,Intravenous,No,4,4.124547870419298,3.839174747467041,0.24842000430184744,0.08244716376066208
molecule,CT0272_A5_001,CT0272,Avelumab,9.239130435,0,184.0,1023,ECL/MSD,1,Cancer and neoplasms,Intravenous,No,4,4.720997273285152,4.671441078186035,0.30196412411287604,0.0705634206533432
molecule,CT0272_A6_001,CT0272,Avelumab,5.806451613,0,155.0,1023,ECL/MSD,1,Cancer and neoplasms,Intravenous,No,4,4.698931715234434,4.687345027923584,0.298592839903721,0.07033370435237885
molecule,CT0272_A7_001,CT0272,Avelumab,10.11904762,1,168.0,1023,ECL/MSD,1,Cancer and neoplasms,Intravenous,No,4,4.72303010156798,4.743966102600098,0.29832459787749926,0.06979832798242569
molecule,CT0272_A8_001,CT0272,Avelumab,5.0,0,60.0,1023,ECL/MSD,1,Cancer and neoplasms,Intravenous,No,4,4.197853315426576,3.618964672088623,0.2531504851307534,0.07278940826654434
molecule,CT0272_A9_001,CT0272,Avelumab,6.666666667,0,90.0,1023,ECL/MSD,1,Cancer and neoplasms,Intravenous,No,4,4.42349386972426,4.126975059509277,0.28282958567926453,0.07101757079362869
molecule,CT0272_A10_001,CT0272,Avelumab,0.0,0,21.0,1023,ECL/MSD,1,Cancer and neoplasms,Intravenous,No,4,4.244129893125593,3.6348228454589844,0.2345298481629866,0.07957876473665237
molecule,CT0272_A11_001,CT0272,Avelumab,0.0,0,18.0,1023,ECL/MSD,1,Cancer and neoplasms,Intravenous,No,4,4.197284380875983,3.5835561752319336,0.2337866555600156,0.08041427284479141
molecule,CT0272_A12_001,CT0272,Avelumab,8.0,0,50.0,1023,ECL/MSD,1,Cancer and neoplasms,Intravenous,No,4,4.180032959252797,3.5154175758361816,0.24608616103315772,0.07483620196580887
molecule,CT0272_A13_001,CT0272,Avelumab,9.803921569,0,51.0,1023,ECL/MSD,1,Cancer and neoplasms,Intravenous,No,4,4.180032959252797,3.487386703491211,0.247520057635687,0.07396802306175232
molecule,CT0272_A14_001,CT0272,Avelumab,5.660377358,0,53.0,1023,ECL/MSD,1,Cancer and neoplasms,Intravenous,No,4,4.180032959252797,3.496314764022827,0.2493510198626738,0.07382832467556
molecule,CT0272_A15_001,CT0272,Avelumab,4.651162791,0,43.0,1023,ECL/MSD,1,Cancer and neoplasms,Intravenous,No,4,4.162329031883922,3.372358560562134,0.2433152226250524,0.07529115676879883
molecule,CT0272_A16_001,CT0272,Avelumab,4.0,0,125.0,1023,ECL/MSD,1,Cancer and neoplasms,Intravenous,No,4,4.721098496216429,4.667767524719238,0.2976370768220902,0.07035961747169495
molecule,CT0272_A17_001,CT0272,Avelumab,8.196721311,0,61.0,1023,ECL/MSD,1,Cancer and neoplasms,Intravenous,No,4,4.197853315426576,3.6275269985198975,0.2531504851307534,0.07283298671245575
molecule,CT0272_A18_001,CT0272,Avelumab,15.0,1,20.0,1023,ECL/MSD,1,Cancer and neoplasms,Intravenous,No,4,4.244129893125593,3.5906152725219727,0.23645324533201242,0.08003539592027664
molecule,CT0272_A19_001,CT0272,Avelumab,4.854368932,0,103.0,1023,ECL/MSD,1,Cancer and neoplasms,Intravenous,No,4,4.674996510839977,4.406839370727539,0.2990089561121357,0.07148095220327377
molecule,CT0272_A20_001,CT0272,Avelumab,8.457711443,0,201.0,1023,ECL/MSD,1,Cancer and neoplasms,Intravenous,No,4,4.720997273285152,4.75201416015625,0.30153977063292126,0.06997743248939514
molecule,CT0272_A21_001,CT0272,Avelumab,4.615384615,0,130.0,1023,ECL/MSD,1,Cancer and neoplasms,Intravenous,No,4,4.706578810224577,4.722208499908447,0.2976370768220902,0.07016299664974213
molecule,CT0272_A22_001,CT0272,Avelumab,3.311258278,0,151.0,1023,ECL/MSD,1,Cancer and neoplasms,Intravenous,No,4,4.689180281304604,4.716388702392578,0.298592839903721,0.0704069435596466
molecule,CT0273_A1_001,CT0273,Ixekizumab,11.8,1,102.0,336,Platform unclear,1,Inflammation and autoimmunity,Subcutaneous,No,4,16.022426823057945,10.247686386108398,0.5778359469580471,0.5309537649154663
molecule,CT0273_A2_001,CT0273,Ixekizumab,8.1,0,99.0,336,Platform unclear,1,Inflammation and autoimmunity,Subcutaneous,No,4,16.05150302090006,10.493876457214355,0.5778066098359054,0.5333619117736816
molecule,CT0274_A1_002,CT0274,Necitumumab,6.557377049,0,61.0,510,Not reported,0,Cancer and neoplasms,Intravenous,No,1,3.3259353013443005,2.67934513092041,0.13655992984937132,0.11029239743947983
molecule,CT0275_A1_001,CT0275,Tocilizumab,1.1,0,95.0,364,Platform unclear,1,Inflammation and autoimmunity,Subcutaneous,No,4,14.331062778069265,19.036975860595703,0.5917638493524628,0.3586563169956207
molecule,CT0275_A2_001,CT0275,Tocilizumab,6.5,0,46.0,364,Platform unclear,1,Inflammation and autoimmunity,Subcutaneous,No,4,9.734913995882359,17.973541259765625,0.5166087087502348,0.3478015065193176
molecule,CT0276_A1_001,CT0276,Daclizumab,18.9,1,597.0,2007,Not reported,1,Neurological,Subcutaneous,No,1,9.377943533644505,8.754522323608398,0.4372228047565699,0.4484332203865051
molecule,CT0276_A2_001,CT0276,Daclizumab,8.0,0,603.0,2007,Not reported,1,Neurological,Subcutaneous,No,1,9.377943533644505,8.64546012878418,0.4372228047565699,0.4483981728553772
molecule,CT0276_A3_001,CT0276,Daclizumab,0.0,0,68.0,2007,Not reported,1,Neurological,Subcutaneous,No,1,7.962818962377078,11.591354370117188,0.3666792384353917,0.5117011666297913
molecule,CT0276_A4_001,CT0276,Daclizumab,0.0,0,35.0,2007,Not reported,1,Neurological,Subcutaneous,No,1,7.851566136028998,12.791081428527832,0.37669061761050593,0.47008016705513
molecule,CT0277_A1_001,CT0277,Secukinumab,2.9,0,68.0,924,Not reported,1,Inflammation and autoimmunity,Subcutaneous,No,2,9.403707403211916,6.3485941886901855,0.4194180173947102,0.19694200158119202
molecule,CT0277_A2_001,CT0277,Secukinumab,2.9,0,69.0,924,Not reported,1,Inflammation and autoimmunity,Subcutaneous,No,2,8.270344180179135,5.288271903991699,0.3361728508940065,0.17471016943454742
molecule,CT0277_A3_001,CT0277,Secukinumab,6.5,0,31.0,924,Not reported,1,Inflammation and autoimmunity,Subcutaneous,No,2,10.758711121570023,7.90500545501709,0.44121720736678743,0.26828497648239136
molecule,CT0277_A4_001,CT0277,Secukinumab,9.7,0,31.0,924,Not reported,1,Inflammation and autoimmunity,Subcutaneous,No,2,9.669220494901454,6.717621326446533,0.3654170022197272,0.24527278542518616
molecule,CT0278_A1_001,CT0278,Secukinumab,2.985074627,0,67.0,924,Not reported,1,Inflammation and autoimmunity,Subcutaneous,No,2,9.4299339338262,6.360535621643066,0.4194180173947102,0.197853684425354
molecule,CT0278_A2_001,CT0278,Secukinumab,7.692307692,0,65.0,924,Not reported,1,Inflammation and autoimmunity,Subcutaneous,No,2,8.475443135443713,5.094791412353516,0.3434433611947609,0.17589567601680756
molecule,CT0278_A3_001,CT0278,Secukinumab,13.79310345,1,29.0,924,Not reported,1,Inflammation and autoimmunity,Subcutaneous,No,2,11.06066914456887,7.833452224731445,0.44045865420460034,0.2786269187927246
molecule,CT0278_A3_002,CT0278,Secukinumab,10.34482759,1,29.0,924,Not reported,1,Inflammation and autoimmunity,Subcutaneous,No,2,9.933175477112611,7.061178684234619,0.3670774638727428,0.25052931904792786
molecule,CT0280_A2_001,CT0280,Romosozumab,33.3,1,6.0,169,Other ligand-binding assay,1,Musculoskeletal,Subcutaneous,No,2,6.712347662340265,14.370748519897461,0.4611123957226448,0.26665329933166504
molecule,CT0280_A3_001,CT0280,Romosozumab,33.3,1,6.0,169,Other ligand-binding assay,1,Musculoskeletal,Subcutaneous,No,2,6.391979912771491,13.95461368560791,0.46099017433606576,0.2667456567287445
molecule,CT0280_A4_001,CT0280,Romosozumab,33.3,1,6.0,169,Other ligand-binding assay,1,Musculoskeletal,Subcutaneous,No,2,6.391979912771491,13.95461368560791,0.46099017433606576,0.2667456567287445
molecule,CT0280_A5_001,CT0280,Romosozumab,50.0,1,6.0,169,Other ligand-binding assay,1,Musculoskeletal,Subcutaneous,No,2,5.848477801464627,13.514778137207031,0.45262568734994724,0.2673124670982361
molecule,CT0280_A6_001,CT0280,Romosozumab,16.7,1,6.0,169,Other ligand-binding assay,1,Musculoskeletal,Subcutaneous,No,2,6.712347662340265,14.370748519897461,0.4611123957226448,0.26665329933166504
molecule,CT0280_A7_001,CT0280,Romosozumab,50.0,1,6.0,169,Other ligand-binding assay,1,Musculoskeletal,Subcutaneous,No,2,5.848477801464627,13.514778137207031,0.45262568734994724,0.2673124670982361
molecule,CT0282_A1_001,CT0282,Romosozumab,0.0,0,8.0,85,Multiple platforms,1,Musculoskeletal,Subcutaneous,No,2,6.930159773624466,5.603880882263184,0.3644731771854307,0.21835799515247345
molecule,CT0282_A2_001,CT0282,Romosozumab,0.0,0,8.0,85,Multiple platforms,1,Musculoskeletal,Subcutaneous,No,2,6.930159773624466,5.603880882263184,0.3644731771854307,0.21835799515247345
molecule,CT0282_A3_001,CT0282,Romosozumab,12.5,1,8.0,85,Multiple platforms,1,Musculoskeletal,Subcutaneous,No,2,6.930159773624466,5.603880882263184,0.3644731771854307,0.21835799515247345
molecule,CT0283_A1_001,CT0283,Tremelimumab,3.978779841,0,377.0,1095,Not reported,1,Cancer and neoplasms,Intravenous,No,2,7.884663042717414,11.12071418762207,0.5149992233072213,0.48583245277404785
molecule,CT0284_A1_002,CT0284,Tocilizumab,1.5,0,686.0,420,Platform unclear,1,Inflammation and autoimmunity,Subcutaneous,No,4,13.137239973163213,21.994577407836914,0.6129637429372283,0.41466057300567627
molecule,CT0285_A1_001,CT0285,Tositumomab,6.666666667,0,15.0,3900,Platform unclear,1,Cancer and neoplasms,Intravenous,No,4,6.590154169748076,5.787258625030518,0.2916484210847321,0.15518350899219513
molecule,CT0286_A1_002,CT0286,Lebrikizumab,6.7,0,75.0,854,Other ligand-binding assay,1,Non-inflammatory respiratory diseases,Subcutaneous,No,3,9.648485750751998,9.248425483703613,0.47805400866440134,0.4111764132976532
molecule,CT0286_A2_002,CT0286,Lebrikizumab,5.2,0,172.0,854,Other ligand-binding assay,1,Non-inflammatory respiratory diseases,Subcutaneous,No,3,10.811531237551703,8.870948791503906,0.508742197055923,0.3658542335033417
molecule,CT0287_A2_001,CT0287,Erenumab,10.0,1,50.0,112,Multiple platforms,1,Neurological,Subcutaneous,No,5,28.458784358596684,4.766219615936279,0.35114858755981404,0.15322567522525787
molecule,CT0289_A1_004,CT0289,Benralizumab,12.76102088,1,431.0,420,Platform unclear,0,Inflammation and autoimmunity,Subcutaneous,No,3,7.496555812400119,3.2318837642669678,0.41425280753796045,0.14154678583145142
molecule,CT0289_A2_004,CT0289,Benralizumab,13.57142857,1,420.0,420,Platform unclear,0,Inflammation and autoimmunity,Subcutaneous,No,3,7.496555812400119,3.2957968711853027,0.41425280753796045,0.14166954159736633
molecule,CT0290_A1_002,CT0290,Denosumab,0.0,0,256.0,175,Not reported,1,Musculoskeletal,Subcutaneous,No,2,24.36563664654288,25.557687759399414,0.42465986977806974,0.3834446966648102
molecule,CT0290_A1_003,CT0290,Denosumab,0.0,0,180.0,371,Not reported,1,Musculoskeletal,Subcutaneous,No,2,25.393145217150913,24.439664840698242,0.4132005138501364,0.3477524518966675
molecule,CT0291_A1_002,CT0291,Benralizumab,10.4,1,396.0,336,Not reported,0,Inflammation and autoimmunity,Subcutaneous,No,3,7.654144179382501,3.474135398864746,0.4662412945395163,0.22970479726791382
molecule,CT0291_A2_002,CT0291,Benralizumab,13.4,1,389.0,336,Not reported,0,Inflammation and autoimmunity,Subcutaneous,No,3,7.654144179382501,3.3145036697387695,0.46755619022122424,0.22739841043949127
molecule,CT0292_A1_001,CT0292,Obiltoxaximab,1.0,0,210.0,101,Not reported,0,Infectious diseases,Intravenous,No,2,17.74578305105022,1.6930630207061768,0.39320609080711344,0.06526036560535431
molecule,CT0295_A1_003,CT0295,Tocilizumab,3.448275862,0,87.0,84,Platform unclear,1,Inflammation and autoimmunity,Subcutaneous,No,4,7.693504193664082,8.14278793334961,0.39643703319967655,0.263753205537796
molecule,CT0295_A1_004,CT0295,Tocilizumab,0.0,0,87.0,84,Platform unclear,1,Inflammation and autoimmunity,Subcutaneous,No,4,7.693504193664082,8.14278793334961,0.39643703319967655,0.263753205537796
molecule,CT0295_A1_005,CT0295,Tocilizumab,3.846153846,0,78.0,168,Platform unclear,1,Inflammation and autoimmunity,Subcutaneous,No,4,7.127364340121536,9.60787296295166,0.42394725553108,0.26942986249923706
molecule,CT0295_A1_006,CT0295,Tocilizumab,1.282051282,0,78.0,168,Platform unclear,1,Inflammation and autoimmunity,Subcutaneous,No,4,7.127364340121536,9.60787296295166,0.42394725553108,0.26942986249923706
molecule,CT0295_A1_007,CT0295,Tocilizumab,2.739726027,0,73.0,252,Platform unclear,1,Inflammation and autoimmunity,Subcutaneous,No,4,9.820104873929173,10.041375160217285,0.41800005340234186,0.27000197768211365
molecule,CT0295_A1_008,CT0295,Tocilizumab,0.0,0,73.0,252,Platform unclear,1,Inflammation and autoimmunity,Subcutaneous,No,4,9.820104873929173,10.041375160217285,0.41800005340234186,0.27000197768211365
molecule,CT0295_A1_009,CT0295,Tocilizumab,2.985074627,0,67.0,364,Platform unclear,1,Inflammation and autoimmunity,Subcutaneous,No,4,9.480363247018879,10.266161918640137,0.41476961958683334,0.2634590268135071
molecule,CT0295_A1_010,CT0295,Tocilizumab,0.0,0,67.0,364,Platform unclear,1,Inflammation and autoimmunity,Subcutaneous,No,4,9.480363247018879,10.266161918640137,0.41476961958683334,0.2634590268135071
molecule,CT0295_A1_011,CT0295,Tocilizumab,2.43902439,0,41.0,420,Platform unclear,1,Inflammation and autoimmunity,Subcutaneous,No,4,8.83640434548377,10.428573608398438,0.4265483466747396,0.2760642170906067
molecule,CT0295_A1_012,CT0295,Tocilizumab,2.43902439,0,41.0,420,Platform unclear,1,Inflammation and autoimmunity,Subcutaneous,No,4,8.83640434548377,10.428573608398438,0.4265483466747396,0.2760642170906067
molecule,CT0296_A1_002,CT0296,Tocilizumab,100.0,1,6.0,84,Not reported,1,Inflammation and autoimmunity,Subcutaneous,No,4,6.072515344119962,11.840290069580078,0.3075964477679383,0.25170987844467163
molecule,CT0296_A1_003,CT0296,Tocilizumab,1.7,0,179.0,168,Not reported,1,Inflammation and autoimmunity,Subcutaneous,No,4,8.923485835018239,7.441900253295898,0.3925579555262549,0.2778801918029785
molecule,CT0296_A1_004,CT0296,Tocilizumab,33.3,1,6.0,266,Not reported,1,Inflammation and autoimmunity,Subcutaneous,No,4,10.66149200097977,15.084114074707031,0.3710683830010736,0.2821206748485565
molecule,CT0296_A1_005,CT0296,Tocilizumab,1.2,0,161.0,364,Not reported,1,Inflammation and autoimmunity,Subcutaneous,No,4,11.305383088474313,8.227254867553711,0.3912066080559698,0.28159815073013306
molecule,CT0296_A1_006,CT0296,Tocilizumab,2.4,0,41.0,420,Not reported,1,Inflammation and autoimmunity,Subcutaneous,No,4,7.859270246137698,7.612220287322998,0.3418628271185122,0.25557050108909607
molecule,CT0296_A1_007,CT0296,Tocilizumab,6.5,0,31.0,364,Not reported,1,Inflammation and autoimmunity,Subcutaneous,No,4,7.987490081319971,7.9034929275512695,0.35363819851916184,0.2541666328907013
molecule,CT0296_A1_008,CT0296,Tocilizumab,100.0,1,16.0,665,Not reported,1,Inflammation and autoimmunity,Subcutaneous,No,4,8.889254785019725,11.456632614135742,0.36845371870354704,0.26441916823387146
molecule,CT0296_A1_009,CT0296,Tocilizumab,100.0,1,11.0,665,Not reported,1,Inflammation and autoimmunity,Subcutaneous,No,4,9.196288837373679,13.495471000671387,0.36819831539856457,0.26859793066978455
molecule,CT0296_A1_010,CT0296,Tocilizumab,100.0,1,3.0,665,Not reported,1,Inflammation and autoimmunity,Subcutaneous,No,4,10.694898080927704,16.060575485229492,0.365509478481808,0.2667880654335022
molecule,CT0297_A1_002,CT0297,Avelumab,20.0,1,5.0,2205,Not reported,0,Cancer and neoplasms,Intravenous,No,4,4.354896762841632,6.301039695739746,0.2987731883577146,0.09741291403770447
molecule,CT0297_A2_002,CT0297,Avelumab,0.0,0,6.0,2205,Not reported,0,Cancer and neoplasms,Intravenous,No,4,4.017326462382128,5.291242599487305,0.22327022390640094,0.09258797764778137
molecule,CT0297_A3_002,CT0297,Avelumab,0.0,0,6.0,2205,Not reported,0,Cancer and neoplasms,Intravenous,No,4,3.7612536904615794,5.6655402183532715,0.22695020472178082,0.09477346390485764
molecule,CT0298_A1_002,CT0298,Tocilizumab,0.0,0,52.0,224,Not reported,0,Inflammation and autoimmunity,Subcutaneous,No,4,8.955492589391946,4.92916202545166,0.4096043374859487,0.2617637515068054
molecule,CT0299_A1_001,CT0299,Obiltoxaximab,5.0,0,20.0,101,Not reported,0,Infectious diseases,Intravenous,No,2,8.394279039932714,1.6553094387054443,0.32859005727239304,0.06356284022331238
molecule,CT0299_A2_001,CT0299,Obiltoxaximab,0.0,0,20.0,101,Not reported,0,Infectious diseases,Intravenous,No,2,8.394279039932714,1.6553094387054443,0.32859005727239304,0.06356284022331238
molecule,CT0300_A2_001,CT0300,Erenumab,12.1,1,107.0,1876,Multiple platforms,1,Neurological,Subcutaneous,No,5,30.89233773917936,7.82191276550293,0.38823761104768356,0.23514537513256073
molecule,CT0300_A3_001,CT0300,Erenumab,11.5,1,104.0,1876,Multiple platforms,1,Neurological,Subcutaneous,No,5,30.84666545970639,8.494027137756348,0.3795591795622684,0.22310826182365417
molecule,CT0300_A4_001,CT0300,Erenumab,7.5,0,106.0,1876,Multiple platforms,1,Neurological,Subcutaneous,No,5,30.182092052844194,7.8279571533203125,0.369182846669545,0.21156898140907288
molecule,CT0300_A5_001,CT0300,Erenumab,10.1,1,119.0,1876,Multiple platforms,1,Neurological,Subcutaneous,No,5,30.053477208570705,7.8309550285339355,0.38300155850666395,0.2152770757675171
molecule,CT0300_A6_001,CT0300,Erenumab,9.1,0,88.0,1876,Multiple platforms,1,Neurological,Subcutaneous,No,5,31.06441384150443,7.760262489318848,0.3866527714004735,0.2273150384426117
molecule,CT0300_A7_001,CT0300,Erenumab,6.9,0,87.0,1876,Multiple platforms,1,Neurological,Subcutaneous,No,5,31.01803380143702,8.574516296386719,0.37508758451466556,0.22335068881511688
molecule,CT0300_A8_001,CT0300,Erenumab,5.8,0,86.0,1876,Multiple platforms,1,Neurological,Subcutaneous,No,5,30.078774292097425,7.717843055725098,0.3664721882356386,0.21163421869277954
molecule,CT0475_A2_004,CT0475,Adalimumab,14.0,1,164.0,84,Platform unclear,0,Inflammation and autoimmunity,Subcutaneous,No,3,6.570670515040337,11.609058380126953,0.3551915709895049,0.33740583062171936
molecule,CT0302_A1_001,CT0302,Bevacizumab,1.360544218,0,294.0,133,Multiple platforms,0,Cancer and neoplasms,Intravenous,Yes,5,3.983379902053924,8.999832153320312,0.3227236866772184,0.28419190645217896
molecule,CT0302_A2_001,CT0302,Bevacizumab,2.464788732,0,284.0,133,Multiple platforms,0,Cancer and neoplasms,Intravenous,No,5,3.19191738886621,2.7907352447509766,0.2561059340514401,0.17029109597206116
molecule,CT0303_A1_001,CT0303,Bococizumab,44.0,1,352.0,406,Platform unclear,1,Cardiovascular,Subcutaneous,No,1,4.835147746784306,3.9039697647094727,0.33662360221350657,0.14983336627483368
molecule,CT0304_A2_001,CT0304,Bococizumab,46.7,1,1046.0,406,Platform unclear,1,Cardiovascular,Subcutaneous,No,1,7.625779613703228,3.350679397583008,0.3356266469384448,0.14194528758525848
molecule,CT0304_A3_001,CT0304,Bococizumab,100.0,1,19.0,406,Platform unclear,1,Cardiovascular,Subcutaneous,No,1,5.189475535116429,5.67084264755249,0.39422278967207713,0.16297206282615662
molecule,CT0304_A3_002,CT0304,Bococizumab,62.5,1,16.0,497,Platform unclear,1,Cardiovascular,Subcutaneous,No,1,5.876269047372012,6.587321758270264,0.39155187068745595,0.16990305483341217
molecule,CT0304_A3_003,CT0304,Bococizumab,81.8,1,11.0,588,Platform unclear,1,Cardiovascular,Subcutaneous,No,1,7.431335297417068,7.806021213531494,0.3979404882368976,0.17355966567993164
molecule,CT0304_A3_004,CT0304,Bococizumab,50.0,1,4.0,679,Platform unclear,1,Cardiovascular,Subcutaneous,No,1,7.966790663651236,11.556647300720215,0.4004158251644627,0.16881324350833893
molecule,CT0304_A3_005,CT0304,Bococizumab,85.7,1,7.0,770,Platform unclear,1,Cardiovascular,Subcutaneous,No,1,7.340376252549562,10.756836891174316,0.3987849383082645,0.1898578703403473
molecule,CT0518_A1_004,CT0518,Adalimumab,54.2,1,142.0,84,Platform unclear,0,Inflammation and autoimmunity,Subcutaneous,Yes,3,35.995413731193786,28.523536682128906,0.592698698593049,0.6877853870391846
molecule,CT0518_A2_004,CT0518,Adalimumab,48.6,1,140.0,84,Not reported,0,Inflammation and autoimmunity,Subcutaneous,No,3,5.400845046964384,13.016897201538086,0.3539187100143644,0.35317710041999817
molecule,CT0003_A1_003,CT0003,Adalimumab,2.3,0,482.0,112,Platform unclear,1,Inflammation and autoimmunity,Subcutaneous,No,3,3.9289556908726664,2.6417837142944336,0.21369268476935982,0.08789712190628052
molecule,CT0307_A1_001,CT0307,Adalimumab,55.2,1,174.0,112,Multiple platforms,1,Inflammation and autoimmunity,Subcutaneous,Yes,3,8.145563579999777,11.818044662475586,0.5254424105554895,0.5984178185462952
molecule,CT0307_A2_001,CT0307,Adalimumab,68.4,1,152.0,112,Multiple platforms,1,Inflammation and autoimmunity,Subcutaneous,Yes,3,8.182058295018853,12.87530517578125,0.5299612110595404,0.5917169451713562
molecule,CT0307_A3_001,CT0307,Adalimumab,63.6,1,173.0,112,Multiple platforms,1,Inflammation and autoimmunity,Subcutaneous,No,3,5.2985275472930375,6.305356025695801,0.33475194734206404,0.27555420994758606
molecule,CT0307_A4_001,CT0307,Adalimumab,74.7,1,79.0,112,Multiple platforms,1,Inflammation and autoimmunity,Subcutaneous,No,3,4.617210448605699,6.356448173522949,0.3252095574021101,0.27575311064720154
molecule,CT0308_A1_001,CT0308,Infliximab,16.7,1,24.0,365,Not reported,1,Inflammation and autoimmunity,Intravenous,No,5,13.12303671770294,7.897581577301025,0.32318892405724925,0.3299155533313751
molecule,CT0308_A2_001,CT0308,Infliximab,14.3,1,21.0,365,Not reported,1,Inflammation and autoimmunity,Intravenous,No,5,13.958037205280638,7.98342227935791,0.317294364703343,0.33919060230255127
molecule,CT0309_A1_001,CT0309,Etanercept,0.0,0,200.0,28,Not reported,1,Inflammation and autoimmunity,Subcutaneous,No,3,30.600142439441527,10.13618278503418,0.49633343177411443,0.2743997871875763
molecule,CT0307_A5_001,CT0307,Adalimumab,72.7,1,77.0,112,Multiple platforms,1,Inflammation and autoimmunity,Subcutaneous,Yes,3,6.579305387668143,10.994409561157227,0.47270793453998816,0.5567490458488464
molecule,CT0309_A3_001,CT0309,Infliximab,17.4,1,195.0,28,Not reported,1,Inflammation and autoimmunity,Subcutaneous,No,5,38.47369895494174,23.10017204284668,0.6965302475621394,0.6374781131744385
molecule,CT0311_A1_001,CT0311,Atezolizumab,34.0,1,97.0,1800,Not reported,1,Cancer and neoplasms,Intravenous,No,3,7.555871023615215,4.514974594116211,0.2548123481509794,0.17165502905845642
molecule,CT0311_A2_001,CT0311,Atezolizumab,25.0,1,96.0,1800,Not reported,1,Cancer and neoplasms,Intravenous,No,3,5.600737445824436,3.6496670246124268,0.2923887150412439,0.1855594366788864
molecule,CT0312_A1_002,CT0312,Tocilizumab,40.0,1,5.0,84,Not reported,1,Inflammation and autoimmunity,Subcutaneous,No,4,5.903051455232461,12.791560173034668,0.3075964477679383,0.2555915415287018
molecule,CT0312_A1_003,CT0312,Tocilizumab,7.4,0,121.0,168,Not reported,1,Inflammation and autoimmunity,Subcutaneous,No,4,8.791227436439433,6.890490531921387,0.38900446728384536,0.2670396864414215
molecule,CT0312_A1_004,CT0312,Tocilizumab,9.1,0,22.0,224,Not reported,1,Inflammation and autoimmunity,Subcutaneous,No,4,8.398831005451825,8.47182846069336,0.36490739267428923,0.2537231743335724
molecule,CT0312_A1_005,CT0312,Tocilizumab,11.5,1,26.0,224,Not reported,1,Inflammation and autoimmunity,Subcutaneous,No,4,7.998372805341187,8.059297561645508,0.3566821406305605,0.2513102889060974
molecule,CT0313_A1_002,CT0313,Tocilizumab,0.0,0,85.0,168,Platform unclear,0,Inflammation and autoimmunity,Subcutaneous,No,4,10.034859077211063,9.104973793029785,0.5124407355474654,0.3064212501049042
molecule,CT0313_A1_003,CT0313,Tocilizumab,0.0,0,76.0,224,Platform unclear,0,Inflammation and autoimmunity,Subcutaneous,No,4,11.413637982005316,10.290468215942383,0.4987734192470645,0.32231077551841736
molecule,CT0313_A1_004,CT0313,Tocilizumab,0.0,0,10.0,224,Platform unclear,0,Inflammation and autoimmunity,Subcutaneous,No,4,11.77524267550444,10.150517463684082,0.5151395887207432,0.3201712369918823
molecule,CT0314_A2_007,CT0314,Trastuzumab,0.0,0,1.0,17,ECL/MSD,1,Cancer and neoplasms,Intravenous,No,4,3.0895974424175363,1.9433133602142334,0.18438732348903739,0.10463002324104309
molecule,CT0315_A5_001,CT0315,Obinutuzumab,0.0,0,6.0,273,Not reported,0,Cancer and neoplasms,Intravenous,No,2,2.424644867574897,1.420522928237915,0.20812108116782715,0.14395694434642792
molecule,CT0315_A6_001,CT0315,Obinutuzumab,0.0,0,6.0,273,Not reported,0,Cancer and neoplasms,Intravenous,No,2,2.424644867574897,1.420522928237915,0.20812108116782715,0.14395694434642792
molecule,CT0315_A8_001,CT0315,Obinutuzumab,0.0,0,17.0,273,Not reported,0,Cancer and neoplasms,Intravenous,No,2,2.442472352661945,0.7989383935928345,0.1880194903930641,0.10155122727155685
molecule,CT0315_A1_002,CT0315,Polatuzumab vedotin,0.0,0,3.0,273,Not reported,0,Cancer and neoplasms,Intravenous,No,4,2.7112906376837707,2.357710123062134,0.19760989132265533,0.18684464693069458
molecule,CT0315_A2_002,CT0315,Polatuzumab vedotin,0.0,0,3.0,273,Not reported,0,Cancer and neoplasms,Intravenous,No,4,2.7112906376837707,2.357710123062134,0.19760989132265533,0.18684464693069458
molecule,CT0315_A3_002,CT0315,Polatuzumab vedotin,0.0,0,6.0,273,Not reported,0,Cancer and neoplasms,Intravenous,No,4,2.3624135508615787,4.018527984619141,0.21541747614762735,0.22264495491981506
molecule,CT0315_A4_002,CT0315,Polatuzumab vedotin,0.0,0,1.0,273,Not reported,0,Cancer and neoplasms,Intravenous,No,4,3.2899376087425347,0.7588297128677368,0.2153224743455841,0.1349877417087555
molecule,CT0315_A5_002,CT0315,Polatuzumab vedotin,0.0,0,6.0,273,Not reported,0,Cancer and neoplasms,Intravenous,No,4,2.3624135508615787,4.018527984619141,0.21541747614762735,0.22264495491981506
molecule,CT0315_A6_002,CT0315,Polatuzumab vedotin,0.0,0,6.0,273,Not reported,0,Cancer and neoplasms,Intravenous,No,4,2.3624135508615787,4.018527984619141,0.21541747614762735,0.22264495491981506
molecule,CT0315_A7_002,CT0315,Polatuzumab vedotin,0.0,0,40.0,273,Not reported,0,Cancer and neoplasms,Intravenous,No,4,2.679643352206464,2.467151403427124,0.2071215208040792,0.183184415102005
molecule,CT0315_A8_002,CT0315,Polatuzumab vedotin,0.0,0,17.0,273,Not reported,0,Cancer and neoplasms,Intravenous,No,4,2.444975593911037,2.878298282623291,0.21098923593702146,0.19702135026454926
molecule,CT0316_A1_002,CT0316,Tocilizumab,1.351351351,0,74.0,84,Platform unclear,1,Inflammation and autoimmunity,Subcutaneous,No,4,5.809761279964558,4.992023468017578,0.3616502822336815,0.2028093785047531
molecule,CT0316_A1_003,CT0316,Tocilizumab,4.054054054,0,74.0,168,Platform unclear,1,Inflammation and autoimmunity,Subcutaneous,No,4,6.730000864999809,6.770563125610352,0.4080256802615667,0.2565073072910309
molecule,CT0316_A1_005,CT0316,Tocilizumab,1.351351351,0,74.0,84,Platform unclear,1,Inflammation and autoimmunity,Subcutaneous,No,4,5.809761279964558,4.992023468017578,0.3616502822336815,0.2028093785047531
molecule,CT0316_A1_006,CT0316,Tocilizumab,1.351351351,0,74.0,168,Platform unclear,1,Inflammation and autoimmunity,Subcutaneous,No,4,6.730000864999809,6.770563125610352,0.4080256802615667,0.2565073072910309
molecule,CT0316_A2_002,CT0316,Tocilizumab,0.611620795,0,327.0,84,Platform unclear,1,Inflammation and autoimmunity,Subcutaneous,No,4,7.8291095568892555,7.475707054138184,0.4306597837679172,0.2584311068058014
molecule,CT0316_A2_003,CT0316,Tocilizumab,2.752293578,0,327.0,168,Platform unclear,1,Inflammation and autoimmunity,Subcutaneous,No,4,8.163902346416158,8.475972175598145,0.4517398678196458,0.26608631014823914
molecule,CT0316_A2_005,CT0316,Tocilizumab,0.0,0,327.0,84,Platform unclear,1,Inflammation and autoimmunity,Subcutaneous,No,4,7.8291095568892555,7.475707054138184,0.4306597837679172,0.2584311068058014
molecule,CT0316_A2_006,CT0316,Tocilizumab,0.917431193,0,327.0,168,Platform unclear,1,Inflammation and autoimmunity,Subcutaneous,No,4,8.163902346416158,8.475972175598145,0.4517398678196458,0.26608631014823914
molecule,CT0316_A3_001,CT0316,Tocilizumab,0.0,0,86.0,252,Platform unclear,1,Inflammation and autoimmunity,Subcutaneous,No,4,10.817610504903486,7.397198677062988,0.4141327973892655,0.22956174612045288
molecule,CT0316_A3_002,CT0316,Tocilizumab,1.19047619,0,84.0,336,Platform unclear,1,Inflammation and autoimmunity,Subcutaneous,No,4,10.903474170520996,7.47068977355957,0.41463035803721976,0.23642796277999878
molecule,CT0316_A3_003,CT0316,Tocilizumab,0.0,0,86.0,252,Platform unclear,1,Inflammation and autoimmunity,Subcutaneous,No,4,10.817610504903486,7.397198677062988,0.4141327973892655,0.22956174612045288
molecule,CT0316_A3_004,CT0316,Tocilizumab,0.0,0,84.0,336,Platform unclear,1,Inflammation and autoimmunity,Subcutaneous,No,4,10.903474170520996,7.47068977355957,0.41463035803721976,0.23642796277999878
molecule,CT0316_A4_001,CT0316,Tocilizumab,0.0,0,89.0,252,Platform unclear,1,Inflammation and autoimmunity,Subcutaneous,No,4,10.688592861664548,7.347180366516113,0.4132198188226136,0.2345239818096161
molecule,CT0316_A4_002,CT0316,Tocilizumab,3.370786517,0,89.0,336,Platform unclear,1,Inflammation and autoimmunity,Subcutaneous,No,4,10.781128680868374,7.937215328216553,0.41436660599402375,0.23954446613788605
molecule,CT0316_A4_003,CT0316,Tocilizumab,0.0,0,89.0,252,Platform unclear,1,Inflammation and autoimmunity,Subcutaneous,No,4,10.688592861664548,7.347180366516113,0.4132198188226136,0.2345239818096161
molecule,CT0316_A4_004,CT0316,Tocilizumab,0.0,0,89.0,336,Platform unclear,1,Inflammation and autoimmunity,Subcutaneous,No,4,10.781128680868374,7.937215328216553,0.41436660599402375,0.23954446613788605
molecule,CT0316_A5_001,CT0316,Tocilizumab,0.0,0,91.0,252,Platform unclear,1,Inflammation and autoimmunity,Subcutaneous,No,4,10.745415106176951,7.19217586517334,0.41899223518792217,0.23515507578849792
molecule,CT0316_A5_002,CT0316,Tocilizumab,2.247191011,0,89.0,336,Platform unclear,1,Inflammation and autoimmunity,Subcutaneous,No,4,10.781128680868374,7.937215328216553,0.41436660599402375,0.23954446613788605
molecule,CT0316_A5_003,CT0316,Tocilizumab,0.0,0,88.0,252,Platform unclear,1,Inflammation and autoimmunity,Subcutaneous,No,4,10.688592861664548,7.429350852966309,0.41516908451019713,0.23090742528438568
molecule,CT0316_A5_004,CT0316,Tocilizumab,0.0,0,88.0,336,Platform unclear,1,Inflammation and autoimmunity,Subcutaneous,No,4,10.781128680868374,7.476957321166992,0.4163158716816072,0.2414042204618454
molecule,CT0316_A6_001,CT0316,Tocilizumab,3.389830508,0,59.0,252,Platform unclear,1,Inflammation and autoimmunity,Subcutaneous,No,4,8.718573168185735,7.485039710998535,0.37653406218066643,0.2094140350818634
molecule,CT0316_A6_002,CT0316,Tocilizumab,5.084745763,0,59.0,336,Platform unclear,1,Inflammation and autoimmunity,Subcutaneous,No,4,8.684631695704349,7.546542167663574,0.37942507241017753,0.2156389057636261
molecule,CT0316_A6_003,CT0316,Tocilizumab,1.694915254,0,59.0,252,Platform unclear,1,Inflammation and autoimmunity,Subcutaneous,No,4,8.718573168185735,7.485039710998535,0.37653406218066643,0.2094140350818634
molecule,CT0316_A6_004,CT0316,Tocilizumab,1.694915254,0,59.0,336,Platform unclear,1,Inflammation and autoimmunity,Subcutaneous,No,4,8.684631695704349,7.546542167663574,0.37942507241017753,0.2156389057636261
molecule,CT0317_A1_001,CT0317,Blinatumomab,0.0,0,29.0,435,ECL/MSD,1,Cancer and neoplasms,Intravenous,No,4,6.757598661405226,8.50558853149414,0.33300716785194723,0.22619053721427917
molecule,CT0318_A2_002,CT0318,Otelixizumab,100.0,1,9.0,90,ECL/MSD,0,Metabolic and endocrine disorders,Intravenous,No,5,46.97558253636426,12.136468887329102,0.4514459119700078,0.26179856061935425
molecule,CT0318_A3_002,CT0318,Otelixizumab,100.0,1,8.0,90,ECL/MSD,0,Metabolic and endocrine disorders,Intravenous,No,5,46.208321473824185,11.655569076538086,0.43954303649464643,0.2629995048046112
molecule,CT0318_A4_002,CT0318,Otelixizumab,100.0,1,7.0,90,ECL/MSD,0,Metabolic and endocrine disorders,Intravenous,No,5,46.28370165074659,11.531110763549805,0.4276829814858631,0.2668272852897644
molecule,CT0318_A2_003,CT0318,Otelixizumab,88.88888889,1,9.0,180,ECL/MSD,0,Metabolic and endocrine disorders,Intravenous,No,5,43.969176861186845,16.277748107910156,0.4908378599433704,0.30549192428588867
molecule,CT0318_A3_003,CT0318,Otelixizumab,100.0,1,8.0,180,ECL/MSD,0,Metabolic and endocrine disorders,Intravenous,No,5,43.22168266837506,15.680689811706543,0.4769483265090078,0.30351001024246216
molecule,CT0318_A4_003,CT0318,Otelixizumab,100.0,1,7.0,180,ECL/MSD,0,Metabolic and endocrine disorders,Intravenous,No,5,43.26637597661262,15.334773063659668,0.46180449586720945,0.30429643392562866
molecule,CT0321_A1_001,CT0321,Blinatumomab,2.923976608,0,171.0,690,Multiple platforms,1,Cancer and neoplasms,Intravenous,No,4,5.844580108098438,9.376150131225586,0.3874509888386394,0.26113244891166687
molecule,CT0322_A1_002,CT0322,Denosumab,3.448275862,0,29.0,360,Not reported,1,Musculoskeletal,Subcutaneous,No,2,5.0944993941444645,7.815544128417969,0.27759568001581175,0.2677018344402313
molecule,CT0440_A1_002,CT0440,Adalimumab,48.8,1,285.0,112,Platform unclear,1,Inflammation and autoimmunity,Subcutaneous,Yes,3,9.161272966616247,10.013327598571777,0.5046546817514483,0.5213071703910828
molecule,CT0440_A3_002,CT0440,Adalimumab,53.3,1,285.0,112,Platform unclear,1,Inflammation and autoimmunity,Subcutaneous,No,3,6.405112095988529,6.109536170959473,0.3500705282604187,0.25552621483802795
molecule,CT0457_A1_001,CT0457,Adalimumab,87.32394366,1,213.0,112,Platform unclear,1,Inflammation and autoimmunity,Subcutaneous,Yes,3,8.896887537845926,13.433863639831543,0.5308705401616061,0.6658794283866882
molecule,CT0457_A2_001,CT0457,Adalimumab,88.61386139,1,202.0,112,Platform unclear,1,Inflammation and autoimmunity,Subcutaneous,No,3,6.246885697125623,7.767024993896484,0.3538183782133715,0.30457496643066406
molecule,CT0601_A1_001,CT0601,Adalimumab,25.8,1,213.0,112,Multiple platforms,0,Inflammation and autoimmunity,Subcutaneous,No,3,3.734189660929054,5.392213821411133,0.26175948172748664,0.23589712381362915
molecule,CT0601_A4_001,CT0601,Adalimumab,27.6,1,214.0,112,Multiple platforms,0,Inflammation and autoimmunity,Subcutaneous,No,3,3.788041993324812,5.500231742858887,0.2648257746359159,0.23209509253501892
molecule,CT0324_A1_001,CT0324,Raxibacumab,0.0,0,20.0,70,ECL/MSD,1,Infectious diseases,Intravenous,No,4,5.911669536648712,9.654135704040527,0.3193027344887151,0.16217027604579926
molecule,CT0325_A1_002,CT0325,Atezolizumab,45.1,1,133.0,480,Not reported,1,Cancer and neoplasms,Intravenous,No,3,6.497100851843447,3.4713809490203857,0.25074536706636613,0.14943066239356995
molecule,CT0325_A1_004,CT0325,Atezolizumab,36.0,1,253.0,480,Not reported,1,Cancer and neoplasms,Intravenous,No,3,6.593534569409399,3.711855173110962,0.2589304900237313,0.15070359408855438
molecule,CT0325_A1_006,CT0325,Atezolizumab,37.4,1,238.0,480,Not reported,1,Cancer and neoplasms,Intravenous,No,3,6.578711226458831,3.5875654220581055,0.2589304900237313,0.15094783902168274
molecule,CT0325_A1_008,CT0325,Atezolizumab,36.7,1,491.0,480,Not reported,1,Cancer and neoplasms,Intravenous,No,3,6.107596375025857,4.063868522644043,0.22854663464076022,0.12014364451169968
molecule,CT0326_A1_002,CT0326,Tocilizumab,1.7,0,43.0,168,Not reported,1,Inflammation and autoimmunity,Subcutaneous,No,4,6.018453895941276,5.2981462478637695,0.3603082673974178,0.22060173749923706
molecule,CT0327_A1_002,CT0327,Tralokinumab,0.0,0,8.0,336,Not reported,1,Non-inflammatory respiratory diseases,Intravenous,No,4,5.969739530258021,3.7653002738952637,0.3438310006140434,0.19861216843128204
molecule,CT0327_A2_002,CT0327,Tralokinumab,0.0,0,8.0,336,Not reported,1,Non-inflammatory respiratory diseases,Intravenous,No,4,6.011908957161063,4.147830009460449,0.34487177198456287,0.2016240656375885
molecule,CT0328_A1_002,CT0328,Vedolizumab,1.6,0,63.0,70,Not reported,1,Inflammation and autoimmunity,Intravenous,No,3,3.0740966580623885,3.8185670375823975,0.21332598421791432,0.1323116570711136
molecule,CT0328_A1_003,CT0328,Vedolizumab,0.0,0,4.0,112,Not reported,1,Inflammation and autoimmunity,Intravenous,No,3,2.9537038129662103,7.210024833679199,0.25309897625741073,0.15237948298454285
molecule,CT0328_A2_002,CT0328,Vedolizumab,0.0,0,11.0,70,Not reported,1,Inflammation and autoimmunity,Intravenous,No,3,5.649356925467629,7.8511199951171875,0.23363944144153806,0.15052999556064606
molecule,CT0328_A5_001,CT0328,Vedolizumab,0.0,0,9.0,70,Not reported,1,Inflammation and autoimmunity,Intravenous,No,3,5.5760077162724055,7.9596967697143555,0.23574881146874976,0.15396720170974731
molecule,CT0328_A2_003,CT0328,Vedolizumab,0.0,0,10.0,210,Not reported,1,Inflammation and autoimmunity,Intravenous,No,3,6.343377568865205,9.062564849853516,0.2881857979948187,0.15075278282165527
molecule,CT0328_A5_002,CT0328,Vedolizumab,22.2,1,9.0,210,Not reported,1,Inflammation and autoimmunity,Intravenous,No,3,6.295318114673538,9.161401748657227,0.2881857979948187,0.1510111391544342
molecule,CT0328_A2_004,CT0328,Vedolizumab,0.0,0,9.0,420,Not reported,1,Inflammation and autoimmunity,Intravenous,No,3,8.872768632787643,9.559307098388672,0.2896279009736217,0.14818629622459412
molecule,CT0328_A5_003,CT0328,Vedolizumab,25.0,1,4.0,420,Not reported,1,Inflammation and autoimmunity,Intravenous,No,3,9.13441971271796,10.683002471923828,0.29270444903955845,0.1526874452829361
molecule,CT0328_A2_005,CT0328,Vedolizumab,0.0,0,1.0,112,Not reported,1,Inflammation and autoimmunity,Intravenous,No,3,6.091665264446019,2.66160249710083,0.23310310555225025,0.13594463467597961
molecule,CT0328_A5_004,CT0328,Vedolizumab,0.0,0,1.0,112,Not reported,1,Inflammation and autoimmunity,Intravenous,No,3,6.091665264446019,2.66160249710083,0.23310310555225025,0.13594463467597961
molecule,CT0328_A4_002,CT0328,Vedolizumab,1.9,0,108.0,70,Not reported,1,Inflammation and autoimmunity,Intravenous,No,3,3.0480566745794038,3.754218339920044,0.22774532649234247,0.13281574845314026
molecule,CT0328_A4_003,CT0328,Vedolizumab,2.1,0,94.0,210,Not reported,1,Inflammation and autoimmunity,Intravenous,No,3,4.27522449904015,4.099223613739014,0.27914577473991703,0.12792186439037323
molecule,CT0328_A4_004,CT0328,Vedolizumab,0.0,0,66.0,434,Not reported,1,Inflammation and autoimmunity,Intravenous,No,3,4.205533532880558,4.61034631729126,0.25187612169565954,0.12766382098197937
molecule,CT0328_A4_005,CT0328,Vedolizumab,0.0,0,49.0,658,Not reported,1,Inflammation and autoimmunity,Intravenous,No,3,5.11635087458675,4.87539005279541,0.2629158547240949,0.12706778943538666
molecule,CT0328_A4_006,CT0328,Vedolizumab,2.0,0,98.0,112,Not reported,1,Inflammation and autoimmunity,Intravenous,No,3,2.7172187432156587,3.754708766937256,0.23187088971759443,0.13004103302955627
molecule,CT0329_A5_001,CT0329,Vedolizumab,0.9,0,116.0,70,ECL/MSD,1,Inflammation and autoimmunity,Intravenous,No,3,3.2218436886526676,4.402544975280762,0.2223696789602622,0.13404902815818787
molecule,CT0329_A5_002,CT0329,Vedolizumab,14.3,1,7.0,112,ECL/MSD,1,Inflammation and autoimmunity,Intravenous,No,3,2.934779671500973,6.104360103607178,0.21850196885656625,0.1385297179222107
molecule,CT0329_A6_001,CT0329,Vedolizumab,0.0,0,36.0,70,ECL/MSD,1,Inflammation and autoimmunity,Intravenous,No,3,3.401445431896432,4.166800022125244,0.20035230124206266,0.12719525396823883
molecule,CT0329_A6_002,CT0329,Vedolizumab,14.3,1,7.0,112,ECL/MSD,1,Inflammation and autoimmunity,Intravenous,No,3,2.934779671500973,6.104360103607178,0.21850196885656625,0.1385297179222107
molecule,CT0329_A7_001,CT0329,Vedolizumab,0.0,0,32.0,70,ECL/MSD,1,Inflammation and autoimmunity,Intravenous,No,3,5.38629241661862,5.3349151611328125,0.1798044895469235,0.1257227659225464
molecule,CT0329_A7_002,CT0329,Vedolizumab,12.9,1,31.0,210,ECL/MSD,1,Inflammation and autoimmunity,Intravenous,No,3,6.094725329727528,5.956877708435059,0.23668353852989965,0.12709690630435944
molecule,CT0329_A7_003,CT0329,Vedolizumab,5.9,0,17.0,420,ECL/MSD,1,Inflammation and autoimmunity,Intravenous,No,3,7.163027037304404,7.110296249389648,0.2462550893548701,0.12480375170707703
molecule,CT0329_A7_004,CT0329,Vedolizumab,0.0,0,4.0,112,ECL/MSD,1,Inflammation and autoimmunity,Intravenous,No,3,4.124034869610762,7.1313886642456055,0.196115585732564,0.13802221417427063
molecule,CT0329_A4_002,CT0329,Vedolizumab,0.0,0,33.0,70,ECL/MSD,1,Inflammation and autoimmunity,Intravenous,No,3,3.342527876728881,4.202852725982666,0.20001937008386755,0.12614278495311737
molecule,CT0329_A4_003,CT0329,Vedolizumab,0.0,0,33.0,210,ECL/MSD,1,Inflammation and autoimmunity,Intravenous,No,3,4.8235061566541795,4.649650573730469,0.2562832613430431,0.12692800164222717
molecule,CT0329_A4_004,CT0329,Vedolizumab,0.0,0,25.0,420,ECL/MSD,1,Inflammation and autoimmunity,Intravenous,No,3,4.614773826779753,5.0903520584106445,0.2582386284759435,0.1241077110171318
molecule,CT0329_A4_005,CT0329,Vedolizumab,0.0,0,2.0,112,ECL/MSD,1,Inflammation and autoimmunity,Intravenous,No,3,2.8389957868627804,2.5716047286987305,0.22001708138456805,0.1280023455619812
molecule,CT0331_A1_002,CT0331,Tocilizumab,0.0,0,1.0,84,Not reported,1,Inflammation and autoimmunity,Subcutaneous,No,4,5.817172076842485,1.7747119665145874,0.31894648447042345,0.12397531419992447
molecule,CT0331_A1_003,CT0331,Tocilizumab,0.0,0,19.0,168,Not reported,1,Inflammation and autoimmunity,Subcutaneous,No,4,5.8421884726037,6.603548526763916,0.37330705088663946,0.2326536476612091
molecule,CT0331_A1_004,CT0331,Tocilizumab,0.0,0,5.0,364,Not reported,1,Inflammation and autoimmunity,Subcutaneous,No,4,10.215297622308722,15.017999649047852,0.413474973059941,0.3050638437271118
molecule,CT0331_A1_005,CT0331,Tocilizumab,0.0,0,3.0,420,Not reported,1,Inflammation and autoimmunity,Subcutaneous,No,4,10.244444809283772,11.697149276733398,0.40315190321144984,0.25547465682029724
molecule,CT0331_A2_002,CT0331,Tocilizumab,1.724137931,0,116.0,168,Not reported,1,Inflammation and autoimmunity,Subcutaneous,No,4,7.506994609848263,4.992345809936523,0.374409294504265,0.20924100279808044
molecule,CT0331_A2_003,CT0331,Tocilizumab,0.0,0,27.0,364,Not reported,1,Inflammation and autoimmunity,Subcutaneous,No,4,7.579338764327208,6.7584075927734375,0.3497783693430766,0.19270417094230652
molecule,CT0331_A2_004,CT0331,Tocilizumab,0.0,0,21.0,420,Not reported,1,Inflammation and autoimmunity,Subcutaneous,No,4,7.979439014585763,7.842881202697754,0.35498422052327716,0.19434258341789246
molecule,CT0333_A1_001,CT0333,Denosumab,0.0,0,71.0,127,Not reported,1,Healthy Volunteer,Subcutaneous,No,2,3.8218227646379765,12.013707160949707,0.33276987949726805,0.31546297669410706
molecule,CT0333_A2_001,CT0333,Denosumab,0.0,0,71.0,127,Not reported,1,Healthy Volunteer,Subcutaneous,No,2,3.8218227646379765,12.013707160949707,0.33276987949726805,0.31546297669410706
molecule,CT0334_A1_001,CT0334,Bococizumab,56.0,1,25.0,169,Platform unclear,1,Cardiovascular,Subcutaneous,No,1,4.170351614708637,4.128091335296631,0.2826969314681547,0.09450016170740128
molecule,CT0334_A2_001,CT0334,Bococizumab,25.0,1,24.0,169,Platform unclear,1,Cardiovascular,Subcutaneous,No,1,3.471114705375199,3.4235305786132812,0.27137564282661836,0.09722553938627243
molecule,CT0334_A3_001,CT0334,Bococizumab,58.33333333,1,24.0,169,Platform unclear,1,Cardiovascular,Subcutaneous,No,1,3.127385141322529,3.1553616523742676,0.260689633702233,0.10008765012025833
molecule,CT0334_A4_001,CT0334,Bococizumab,52.0,1,25.0,169,Platform unclear,1,Cardiovascular,Subcutaneous,No,1,4.183620805470199,3.3901572227478027,0.3495330536029398,0.11148381978273392
molecule,CT0334_A5_001,CT0334,Bococizumab,64.0,1,25.0,169,Platform unclear,1,Cardiovascular,Subcutaneous,No,1,3.4836293312189226,2.8319039344787598,0.31797328174097106,0.11707700043916702
molecule,CT0334_A6_001,CT0334,Bococizumab,45.83333333,1,24.0,169,Platform unclear,1,Cardiovascular,Subcutaneous,No,1,3.1230219687789185,2.4911298751831055,0.3024897972045205,0.12124278396368027
molecule,CT0335_A1_001,CT0335,Erenumab,5.8,0,189.0,168,Multiple platforms,1,Neurological,Subcutaneous,No,5,30.48728959610177,7.467776775360107,0.3840062147277861,0.1872337907552719
molecule,CT0335_A2_001,CT0335,Erenumab,1.6,0,187.0,168,Multiple platforms,1,Neurological,Subcutaneous,No,5,24.77863973870083,6.965497970581055,0.35299724688331435,0.17781959474086761
molecule,CT0336_A1_001,CT0336,Ramucirumab,0.0,0,8.0,186,Not reported,1,Cancer and neoplasms,Intravenous,No,3,4.861602610893859,11.016790390014648,0.3387797399917537,0.25074273347854614
molecule,CT0337_A1_001,CT0337,Bevacizumab,2.898550725,0,69.0,365,Not reported,0,Cancer and neoplasms,Intravenous,Yes,5,4.139859046942855,8.265157699584961,0.3101671203077273,0.14774462580680847
molecule,CT0337_A1_002,CT0337,Bevacizumab,3.0,0,69.0,365,Not reported,0,Cancer and neoplasms,Intravenous,Yes,5,4.139859046942855,8.265157699584961,0.3101671203077273,0.14774462580680847
molecule,CT0337_A2_001,CT0337,Bevacizumab,0.0,0,71.0,365,Not reported,0,Cancer and neoplasms,Intravenous,No,5,2.341858532411116,3.053800344467163,0.21319701755219794,0.058383796364068985
molecule,CT0337_A2_002,CT0337,Bevacizumab,0.0,0,71.0,365,Not reported,0,Cancer and neoplasms,Intravenous,No,5,2.341858532411116,3.053800344467163,0.21319701755219794,0.058383796364068985
molecule,CT0338_A1_002,CT0338,Benralizumab,7.0,0,71.0,252,Not reported,0,Inflammation and autoimmunity,Subcutaneous,No,3,7.109572701746371,3.3528714179992676,0.3674618609218691,0.13357020914554596
molecule,CT0338_A2_002,CT0338,Benralizumab,8.6,0,70.0,252,Not reported,0,Inflammation and autoimmunity,Subcutaneous,No,3,7.16687610970776,3.3902130126953125,0.3659069849874443,0.13259349763393402
molecule,CT0339_A1_001,CT0339,Ramucirumab,33.33333333,1,3.0,1380,Not reported,0,Cancer and neoplasms,Intravenous,No,3,5.411143554513722,6.760504722595215,0.28104533949517835,0.1801772117614746
molecule,CT0339_A2_001,CT0339,Ramucirumab,0.0,0,3.0,1380,Not reported,0,Cancer and neoplasms,Intravenous,No,3,5.411143554513722,6.760504722595215,0.28104533949517835,0.1801772117614746
molecule,CT0339_A3_001,CT0339,Ramucirumab,0.0,0,16.0,1380,Not reported,0,Cancer and neoplasms,Intravenous,No,3,5.050567801517033,6.544556617736816,0.28222762301990545,0.15759243071079254
molecule,CT0339_A4_001,CT0339,Ramucirumab,9.090909091,0,44.0,1380,Not reported,0,Cancer and neoplasms,Intravenous,No,3,4.926544171016064,5.108528137207031,0.2698661936268948,0.1393742561340332
molecule,CT0339_A5_001,CT0339,Ramucirumab,6.666666667,0,15.0,1380,Not reported,0,Cancer and neoplasms,Intravenous,No,3,5.0532743555671935,6.671018600463867,0.28222762301990545,0.15906617045402527
molecule,CT0339_A6_001,CT0339,Ramucirumab,0.0,0,15.0,1380,Not reported,0,Cancer and neoplasms,Intravenous,No,3,5.0532743555671935,6.671018600463867,0.28222762301990545,0.15906617045402527
molecule,CT0339_A1_002,CT0339,Emibetuzumab,0.0,0,3.0,1380,Not reported,0,Cancer and neoplasms,Intravenous,No,5,9.05103912242285,7.5574750900268555,0.386584297675133,0.41767510771751404
molecule,CT0339_A2_002,CT0339,Emibetuzumab,0.0,0,3.0,1380,Not reported,0,Cancer and neoplasms,Intravenous,No,5,9.05103912242285,7.5574750900268555,0.386584297675133,0.41767510771751404
molecule,CT0339_A3_002,CT0339,Emibetuzumab,0.0,0,15.0,1380,Not reported,0,Cancer and neoplasms,Intravenous,No,5,8.27972548758812,7.241839408874512,0.38291431147654054,0.40275487303733826
molecule,CT0339_A4_002,CT0339,Emibetuzumab,7.142857143,0,42.0,1380,Not reported,0,Cancer and neoplasms,Intravenous,No,5,8.269718000874246,6.9198198318481445,0.3821157909294976,0.3886909782886505
molecule,CT0339_A5_002,CT0339,Emibetuzumab,0.0,0,15.0,1380,Not reported,0,Cancer and neoplasms,Intravenous,No,5,8.27972548758812,7.241839408874512,0.38291431147654054,0.40275487303733826
molecule,CT0339_A6_002,CT0339,Emibetuzumab,0.0,0,15.0,1380,Not reported,0,Cancer and neoplasms,Intravenous,No,5,8.27972548758812,7.241839408874512,0.38291431147654054,0.40275487303733826
molecule,CT0340_A1_001,CT0340,Tralokinumab,0.0,0,15.0,57,Not reported,1,Healthy Volunteer,Subcutaneous,No,4,18.85792181750733,3.8219895362854004,0.3707028358706694,0.13177716732025146
molecule,CT0340_A2_001,CT0340,Tralokinumab,0.0,0,15.0,57,Not reported,1,Healthy Volunteer,Subcutaneous,No,4,18.85792181750733,3.8219895362854004,0.3707028358706694,0.13177716732025146
molecule,CT0340_A3_001,CT0340,Tralokinumab,0.0,0,15.0,57,Not reported,1,Healthy Volunteer,Subcutaneous,No,4,18.85792181750733,3.8219895362854004,0.3707028358706694,0.13177716732025146
molecule,CT0340_A4_001,CT0340,Tralokinumab,0.0,0,15.0,57,Not reported,1,Healthy Volunteer,Subcutaneous,No,4,18.85792181750733,3.8219895362854004,0.3707028358706694,0.13177716732025146
molecule,CT0341_A1_001,CT0341,Bococizumab,54.8,1,491.0,770,Platform unclear,1,Cardiovascular,Subcutaneous,No,1,4.128459177025087,3.6512694358825684,0.3116289963459908,0.14367975294589996
molecule,CT0341_A2_001,CT0341,Bococizumab,100.0,1,33.0,406,Platform unclear,1,Cardiovascular,Subcutaneous,No,1,4.45758916748359,5.139070510864258,0.347017529951565,0.13901112973690033
molecule,CT0341_A2_002,CT0341,Bococizumab,87.1,1,31.0,497,Platform unclear,1,Cardiovascular,Subcutaneous,No,1,4.93512597392021,5.586138725280762,0.3474291486302895,0.14421947300434113
molecule,CT0341_A2_003,CT0341,Bococizumab,82.1,1,28.0,588,Platform unclear,1,Cardiovascular,Subcutaneous,No,1,6.171840096364743,6.2011027336120605,0.3542652958973094,0.15152841806411743
molecule,CT0341_A2_004,CT0341,Bococizumab,86.4,1,22.0,679,Platform unclear,1,Cardiovascular,Subcutaneous,No,1,6.113564125142292,6.957132339477539,0.35561532388327655,0.15221437811851501
molecule,CT0341_A2_005,CT0341,Bococizumab,100.0,1,17.0,770,Platform unclear,1,Cardiovascular,Subcutaneous,No,1,6.156464311321039,7.544305801391602,0.354904689363108,0.15854179859161377
molecule,CT0342_A1_001,CT0342,Atezolizumab,42.4,1,276.0,745,Not reported,1,Cancer and neoplasms,Intravenous,No,3,6.220865114367917,4.082162857055664,0.22244516168745088,0.12087559700012207
molecule,CT0744_A1_001,CT0744,Adalimumab,6.0,0,85.0,112,Platform unclear,0,Inflammation and autoimmunity,Subcutaneous,No,3,8.61007358047889,5.888047218322754,0.4290030510299538,0.14754047989845276
molecule,CT0746_A1_001,CT0746,Adalimumab,26.0,1,86.0,112,Platform unclear,0,Inflammation and autoimmunity,Subcutaneous,No,3,8.560925241884744,6.117005825042725,0.43307995623990575,0.14450852572917938
molecule,CT0323_A1_001,CT0323,Adalimumab,36.8,1,231.0,119,Not reported,1,Inflammation and autoimmunity,Subcutaneous,No,3,5.409529860615695,8.192569732666016,0.34266913772043284,0.31709304451942444
molecule,CT0323_A4_001,CT0323,Adalimumab,34.1,1,234.0,119,Not reported,1,Inflammation and autoimmunity,Subcutaneous,No,3,5.441690118924785,7.673640251159668,0.34591537377182574,0.3188246190547943
molecule,CT0344_A1_001,CT0344,MEDI0680,50.0,1,4.0,2125,Platform unclear,1,Cancer and neoplasms,Intravenous,No,1,11.265595620659242,17.76874542236328,0.5000913822893615,0.5552250146865845
molecule,CT0344_A2_001,CT0344,MEDI0680,0.0,0,5.0,2125,Platform unclear,1,Cancer and neoplasms,Intravenous,No,1,11.668563720203425,18.67703628540039,0.509340195128625,0.5666959881782532
molecule,CT0344_A3_001,CT0344,MEDI0680,66.7,1,3.0,2125,Platform unclear,1,Cancer and neoplasms,Intravenous,No,1,9.055708585966837,13.227792739868164,0.4543050992375647,0.45480048656463623
molecule,CT0344_A4_001,CT0344,MEDI0680,0.0,0,3.0,2125,Platform unclear,1,Cancer and neoplasms,Intravenous,No,1,6.722330927476703,13.496195793151855,0.4266919669210537,0.44078853726387024
molecule,CT0344_A5_001,CT0344,MEDI0680,0.0,0,8.0,2125,Platform unclear,1,Cancer and neoplasms,Intravenous,No,1,6.107917548140126,10.451805114746094,0.44016082445738247,0.45166778564453125
molecule,CT0344_A6_001,CT0344,MEDI0680,0.0,0,6.0,2125,Platform unclear,1,Cancer and neoplasms,Intravenous,No,1,6.813554204419386,9.384547233581543,0.45201796465928673,0.44335949420928955
molecule,CT0344_A7_001,CT0344,MEDI0680,0.0,0,4.0,2125,Platform unclear,1,Cancer and neoplasms,Intravenous,No,1,5.663859511162759,6.214229583740234,0.45139678880839396,0.37074071168899536
molecule,CT0344_A8_001,CT0344,MEDI0680,5.1,0,39.0,2125,Platform unclear,1,Cancer and neoplasms,Intravenous,No,1,6.20790510563164,10.906315803527832,0.45145235742620277,0.48800191283226013
molecule,CT0344_A1_002,CT0344,Durvalumab,25.0,1,4.0,2125,Platform unclear,1,Cancer and neoplasms,Intravenous,No,5,18.169941476437007,13.802164077758789,0.534703343546918,0.47384747862815857
molecule,CT0344_A2_002,CT0344,Durvalumab,0.0,0,5.0,2125,Platform unclear,1,Cancer and neoplasms,Intravenous,No,5,18.36014488160674,14.711015701293945,0.5451061229833702,0.4789523184299469
molecule,CT0344_A3_002,CT0344,Durvalumab,0.0,0,3.0,2125,Platform unclear,1,Cancer and neoplasms,Intravenous,No,5,16.68845303782946,11.741534233093262,0.5208122143951908,0.41795170307159424
molecule,CT0344_A4_002,CT0344,Durvalumab,0.0,0,3.0,2125,Platform unclear,1,Cancer and neoplasms,Intravenous,No,5,10.10698152265427,10.530891418457031,0.48472375736182555,0.3918689787387848
molecule,CT0344_A5_002,CT0344,Durvalumab,0.0,0,8.0,2125,Platform unclear,1,Cancer and neoplasms,Intravenous,No,5,7.305704323984975,9.13730525970459,0.5217541112509088,0.395409494638443
molecule,CT0344_A6_002,CT0344,Durvalumab,0.0,0,6.0,2125,Platform unclear,1,Cancer and neoplasms,Intravenous,No,5,8.168917435365339,11.465072631835938,0.524036497634924,0.39320120215415955
molecule,CT0344_A8_002,CT0344,Durvalumab,5.1,0,39.0,2125,Platform unclear,1,Cancer and neoplasms,Intravenous,No,5,9.674428623421027,11.389976501464844,0.5454111956932938,0.4179070293903351
molecule,CT0345_A1_001,CT0345,Belimumab,0.0,0,39.0,364,Not reported,0,Inflammation and autoimmunity,Intravenous,No,2,36.05716491845708,4.235434055328369,0.5176073436312641,0.2026444524526596
molecule,CT0345_A2_001,CT0345,Belimumab,0.0,0,29.0,364,Not reported,0,Inflammation and autoimmunity,Intravenous,No,2,36.03093686845559,4.272563457489014,0.5167060643624256,0.19708290696144104
molecule,CT0345_A3_001,CT0345,Belimumab,0.0,0,12.0,364,Not reported,0,Inflammation and autoimmunity,Intravenous,No,2,36.297980513694995,3.962958812713623,0.5104585627404169,0.17299476265907288
molecule,CT0345_A3_002,CT0345,Belimumab,0.0,0,11.0,364,Not reported,0,Inflammation and autoimmunity,Intravenous,No,2,36.292970416682216,4.040497779846191,0.5113584025131462,0.17373007535934448
molecule,CT0346_A1_001,CT0346,Sarilumab,12.3,1,65.0,210,ECL/MSD,0,Inflammation and autoimmunity,Subcutaneous,No,5,7.3363962882856795,8.360526084899902,0.3498012560687935,0.15956087410449982
molecule,CT0346_A2_002,CT0346,Sarilumab,6.1,0,66.0,210,ECL/MSD,0,Inflammation and autoimmunity,Subcutaneous,No,5,7.027267285809118,7.9083662033081055,0.3138495429103297,0.15670455992221832
molecule,CT0348_A1_002,CT0348,Pertuzumab,2.358974359,0,195.0,2220,ELISA,1,Cancer and neoplasms,Intravenous,No,3,9.686095847233311,5.599154472351074,0.3264668783699593,0.187080517411232
molecule,CT0348_A2_002,CT0348,Pertuzumab,1.827411168,0,197.0,2220,ELISA,1,Cancer and neoplasms,Intravenous,No,3,9.803031273737108,5.5809431076049805,0.32491676242522566,0.1862817406654358
molecule,CT0349_A1_001,CT0349,Pembrolizumab,5.8,0,52.0,1552,Not reported,1,Cancer and neoplasms,Intravenous,No,3,6.109575527311063,7.278371810913086,0.3333424362990568,0.2102813571691513
molecule,CT0350_A1_001,CT0350,Dupilumab,9.72972973,0,111.0,756,Not reported,0,Inflammation and autoimmunity,Subcutaneous,No,5,5.508458212771683,4.649117469787598,0.3081288289176351,0.15795093774795532
molecule,CT0350_A2_001,CT0350,Dupilumab,2.874109264,0,421.0,756,Not reported,0,Inflammation and autoimmunity,Subcutaneous,No,5,5.93938567898757,4.697795867919922,0.30831021720444673,0.16146957874298096
molecule,CT0350_A1_002,CT0350,Dupilumab,1.844660194,0,515.0,756,Not reported,0,Inflammation and autoimmunity,Subcutaneous,No,5,6.103956038131754,4.701624870300293,0.30837128668407926,0.16199791431427002
molecule,CT0350_A3_001,CT0350,Dupilumab,0.446428571,0,1008.0,756,Not reported,0,Inflammation and autoimmunity,Subcutaneous,No,5,6.243911307877126,4.981019973754883,0.30286658947903483,0.1343657374382019
molecule,CT0350_A1_003,CT0350,Dupilumab,8.42,0,95.0,756,Not reported,0,Inflammation and autoimmunity,Subcutaneous,No,5,5.695355145282402,4.691465854644775,0.30509582029460197,0.1536175012588501
molecule,CT0350_A4_001,CT0350,Dupilumab,9.888888889,0,90.0,756,Not reported,0,Inflammation and autoimmunity,Subcutaneous,No,5,5.78625038337764,4.564657688140869,0.2996448495539012,0.15242266654968262
molecule,CT0350_A1_004,CT0350,Dupilumab,0.0,0,19.0,756,Not reported,0,Inflammation and autoimmunity,Subcutaneous,No,5,10.831360834906496,8.247183799743652,0.3373239933947843,0.15113012492656708
molecule,CT0350_A5_001,CT0350,Dupilumab,50.71428571,1,14.0,756,Not reported,0,Inflammation and autoimmunity,Subcutaneous,No,5,16.790129544142467,10.381952285766602,0.35063793366098195,0.1565270721912384
molecule,CT0351_A1_001,CT0351,Bococizumab,48.61111111,1,72.0,210,Platform unclear,1,Cardiovascular,Subcutaneous,No,1,3.870290491880924,3.621462345123291,0.3359719621577662,0.14107495546340942
molecule,CT0352_A1_001,CT0352,Etrolizumab,35.20408163,1,196.0,462,Not reported,1,Inflammation and autoimmunity,Subcutaneous,No,3,7.495096235229353,6.327910423278809,0.5102512689167679,0.2486238330602646
molecule,CT0353_A1_002,CT0353,Benralizumab,8.0,0,547.0,420,Platform unclear,1,Inflammation and autoimmunity,Subcutaneous,No,3,7.019997816759638,4.109515190124512,0.33149305482656044,0.11292456835508347
molecule,CT0353_A2_002,CT0353,Benralizumab,8.7,0,542.0,420,Platform unclear,1,Inflammation and autoimmunity,Subcutaneous,No,3,5.234156795393738,3.988499164581299,0.33021578194367807,0.1044846624135971
molecule,CT0508_A1_002,CT0508,Eptinezumab,0.8,0,127.0,14,Not reported,1,Neurological,Intravenous,No,2,5.907999921305591,3.3975577354431152,0.35722458383734934,0.18407295644283295
molecule,CT0354_A1_001,CT0354,Avelumab,3.7,0,82.0,609,ECL/MSD,1,Cancer and neoplasms,Intravenous,No,4,4.971748028054508,4.623359680175781,0.3223564913547267,0.07158681750297546
molecule,CT0354_A2_001,CT0354,Avelumab,7.3,0,110.0,1127,ECL/MSD,1,Cancer and neoplasms,Intravenous,No,4,4.761933355358976,4.520259380340576,0.30080721522804765,0.07032471895217896
molecule,CT0355_A1_002,CT0355,Benralizumab,10.8,1,561.0,420,Not reported,0,Inflammation and autoimmunity,Subcutaneous,No,3,6.6767322475521915,3.949338912963867,0.4495425022292124,0.25561997294425964
molecule,CT0355_A2_002,CT0355,Benralizumab,7.0,0,563.0,420,Not reported,0,Inflammation and autoimmunity,Subcutaneous,No,3,6.949920208574468,3.4622879028320312,0.46694439011553784,0.23861095309257507
molecule,CT0355_A3_002,CT0355,Benralizumab,12.0,1,562.0,420,Not reported,0,Inflammation and autoimmunity,Subcutaneous,No,3,5.185643945850697,3.2714357376098633,0.4384276649403969,0.22654171288013458
molecule,CT0356_A1_002,CT0356,Tralokinumab,0.8,0,373.0,504,Not reported,0,Inflammation and autoimmunity,Subcutaneous,No,4,14.550222114421128,5.764720916748047,0.4331302291914491,0.4051792025566101
molecule,CT0356_A2_002,CT0356,Tralokinumab,0.5,0,382.0,504,Not reported,0,Inflammation and autoimmunity,Subcutaneous,No,4,14.554158137946388,5.72554349899292,0.42901277103972185,0.406406044960022
molecule,CT0357_A1_002,CT0357,Etrolizumab,18.8,1,144.0,182,Not reported,0,Inflammation and autoimmunity,Subcutaneous,No,3,6.094497090246926,7.369877338409424,0.4210651908982432,0.24616268277168274
molecule,CT0359_A1_002,CT0359,Etrolizumab,18.4,1,141.0,182,Not reported,0,Inflammation and autoimmunity,Subcutaneous,No,3,6.130535849597229,7.323783874511719,0.4210651908982432,0.24912457168102264
molecule,CT0361_A1_001,CT0361,Pembrolizumab,0.0,0,5.0,810,Not reported,0,Cancer and neoplasms,Intravenous,No,3,15.314816619014998,26.386951446533203,0.50190522651284,0.3593652546405792
molecule,CT0361_A2_001,CT0361,Pembrolizumab,0.0,0,3.0,810,Not reported,0,Cancer and neoplasms,Intravenous,No,3,13.144160701265614,24.454345703125,0.46804295466106083,0.33028191328048706
molecule,CT0361_A3_001,CT0361,Pembrolizumab,0.0,0,3.0,810,Not reported,0,Cancer and neoplasms,Intravenous,No,3,12.898181873391392,24.11428451538086,0.4683648109156629,0.3287608325481415
molecule,CT0361_A4_001,CT0361,Pembrolizumab,0.0,0,3.0,810,Not reported,0,Cancer and neoplasms,Intravenous,No,3,5.59096434007688,22.913768768310547,0.4520775920487854,0.3241182267665863
molecule,CT0361_A5_001,CT0361,Pembrolizumab,0.0,0,9.0,810,Not reported,0,Cancer and neoplasms,Intravenous,No,3,6.130360725057328,20.89822769165039,0.48886841017653276,0.34189194440841675
molecule,CT0361_A1_003,CT0361,Utomilumab,80.0,1,5.0,810,Not reported,0,Cancer and neoplasms,Intravenous,No,4,25.64617626190814,9.679481506347656,0.3978536841196767,0.25418153405189514
molecule,CT0361_A2_003,CT0361,Utomilumab,100.0,1,3.0,810,Not reported,0,Cancer and neoplasms,Intravenous,No,4,23.42841744158757,6.987982273101807,0.3645394282724544,0.2481435090303421
molecule,CT0361_A3_003,CT0361,Utomilumab,66.66666667,1,3.0,810,Not reported,0,Cancer and neoplasms,Intravenous,No,4,22.835243646838546,7.0051398277282715,0.3549014099695336,0.24508872628211975
molecule,CT0361_A4_003,CT0361,Utomilumab,66.7,1,3.0,810,Not reported,0,Cancer and neoplasms,Intravenous,No,4,16.371583531667248,6.936755180358887,0.3295680987215427,0.2331741601228714
molecule,CT0361_A5_003,CT0361,Utomilumab,44.44,1,9.0,810,Not reported,0,Cancer and neoplasms,Intravenous,No,4,20.757904316553848,8.338428497314453,0.3543763144205992,0.20632849633693695
molecule,CT0362_A1_001,CT0362,Trastuzumab,0.0,0,113.0,21,Not reported,1,Cancer and neoplasms,Intravenous,Yes,4,6.332041748127206,4.458798408508301,0.304212946856119,0.12280329316854477
molecule,CT0362_A2_001,CT0362,Trastuzumab,0.892857143,0,112.0,21,Not reported,1,Cancer and neoplasms,Intravenous,No,4,2.6216372458552084,3.943582773208618,0.22766680367568318,0.10038082301616669
molecule,CT0362_A1_002,CT0362,Trastuzumab,0.0,0,111.0,42,Not reported,1,Cancer and neoplasms,Intravenous,Yes,4,6.295573295808701,4.426122188568115,0.3008796135227857,0.12510286271572113
molecule,CT0362_A2_002,CT0362,Trastuzumab,0.0,0,112.0,42,Not reported,1,Cancer and neoplasms,Intravenous,No,4,2.6079223777048957,3.9502806663513184,0.22766680367568318,0.10377383232116699
molecule,CT0362_A1_003,CT0362,Trastuzumab,0.0,0,108.0,84,Not reported,1,Cancer and neoplasms,Intravenous,Yes,4,6.923799699922809,4.561624526977539,0.33006801732906654,0.13230884075164795
molecule,CT0362_A2_003,CT0362,Trastuzumab,0.0,0,109.0,84,Not reported,1,Cancer and neoplasms,Intravenous,No,4,3.723696094709333,4.1242170333862305,0.2511405871350454,0.10844549536705017
molecule,CT0362_A1_004,CT0362,Trastuzumab,0.0,0,108.0,126,Not reported,1,Cancer and neoplasms,Intravenous,Yes,4,6.655225309663927,4.691555500030518,0.34100000950307574,0.1426302194595337
molecule,CT0362_A2_004,CT0362,Trastuzumab,0.0,0,108.0,126,Not reported,1,Cancer and neoplasms,Intravenous,No,4,3.1319606428889437,4.321958065032959,0.25887888731959735,0.11754052340984344
molecule,CT0364_A1_001,CT0364,Rituximab,19.8,1,197.0,364,Platform unclear,0,Cancer and neoplasms,Intravenous,No,2,17.66365092929298,8.004952430725098,0.4299324371647493,0.23744022846221924
molecule,CT0364_A2_001,CT0364,Rituximab,22.1,1,195.0,364,Platform unclear,0,Cancer and neoplasms,Intravenous,Yes,2,30.093558624572537,11.510004043579102,0.5354875550232223,0.3302370309829712
molecule,CT0365_A1_001,CT0365,Infliximab,48.60681115,1,323.0,210,Not reported,0,Inflammation and autoimmunity,Intravenous,No,5,9.474312681237084,6.806421279907227,0.40577112682338135,0.4133768081665039
molecule,CT0365_A2_001,CT0365,Infliximab,51.22699387,1,326.0,210,Not reported,0,Inflammation and autoimmunity,Intravenous,No,5,9.474312681237084,6.928623676300049,0.4051478929425525,0.4122713804244995
molecule,CT0365_A1_002,CT0365,Infliximab,52.14285714,1,280.0,378,Not reported,0,Inflammation and autoimmunity,Intravenous,No,5,12.016322154889162,15.665512084960938,0.4499765306546299,0.4415125250816345
molecule,CT0365_A3_001,CT0365,Infliximab,60.13986014,1,143.0,378,Not reported,0,Inflammation and autoimmunity,Intravenous,No,5,12.181540809980607,12.543355941772461,0.45366789876950186,0.38981056213378906
molecule,CT0365_A4_001,CT0365,Infliximab,58.04195804,1,143.0,378,Not reported,0,Inflammation and autoimmunity,Intravenous,No,5,12.181540809980607,12.543355941772461,0.45366789876950186,0.38981056213378906
molecule,CT0365_A1_003,CT0365,Infliximab,47.03557312,1,253.0,546,Not reported,0,Inflammation and autoimmunity,Intravenous,No,5,12.137154872049729,14.65363883972168,0.44075311808839746,0.44070613384246826
molecule,CT0365_A5_001,CT0365,Infliximab,52.38095238,1,126.0,546,Not reported,0,Inflammation and autoimmunity,Intravenous,No,5,12.339810821766308,13.401347160339355,0.45217012247570704,0.39327141642570496
molecule,CT0365_A6_001,CT0365,Infliximab,57.14285714,1,126.0,546,Not reported,0,Inflammation and autoimmunity,Intravenous,No,5,12.339810821766308,13.401347160339355,0.45217012247570704,0.39327141642570496
molecule,CT0367_A3_001,CT0367,Polatuzumab vedotin,0.0,0,6.0,2555,Not reported,1,Cancer and neoplasms,Intravenous,No,4,2.610665409812019,5.107689380645752,0.21104407687489546,0.2377641797065735
molecule,CT0367_A4_001,CT0367,Polatuzumab vedotin,33.3,1,6.0,2555,Not reported,1,Cancer and neoplasms,Intravenous,No,4,4.7846250690599925,5.881084442138672,0.24551428458115163,0.23177585005760193
molecule,CT0368_A1_002,CT0368,Benralizumab,5.684754522,0,774.0,868,Platform unclear,1,Inflammation and autoimmunity,Subcutaneous,No,3,22.75009481608178,3.636078357696533,0.3649049118672611,0.11773581802845001
molecule,CT0368_A2_002,CT0368,Benralizumab,5.956907478,0,789.0,868,Platform unclear,1,Inflammation and autoimmunity,Subcutaneous,No,3,22.75009481608178,3.606008529663086,0.3649049118672611,0.12116637080907822
molecule,CT0368_A3_002,CT0368,Benralizumab,4.255319149,0,47.0,504,Platform unclear,1,Inflammation and autoimmunity,Subcutaneous,No,3,11.30432942736183,6.271186828613281,0.3108836452868154,0.10585801303386688
molecule,CT0368_A4_002,CT0368,Benralizumab,6.25,0,48.0,504,Platform unclear,1,Inflammation and autoimmunity,Subcutaneous,No,3,11.368534054725648,6.149806976318359,0.3108836452868154,0.10710550844669342
molecule,CT0368_A5_002,CT0368,Benralizumab,4.0,0,25.0,868,Platform unclear,1,Inflammation and autoimmunity,Subcutaneous,No,3,12.576034649417368,8.340904235839844,0.3212401754062464,0.1211819127202034
molecule,CT0368_A6_002,CT0368,Benralizumab,4.918032787,0,61.0,868,Platform unclear,1,Inflammation and autoimmunity,Subcutaneous,No,3,12.956281453270782,5.897258281707764,0.3049433002253283,0.10824950039386749
molecule,CT0370_A1_001,CT0370,Rituximab,2.4,0,127.0,270,Not reported,1,Cancer and neoplasms,Intravenous,No,2,14.015211527664869,2.7245466709136963,0.33485273862555714,0.11101461946964264
molecule,CT0370_A2_001,CT0370,Rituximab,3.2,0,125.0,270,Not reported,1,Cancer and neoplasms,Intravenous,No,2,11.946125705396637,2.6579415798187256,0.3325284667243534,0.1036933958530426
molecule,CT0371_A1_001,CT0371,Evolocumab,0.0,0,6.0,57,ECL/MSD,1,Cardiovascular,Subcutaneous,No,2,14.581722967875388,22.664331436157227,0.5194878972780592,0.5813006162643433
molecule,CT0371_A2_001,CT0371,Evolocumab,0.0,0,6.0,57,ECL/MSD,1,Cardiovascular,Subcutaneous,No,2,14.581722967875388,22.664331436157227,0.5194878972780592,0.5813006162643433
molecule,CT0371_A3_001,CT0371,Evolocumab,0.0,0,6.0,57,ECL/MSD,1,Cardiovascular,Subcutaneous,No,2,14.581722967875388,22.664331436157227,0.5194878972780592,0.5813006162643433
molecule,CT0373_A1_001,CT0373,Atezolizumab,33.3,1,427.0,1399,Not reported,0,Cancer and neoplasms,Intravenous,No,3,10.355125258717328,4.765811920166016,0.3037713609563506,0.1832706332206726
molecule,CT0374_A1_001,CT0374,Burosumab,14.28571429,1,14.0,2106,Not reported,1,Cancer and neoplasms,Subcutaneous,No,2,11.843778751399814,9.297119140625,0.3367898194544013,0.18564067780971527
molecule,CT0375_A2_001,CT0375,Burosumab,20.0,1,20.0,1288,Not reported,1,Musculoskeletal,Subcutaneous,No,2,9.563947741087185,8.434640884399414,0.314684905822284,0.1699594259262085
molecule,CT0084_A1_001,CT0084,Ofatumumab,0.0,0,29.0,7,Not reported,0,Cancer and neoplasms,Intravenous,No,3,13.095024151915679,7.2129364013671875,0.3410082853265761,0.34225571155548096
molecule,CT0378_A1_001,CT0378,Olaratumab,0.0,0,25.0,1410,ELISA,0,Cancer and neoplasms,Intravenous,No,5,6.003471823472454,7.45805549621582,0.21156648072279918,0.10866440087556839
molecule,CT0378_A2_001,CT0378,Olaratumab,0.0,0,24.0,1410,ELISA,0,Cancer and neoplasms,Intravenous,No,5,6.469098896119758,8.14557933807373,0.21333285198337135,0.12547022104263306
molecule,CT0379_A1_001,CT0379,Omalizumab,0.0,0,68.0,168,Not reported,0,Inflammation and autoimmunity,Subcutaneous,No,5,6.323387469735697,7.381647109985352,0.329373266514037,0.20585255324840546
molecule,CT0379_A2_001,CT0379,Omalizumab,0.0,0,64.0,168,Not reported,0,Inflammation and autoimmunity,Subcutaneous,No,5,8.576395835672548,9.035994529724121,0.3761177173275637,0.21251478791236877
molecule,CT0601_A2_001,CT0601,Adalimumab,41.3,1,213.0,154,Multiple platforms,0,Inflammation and autoimmunity,Subcutaneous,No,3,3.728335333357038,5.574418067932129,0.26378504203824726,0.23400713503360748
molecule,CT0381_A1_001,CT0381,Ixekizumab,6.837606838,0,117.0,168,Not reported,1,Inflammation and autoimmunity,Subcutaneous,No,4,6.074400097152105,13.068758010864258,0.4785522475154402,0.4918452799320221
molecule,CT0381_A2_001,CT0381,Ixekizumab,3.333333333,0,120.0,168,Not reported,1,Inflammation and autoimmunity,Subcutaneous,No,4,6.0551755865195185,12.916003227233887,0.4827453101451341,0.489057719707489
molecule,CT0382_A1_001,CT0382,Ramucirumab,0.0,0,6.0,669,Not reported,1,Cancer and neoplasms,Intravenous,No,3,4.889501757852731,4.7940874099731445,0.260205865978215,0.14593935012817383
molecule,CT0382_A2_001,CT0382,Ramucirumab,0.0,0,6.0,669,Not reported,1,Cancer and neoplasms,Intravenous,No,3,4.889501757852731,4.7940874099731445,0.260205865978215,0.14593935012817383
molecule,CT0382_A3_001,CT0382,Ramucirumab,0.0,0,6.0,669,Not reported,1,Cancer and neoplasms,Intravenous,No,3,4.889501757852731,4.7940874099731445,0.260205865978215,0.14593935012817383
molecule,CT0084_A2_001,CT0084,Ofatumumab,0.0,0,29.0,7,Not reported,0,Cancer and neoplasms,Intravenous,No,3,12.863059722167927,7.410058975219727,0.3406981623892791,0.34614431858062744
molecule,CT0097_A1_001,CT0097,Ofatumumab,0.0,0,79.0,14,Not reported,1,Cancer and neoplasms,Intravenous,No,3,7.476133870852515,3.089334011077881,0.27454357694368225,0.16521012783050537
molecule,CT0384_A1_002,CT0384,Bevacizumab,1.5,0,339.0,385,Multiple platforms,0,Cancer and neoplasms,Intravenous,Yes,5,8.744747288754473,18.823150634765625,0.4237707773849773,0.3451046347618103
molecule,CT0384_A2_002,CT0384,Bevacizumab,1.4,0,350.0,385,Multiple platforms,0,Cancer and neoplasms,Intravenous,No,5,8.499587037741462,6.674998760223389,0.33175589086767765,0.20743396878242493
molecule,CT0385_A1_001,CT0385,Atezolizumab,4.6,0,389.0,2068,Not reported,1,Cancer and neoplasms,Intravenous,No,3,10.303571364491805,5.738554000854492,0.2951786993504603,0.21000519394874573
molecule,CT0385_A2_001,CT0385,Atezolizumab,2.9,0,376.0,2068,Not reported,1,Cancer and neoplasms,Intravenous,No,3,10.296616264344369,5.818423271179199,0.2951786993504603,0.20885926485061646
molecule,CT0128_A1_002,CT0128,Tanezumab,0.0,0,25.0,14,ELISA,1,Inflammation and autoimmunity,Intravenous,No,1,4.085123621553426,2.831800699234009,0.3353520798095198,0.1465037316083908
molecule,CT0386_A1_002,CT0386,Atezolizumab,22.4,1,446.0,1050,Not reported,1,Cancer and neoplasms,Intravenous,No,3,9.656344941365425,5.770871162414551,0.3152345610281084,0.20796513557434082
molecule,CT0235_A1_002,CT0235,Ofatumumab,0.0,0,34.0,6,Not reported,0,Cancer and neoplasms,Intravenous,No,3,10.687158107594298,8.155065536499023,0.32915618822022524,0.29965028166770935
molecule,CT0386_A2_002,CT0386,Atezolizumab,23.5,1,96.0,1050,Not reported,1,Cancer and neoplasms,Intravenous,No,3,6.775098336406046,4.390239715576172,0.2646791143101919,0.16735705733299255
molecule,CT0235_A2_002,CT0235,Ofatumumab,0.0,0,43.0,6,Not reported,0,Cancer and neoplasms,Intravenous,No,3,10.781502984405194,7.278792381286621,0.32308035442825617,0.2915829122066498
molecule,CT0387_A1_002,CT0387,Atezolizumab,48.1,1,308.0,900,Not reported,1,Cancer and neoplasms,Intravenous,No,3,7.597340859746394,4.871464729309082,0.330592549144981,0.21051941812038422
molecule,CT0387_A2_002,CT0387,Atezolizumab,21.4,1,313.0,900,Not reported,1,Cancer and neoplasms,Intravenous,No,3,9.815798600860067,6.077192783355713,0.31460151045411466,0.2121250182390213
molecule,CT0388_A1_001,CT0388,Rituximab,31.7,1,67.0,364,Not reported,1,Inflammation and autoimmunity,Intravenous,No,2,16.248549909180255,10.401322364807129,0.40388628300028595,0.15309199690818787
molecule,CT0389_A1_001,CT0389,Necitumumab,5.555555556,0,54.0,1470,Platform unclear,1,Cancer and neoplasms,Intravenous,No,1,3.6309454142769026,3.0818867683410645,0.1718826898207652,0.21742570400238037
molecule,CT0392_A1_001,CT0392,Avelumab,14.9,1,388.0,1420,ECL/MSD,1,Cancer and neoplasms,Intravenous,No,4,5.026907091051679,6.231964588165283,0.3641667190662777,0.07957461476325989
molecule,CT0393_A2_001,CT0393,Galcanezumab,0.0,0,48.0,180,Platform unclear,1,Neurological,Subcutaneous,No,1,4.879553330187161,6.253148078918457,0.33609196699336363,0.290809690952301
molecule,CT0601_A3_001,CT0601,Adalimumab,45.1,1,213.0,154,Multiple platforms,0,Inflammation and autoimmunity,Subcutaneous,Yes,3,6.710125267930875,8.576223373413086,0.44427368295291775,0.37658023834228516
molecule,CT0601_A4_002,CT0601,Adalimumab,45.3,1,214.0,154,Multiple platforms,0,Inflammation and autoimmunity,Subcutaneous,No,3,3.782187665752796,5.519245147705078,0.2668513349466765,0.23502813279628754
molecule,CT0601_A4_003,CT0601,Adalimumab,49.5,1,214.0,154,Multiple platforms,0,Inflammation and autoimmunity,Subcutaneous,No,3,3.782187665752796,5.519245147705078,0.2668513349466765,0.23502813279628754
molecule,CT0107_A1_002,CT0107,Adalimumab,24.0,1,25.0,168,Platform unclear,1,Inflammation and autoimmunity,Subcutaneous,No,3,2.510803672870889,3.8842196464538574,0.22929396614763267,0.14432501792907715
molecule,CT0457_A1_002,CT0457,Adalimumab,88.94230769,1,208.0,168,Platform unclear,1,Inflammation and autoimmunity,Subcutaneous,Yes,3,9.020467812820769,13.012290000915527,0.5354843330691489,0.6549487709999084
molecule,CT0457_A3_001,CT0457,Adalimumab,92.70833333,1,96.0,168,Platform unclear,1,Inflammation and autoimmunity,Subcutaneous,No,3,5.702154313430783,8.775506019592285,0.35344472656505455,0.32453304529190063
molecule,CT0457_A4_001,CT0457,Adalimumab,92.78350515,1,97.0,168,Platform unclear,1,Inflammation and autoimmunity,Subcutaneous,Yes,3,7.425497800770217,13.666080474853516,0.5103924093600425,0.6655701994895935
molecule,CT0469_A1_004,CT0469,Adalimumab,77.3,1,22.0,168,Platform unclear,1,Inflammation and autoimmunity,Subcutaneous,Yes,3,7.565353872057253,6.435304641723633,0.4107704782293008,0.2519574761390686
molecule,CT0475_A1_005,CT0475,Adalimumab,15.2,1,151.0,168,Platform unclear,0,Inflammation and autoimmunity,Subcutaneous,Yes,3,9.014396854132672,17.08191680908203,0.5377425788982617,0.6228574514389038
molecule,CT0475_A1_006,CT0475,Adalimumab,14.9,1,148.0,168,Platform unclear,0,Inflammation and autoimmunity,Subcutaneous,Yes,3,9.014396854132672,17.881305694580078,0.5377425788982617,0.6291000247001648
molecule,CT0475_A2_005,CT0475,Adalimumab,15.4,1,162.0,168,Platform unclear,0,Inflammation and autoimmunity,Subcutaneous,No,3,6.645401599831686,10.735969543457031,0.36034613498689033,0.33968013525009155
molecule,CT0475_A3_001,CT0475,Adalimumab,15.6,1,160.0,168,Platform unclear,0,Inflammation and autoimmunity,Subcutaneous,Yes,3,8.931946417364893,17.583763122558594,0.5377425788982617,0.6257201433181763
molecule,CT0518_A1_005,CT0518,Adalimumab,71.9,1,139.0,168,Platform unclear,0,Inflammation and autoimmunity,Subcutaneous,Yes,3,36.01547158477613,25.870925903320312,0.6052817736799859,0.7012898325920105
molecule,CT0518_A2_005,CT0518,Adalimumab,61.7,1,133.0,168,Not reported,0,Inflammation and autoimmunity,Subcutaneous,No,3,5.519725270633059,13.078336715698242,0.36415480089238816,0.3620027005672455
molecule,CT0396_A1_001,CT0396,Ramucirumab,6.334841629,0,221.0,1125,Not reported,1,Cancer and neoplasms,Intravenous,No,3,3.391586076472357,2.6950414180755615,0.26767205649866904,0.13134750723838806
molecule,CT0397_A1_001,CT0397,Blinatumomab,0.0,0,5.0,164,ECL/MSD,1,Cancer and neoplasms,Intravenous,No,4,6.090027474291557,7.075492858886719,0.35368784014617377,0.23713316023349762
molecule,CT0397_A2_001,CT0397,Blinatumomab,0.0,0,9.0,164,ECL/MSD,1,Cancer and neoplasms,Intravenous,No,4,5.966170628884488,7.37432861328125,0.34510207526581466,0.22855862975120544
molecule,CT0397_A3_001,CT0397,Blinatumomab,0.0,0,21.0,164,ECL/MSD,1,Cancer and neoplasms,Intravenous,No,4,6.36744812128637,7.534043312072754,0.3360409101235063,0.22010232508182526
molecule,CT0398_A1_001,CT0398,Rituximab,0.0,0,2.0,210,Not reported,1,Cancer and neoplasms,Intravenous,Yes,2,30.3920041907445,9.672483444213867,0.5265353852936993,0.2530915439128876
molecule,CT0399_A1_002,CT0399,Benralizumab,14.65517241,1,116.0,196,Platform unclear,1,Inflammation and autoimmunity,Subcutaneous,No,3,5.4536654983970285,2.718599796295166,0.24974201428682807,0.10784310102462769
molecule,CT0314_A1_004,CT0314,Trastuzumab,0.0,0,255.0,8,ECL/MSD,1,Cancer and neoplasms,Intravenous,Yes,4,10.358063820405938,7.61336088180542,0.3208824519451459,0.15328571200370789
molecule,CT0400_A1_002,CT0400,Atezolizumab,21.93995381,1,433.0,810,Not reported,1,Cancer and neoplasms,Intravenous,No,3,9.7957205889889,5.877642631530762,0.3158344051057103,0.20972847938537598
molecule,CT0400_A1_003,CT0400,Atezolizumab,0.230946882,0,433.0,810,Not reported,0,Cancer and neoplasms,Intravenous,No,3,9.486448045057903,5.311143398284912,0.32017554232149575,0.18419575691223145
molecule,CT0314_A2_004,CT0314,Trastuzumab,0.0,0,263.0,8,ECL/MSD,1,Cancer and neoplasms,Intravenous,No,4,4.201294100247998,5.859231948852539,0.24238581587736102,0.14158125221729279
molecule,CT0401_A1_002,CT0401,Atezolizumab,13.1,1,434.0,1590,Not reported,1,Cancer and neoplasms,Intravenous,No,3,9.30461405336735,5.40888786315918,0.2958166731413206,0.16521325707435608
molecule,CT0402_A1_001,CT0402,Ramucirumab,8.527131783,0,258.0,548,Not reported,1,Cancer and neoplasms,Intravenous,No,3,12.388082395147991,3.3801963329315186,0.333723510812226,0.13402844965457916
molecule,CT0403_A1_001,CT0403,Ramucirumab,5.0,0,161.0,821,Not reported,1,Cancer and neoplasms,Intravenous,No,3,11.109529762588231,3.517425060272217,0.3492497001936116,0.13999193906784058
molecule,CT0404_A2_001,CT0404,Galcanezumab,0.88,0,113.0,570,Platform unclear,1,Neurological,Subcutaneous,No,1,6.551378601420768,8.090118408203125,0.3454686832292639,0.3494322597980499
molecule,CT0405_A1_001,CT0405,Ramucirumab,0.0,0,19.0,152,Not reported,1,Cancer and neoplasms,Intravenous,No,3,4.613327129003558,2.9562935829162598,0.27746053441180946,0.13384288549423218
molecule,CT0405_A4_002,CT0405,Ramucirumab,0.0,0,26.0,152,Not reported,1,Cancer and neoplasms,Intravenous,No,3,2.5234496453953286,2.898090124130249,0.23901033113140902,0.12994098663330078
molecule,CT0405_A2_001,CT0405,Ramucirumab,0.0,0,20.0,152,Not reported,1,Cancer and neoplasms,Intravenous,No,3,2.4104967573269764,2.8996639251708984,0.24312344501248334,0.13579308986663818
molecule,CT0405_A3_001,CT0405,Ramucirumab,0.0,0,22.0,152,Not reported,1,Cancer and neoplasms,Intravenous,No,3,2.5616446632536722,2.9225616455078125,0.22991158841608164,0.13258489966392517
molecule,CT0314_A1_005,CT0314,Trastuzumab,0.0,0,223.0,11,ECL/MSD,1,Cancer and neoplasms,Intravenous,Yes,4,10.480698098786366,7.410799980163574,0.3178047890305653,0.15069347620010376
molecule,CT0314_A2_005,CT0314,Trastuzumab,0.0,0,224.0,11,ECL/MSD,1,Cancer and neoplasms,Intravenous,No,4,4.025301794183528,5.745128631591797,0.23823037726851704,0.13353803753852844
molecule,CT0314_A1_006,CT0314,Trastuzumab,0.0,0,192.0,14,ECL/MSD,1,Cancer and neoplasms,Intravenous,Yes,4,9.987235317516294,7.27916145324707,0.3165867007619546,0.14070940017700195
molecule,CT0314_A2_006,CT0314,Trastuzumab,0.0,0,175.0,14,ECL/MSD,1,Cancer and neoplasms,Intravenous,No,4,3.3773986713510644,5.424073219299316,0.23178462992665522,0.12650631368160248
molecule,CT0377_A1_001,CT0377,Durvalumab,0.0,0,4.0,14,Not reported,0,Cancer and neoplasms,Intravenous,No,5,5.414612765164705,7.501379013061523,0.3439312839896321,0.19416898488998413
molecule,CT0377_A2_001,CT0377,Durvalumab,0.0,0,2.0,14,Not reported,0,Cancer and neoplasms,Intravenous,No,5,4.834209093068854,2.0994162559509277,0.3045592404678344,0.10031697154045105
molecule,CT0377_A3_001,CT0377,Durvalumab,0.0,0,3.0,14,Not reported,0,Cancer and neoplasms,Intravenous,No,5,5.768300702598857,5.012396335601807,0.34732317826552306,0.1624431014060974
molecule,CT0377_A4_001,CT0377,Durvalumab,0.0,0,3.0,14,Not reported,0,Cancer and neoplasms,Intravenous,No,5,6.535254859608746,4.318136215209961,0.3502174692785266,0.1560964584350586
molecule,CT0408_A1_001,CT0408,Atezolizumab,29.3,1,375.0,2433,Not reported,1,Cancer and neoplasms,Intravenous,No,3,8.945589456939416,4.3469343185424805,0.3077261234987377,0.16103540360927582
molecule,CT0409_A1_001,CT0409,Necitumumab,0.0,0,3.0,1470,Platform unclear,1,Cancer and neoplasms,Intravenous,No,1,3.4831334766869704,3.3708291053771973,0.1883857278751981,0.14209702610969543
molecule,CT0409_A2_001,CT0409,Necitumumab,3.278688525,0,61.0,1470,Platform unclear,1,Cancer and neoplasms,Intravenous,No,1,4.115671235474857,3.4955358505249023,0.17736134683991295,0.24621298909187317
molecule,CT0409_A3_001,CT0409,Necitumumab,0.0,0,7.0,1470,Platform unclear,1,Cancer and neoplasms,Intravenous,No,1,3.49906529701129,5.593499183654785,0.19646839055164686,0.20505735278129578
molecule,CT0377_A5_001,CT0377,Durvalumab,0.0,0,7.0,14,Not reported,0,Cancer and neoplasms,Intravenous,No,5,7.922473550383628,7.499231338500977,0.3652482743751555,0.19563613831996918
molecule,CT0377_A7_001,CT0377,Durvalumab,0.0,0,36.0,14,Not reported,0,Cancer and neoplasms,Intravenous,No,5,11.098470110954764,6.415061950683594,0.37986884205830806,0.20269829034805298
molecule,CT0411_A1_002,CT0411,Durvalumab,3.8,0,212.0,1125,Platform unclear,0,Cancer and neoplasms,Intravenous,No,5,13.10399818614637,16.213397979736328,0.7175514625162922,0.6405408382415771
molecule,CT0411_A2_002,CT0411,Durvalumab,3.6,0,223.0,1125,Platform unclear,0,Cancer and neoplasms,Intravenous,No,5,12.43025507626493,14.140669822692871,0.6552185478602411,0.5730139017105103
molecule,CT0411_A2_004,CT0411,Tremelimumab,12.8,1,219.0,1125,Platform unclear,0,Cancer and neoplasms,Intravenous,No,2,6.177951378496583,10.221420288085938,0.4527466431335557,0.32697099447250366
molecule,CT0412_A1_001,CT0412,Bococizumab,39.2,1,97.0,126,Platform unclear,1,Cardiovascular,Subcutaneous,No,1,3.450604217764696,3.291327476501465,0.3284049090838093,0.12985453009605408
molecule,CT0412_A2_001,CT0412,Bococizumab,22.2,1,99.0,126,Platform unclear,1,Cardiovascular,Subcutaneous,No,1,3.8474376829858397,3.6676859855651855,0.37195672132418617,0.11434894055128098
molecule,CT0413_A1_002,CT0413,Atezolizumab,18.3,1,449.0,1825,Not reported,1,Cancer and neoplasms,Intravenous,No,3,6.901052941126675,3.919325590133667,0.21094654189672937,0.11642557382583618
molecule,CT0534_A1_001,CT0534,Adalimumab,9.4,0,53.0,168,ELISA,1,Inflammation and autoimmunity,Subcutaneous,No,3,3.5240936305934056,3.245579242706299,0.24171187886582166,0.16067196428775787
molecule,CT0534_A2_001,CT0534,Adalimumab,3.6,0,55.0,168,ELISA,1,Inflammation and autoimmunity,Subcutaneous,No,3,3.5349118612564467,3.2476797103881836,0.24171187886582166,0.16183233261108398
molecule,CT0601_A3_002,CT0601,Adalimumab,47.9,1,213.0,168,Multiple platforms,0,Inflammation and autoimmunity,Subcutaneous,Yes,3,6.714011634324001,9.060235023498535,0.44427368295291775,0.37988537549972534
molecule,CT0601_A4_004,CT0601,Adalimumab,46.7,1,214.0,168,Multiple platforms,0,Inflammation and autoimmunity,Subcutaneous,No,3,3.7860740321459216,5.659780502319336,0.2668513349466765,0.23645295202732086
molecule,CT0722_A1_001,CT0722,Adalimumab,6.4,0,31.0,168,Platform unclear,0,Inflammation and autoimmunity,Subcutaneous,No,3,13.447188207043927,7.441267013549805,0.44792496525825004,0.18434955179691315
molecule,CT0724_A1_001,CT0724,Adalimumab,10.6,1,123.0,168,ELISA,0,Inflammation and autoimmunity,Subcutaneous,No,3,19.85315062068767,8.065530776977539,0.43158056887397334,0.1565505564212799
molecule,CT0725_A1_001,CT0725,Adalimumab,44.8,1,29.0,168,Radioimmunoassay,0,Inflammation and autoimmunity,Subcutaneous,No,3,13.159096688926844,13.073699951171875,0.43690552962529294,0.217910498380661
molecule,CT0415_A1_001,CT0415,Erenumab,9.3,0,269.0,336,Multiple platforms,1,Neurological,Subcutaneous,No,5,31.028200767050468,8.912403106689453,0.40747849739003994,0.2301912009716034
molecule,CT0415_A2_001,CT0415,Erenumab,8.6,0,279.0,336,Multiple platforms,1,Neurological,Subcutaneous,No,5,31.348234542237574,8.688316345214844,0.40156810037931273,0.21645179390907288
molecule,CT0416_A1_002,CT0416,Avelumab,6.7,0,15.0,730,ELISA,0,Cancer and neoplasms,Intravenous,No,4,3.7999290285194784,6.756614685058594,0.2789950959032595,0.11389761418104172
molecule,CT0416_A2_002,CT0416,Avelumab,20.5,1,39.0,730,ELISA,0,Cancer and neoplasms,Intravenous,No,4,4.00344842695363,4.896848678588867,0.269396827733027,0.09724119305610657
molecule,CT0417_A1_001,CT0417,Durvalumab,5.0,0,440.0,1204,Other ligand-binding assay,1,Cancer and neoplasms,Intravenous,No,5,12.640903410623144,16.447002410888672,0.672418125496011,0.6708959937095642
molecule,CT0418_A2_001,CT0418,Reslizumab,12.5,1,88.0,168,Platform unclear,1,Inflammation and autoimmunity,Subcutaneous,No,5,13.518382617352147,23.46721649169922,0.6221313324168428,0.6473819017410278
molecule,CT0419_A1_002,CT0419,Ranibizumab,6.9,0,58.0,1140,Not reported,0,Unspecified,Ophthalmic,No,2,18.765098777129705,4.994185447692871,0.38231648281162967,0.3067707419395447
molecule,CT0419_A2_002,CT0419,Ranibizumab,14.5,1,62.0,1140,Not reported,0,Unspecified,Ophthalmic,No,2,18.906429902390848,4.75498104095459,0.3779589499522487,0.3189411759376526
molecule,CT0419_A3_002,CT0419,Ranibizumab,15.3,1,59.0,1140,Not reported,0,Unspecified,Ophthalmic,No,2,17.95471302581429,4.33720588684082,0.37544688271228677,0.31984251737594604
molecule,CT0419_A4_002,CT0419,Ranibizumab,14.6,1,41.0,1140,Not reported,0,Unspecified,Ophthalmic,No,2,18.64876387914147,4.426093101501465,0.38426937708278364,0.2767234146595001
molecule,CT0420_A1_001,CT0420,Ixekizumab,23.12703583,1,307.0,364,Not reported,1,Inflammation and autoimmunity,Subcutaneous,No,4,15.273878744366714,24.672542572021484,0.514696179902734,0.6465316414833069
molecule,CT0420_A2_001,CT0420,Ixekizumab,20.98360656,1,305.0,364,Not reported,1,Inflammation and autoimmunity,Subcutaneous,No,4,15.273878744366714,25.073373794555664,0.514696179902734,0.6463558673858643
molecule,CT0420_A3_001,CT0420,Ixekizumab,13.86138614,1,606.0,364,Not reported,1,Inflammation and autoimmunity,Subcutaneous,No,4,15.295987117323897,23.638446807861328,0.4843881060641573,0.6600151658058167
molecule,CT0421_A1_001,CT0421,Ramucirumab,1.904761905,0,105.0,730,Not reported,1,Cancer and neoplasms,Intravenous,No,3,8.815099548155516,4.225933074951172,0.3370807594932745,0.16524259746074677
molecule,CT0421_A2_001,CT0421,Ramucirumab,1.123595506,0,89.0,730,Not reported,1,Cancer and neoplasms,Intravenous,No,3,3.742425940677449,3.839014768600464,0.2730337370147042,0.1554572880268097
molecule,CT0422_A1_001,CT0422,Rituximab,0.0,0,51.0,168,Not reported,1,Inflammation and autoimmunity,Intravenous,Yes,2,28.834826221189626,9.377232551574707,0.5783413630855504,0.3836387097835541
molecule,CT0422_A2_001,CT0422,Rituximab,1.9,0,53.0,168,Not reported,1,Inflammation and autoimmunity,Intravenous,No,2,9.690205568323728,3.718642473220825,0.40978058030191117,0.17262782156467438
molecule,CT0423_A1_002,CT0423,Durvalumab,9.6,0,293.0,91,Platform unclear,0,Cancer and neoplasms,Intravenous,No,5,16.27190022389418,15.955078125,0.6203676382184747,0.7012697458267212
molecule,CT0423_A2_002,CT0423,Durvalumab,3.6,0,302.0,91,Platform unclear,0,Cancer and neoplasms,Intravenous,No,5,15.53594878609559,16.344257354736328,0.641216005696272,0.7054736614227295
molecule,CT0423_A1_004,CT0423,Tremelimumab,18.5,1,292.0,91,Platform unclear,0,Cancer and neoplasms,Intravenous,No,2,9.24360429134919,10.779984474182129,0.47433686336680303,0.3508935272693634
molecule,CT0127_A1_002,CT0127,Ofatumumab,0.0,0,151.0,4,Not reported,0,Cancer and neoplasms,Intravenous,No,3,11.578138111433283,5.932321071624756,0.34180767570875814,0.31764310598373413
molecule,CT0200_A2_001,CT0200,Obinutuzumab,0.0,0,86.0,4,Not reported,1,Cancer and neoplasms,Intravenous,No,2,3.853438858348791,0.9740285277366638,0.17253387359849584,0.0638878345489502
molecule,CT0257_A1_002,CT0257,Obinutuzumab,0.0,0,11.0,4,ELISA,1,Cancer and neoplasms,Intravenous,No,2,2.931692902979252,3.267251491546631,0.2024860199791294,0.1562579870223999
molecule,CT0257_A2_002,CT0257,Obinutuzumab,0.0,0,14.0,4,ELISA,1,Cancer and neoplasms,Intravenous,No,2,4.597746889859225,3.53859281539917,0.20143770861805385,0.17380546033382416
molecule,CT0257_A3_002,CT0257,Obinutuzumab,0.0,0,13.0,4,ELISA,1,Cancer and neoplasms,Intravenous,No,2,4.6332445948676995,3.689742088317871,0.20420271662024794,0.1755182445049286
molecule,CT0314_A1_002,CT0314,Trastuzumab,0.0,0,308.0,3,ECL/MSD,1,Cancer and neoplasms,Intravenous,Yes,4,10.724403557555569,7.601095199584961,0.32007560792784917,0.16292372345924377
molecule,CT0314_A2_002,CT0314,Trastuzumab,0.0,0,321.0,3,ECL/MSD,1,Cancer and neoplasms,Intravenous,No,4,4.1176644265858595,5.837809085845947,0.24461108690475789,0.14883247017860413
molecule,CT0314_A1_003,CT0314,Trastuzumab,0.0,0,287.0,5,ECL/MSD,1,Cancer and neoplasms,Intravenous,Yes,4,10.308055682572647,7.652759552001953,0.3203638411380934,0.15730533003807068
molecule,CT0314_A2_003,CT0314,Trastuzumab,0.0,0,303.0,5,ECL/MSD,1,Cancer and neoplasms,Intravenous,No,4,4.099979840513781,5.888368606567383,0.24209758266711673,0.14979097247123718
molecule,CT0426_A5_001,CT0426,Tanezumab,10.9,1,341.0,56,ELISA,1,Neurological,Subcutaneous,No,1,6.893811686604404,4.490274906158447,0.4212543991485545,0.18354186415672302
molecule,CT0426_A6_001,CT0426,Tanezumab,9.2,0,347.0,56,ELISA,1,Neurological,Subcutaneous,No,1,5.628372118143711,3.5404956340789795,0.39756957494074097,0.17805905640125275
molecule,CT0426_A7_001,CT0426,Tanezumab,15.7,1,345.0,56,ELISA,1,Neurological,Subcutaneous,No,1,5.737726969290609,3.311899185180664,0.402185920049555,0.1593196988105774
molecule,CT0426_A5_002,CT0426,Tanezumab,13.5,1,200.0,112,ELISA,1,Neurological,Subcutaneous,No,1,6.534113435746203,4.581870079040527,0.43196489281576445,0.16917039453983307
molecule,CT0426_A6_002,CT0426,Tanezumab,15.3,1,235.0,112,ELISA,1,Neurological,Subcutaneous,No,1,5.2961602267449885,3.7493560314178467,0.41200961702250305,0.17889803647994995
molecule,CT0426_A7_002,CT0426,Tanezumab,19.1,1,241.0,112,ELISA,1,Neurological,Subcutaneous,No,1,5.42914974787354,3.665588855743408,0.41527867771031285,0.15548337996006012
molecule,CT0426_A6_003,CT0426,Tanezumab,19.3,1,166.0,224,ELISA,1,Neurological,Subcutaneous,No,1,6.614362885993607,4.3490142822265625,0.46237049313065126,0.18872927129268646
molecule,CT0426_A7_003,CT0426,Tanezumab,26.5,1,181.0,224,ELISA,1,Neurological,Subcutaneous,No,1,6.6794949574917215,4.209893703460693,0.4634465212067252,0.16993755102157593
molecule,CT0426_A6_005,CT0426,Tanezumab,21.4,1,145.0,336,ELISA,1,Neurological,Subcutaneous,No,1,6.450610054753423,4.621203422546387,0.4631612779001597,0.20386676490306854
molecule,CT0426_A7_005,CT0426,Tanezumab,30.6,1,160.0,336,ELISA,1,Neurological,Subcutaneous,No,1,6.570772752085413,4.379786491394043,0.46110966343263643,0.18132373690605164
molecule,CT0426_A6_006,CT0426,Tanezumab,15.9,1,138.0,392,ELISA,1,Neurological,Subcutaneous,No,1,6.617989760880968,4.813649654388428,0.4530171657026551,0.21109198033809662
molecule,CT0426_A7_006,CT0426,Tanezumab,26.1,1,157.0,392,ELISA,1,Neurological,Subcutaneous,No,1,6.635685881336277,4.871803283691406,0.45096555123513177,0.19064924120903015
molecule,CT0426_A6_007,CT0426,Tanezumab,11.1,1,135.0,448,ELISA,1,Neurological,Subcutaneous,No,1,6.835824801165644,4.724904537200928,0.4532099094078602,0.21608558297157288
molecule,CT0426_A7_007,CT0426,Tanezumab,21.9,1,146.0,448,ELISA,1,Neurological,Subcutaneous,No,1,6.683190780273453,4.818307876586914,0.45456001047500866,0.1931072175502777
molecule,CT0426_A6_008,CT0426,Tanezumab,10.7,1,131.0,560,ELISA,1,Neurological,Subcutaneous,No,1,7.165389500608385,5.0208516120910645,0.4509048009177659,0.224797323346138
molecule,CT0426_A7_008,CT0426,Tanezumab,9.8,0,143.0,560,ELISA,1,Neurological,Subcutaneous,No,1,7.023305915713298,4.934670448303223,0.45482570655072085,0.20046593248844147
molecule,CT0427_A1_001,CT0427,GSK3174998,0.0,0,1.0,735,Not reported,0,Cancer and neoplasms,Intravenous,No,3,31.242215544901093,10.519905090332031,0.3920476301369387,0.09153194725513458
molecule,CT0427_A2_001,CT0427,GSK3174998,0.0,0,1.0,735,Not reported,0,Cancer and neoplasms,Intravenous,No,3,40.84473292036296,7.353087425231934,0.4611732351303183,0.11384356021881104
molecule,CT0427_A3_001,CT0427,GSK3174998,75.0,1,8.0,735,Not reported,0,Cancer and neoplasms,Intravenous,No,3,34.82430418928588,20.09950828552246,0.486362933597265,0.15134985744953156
molecule,CT0427_A4_001,CT0427,GSK3174998,70.0,1,10.0,735,Not reported,0,Cancer and neoplasms,Intravenous,No,3,34.82430418928588,19.328998565673828,0.48165676002680935,0.1459025740623474
molecule,CT0427_A5_001,CT0427,GSK3174998,40.0,1,10.0,735,Not reported,0,Cancer and neoplasms,Intravenous,No,3,34.80563495851665,19.308691024780273,0.48165676002680935,0.1413954198360443
molecule,CT0427_A6_001,CT0427,GSK3174998,50.0,1,4.0,735,Not reported,0,Cancer and neoplasms,Intravenous,No,3,40.883101167222335,22.5666561126709,0.48613201311870596,0.14018039405345917
molecule,CT0427_A7_001,CT0427,GSK3174998,28.6,1,7.0,735,Not reported,0,Cancer and neoplasms,Intravenous,No,3,32.71238700471852,19.493560791015625,0.46717285198330266,0.12473200261592865
molecule,CT0427_A8_001,CT0427,GSK3174998,0.0,0,4.0,735,Not reported,0,Cancer and neoplasms,Intravenous,No,3,36.0967351495352,19.54695701599121,0.3778695272192864,0.10493271052837372
molecule,CT0427_A9_001,CT0427,GSK3174998,40.0,1,5.0,735,Not reported,0,Cancer and neoplasms,Intravenous,No,3,39.4547396420226,29.97060775756836,0.48831642624765254,0.18442237377166748
molecule,CT0427_A10_001,CT0427,GSK3174998,40.0,1,5.0,735,Not reported,0,Cancer and neoplasms,Intravenous,No,3,39.4547396420226,29.866436004638672,0.48831642624765254,0.18562979996204376
molecule,CT0427_A11_001,CT0427,GSK3174998,66.7,1,9.0,735,Not reported,0,Cancer and neoplasms,Intravenous,No,3,35.99682871129873,25.235586166381836,0.4911429725603128,0.17201519012451172
molecule,CT0427_A12_001,CT0427,GSK3174998,66.7,1,12.0,735,Not reported,0,Cancer and neoplasms,Intravenous,No,3,35.96151197453914,23.590778350830078,0.4847814560150429,0.16130474209785461
molecule,CT0427_A13_001,CT0427,GSK3174998,35.7,1,14.0,735,Not reported,0,Cancer and neoplasms,Intravenous,No,3,35.927586623813944,22.52088165283203,0.4848792523762924,0.15119796991348267
molecule,CT0427_A14_001,CT0427,GSK3174998,33.3,1,12.0,735,Not reported,0,Cancer and neoplasms,Intravenous,No,3,35.98128909242952,23.41868782043457,0.48632368883634514,0.1462971270084381
molecule,CT0427_A15_001,CT0427,GSK3174998,0.0,0,12.0,735,Not reported,0,Cancer and neoplasms,Intravenous,No,3,33.816989957520065,23.00806427001953,0.47081464854034183,0.13054776191711426
molecule,CT0427_A16_001,CT0427,GSK3174998,0.0,0,4.0,735,Not reported,0,Cancer and neoplasms,Intravenous,No,3,36.879387278630865,28.522886276245117,0.38027933604406866,0.12032569944858551
molecule,CT0427_A17_001,CT0427,GSK3174998,44.4,1,9.0,735,Not reported,0,Cancer and neoplasms,Intravenous,No,3,35.937059480529506,24.83559226989746,0.4911429725603128,0.1624622642993927
molecule,CT0427_A18_001,CT0427,GSK3174998,14.3,1,7.0,735,Not reported,0,Cancer and neoplasms,Intravenous,No,3,36.058661725020826,26.672245025634766,0.4911937074455755,0.16499502956867218
molecule,CT0427_A19_001,CT0427,GSK3174998,20.0,1,5.0,735,Not reported,0,Cancer and neoplasms,Intravenous,No,3,34.35340729102895,27.622114181518555,0.3802811626008364,0.12124371528625488
molecule,CT0427_A9_002,CT0427,Pembrolizumab,20.0,1,5.0,735,Not reported,0,Cancer and neoplasms,Intravenous,No,3,16.02612178940673,17.773035049438477,0.44589306487178393,0.2517603039741516
molecule,CT0427_A10_002,CT0427,Pembrolizumab,0.0,0,4.0,735,Not reported,0,Cancer and neoplasms,Intravenous,No,3,15.93903184755778,17.40876007080078,0.4435982733448419,0.24401836097240448
molecule,CT0427_A11_002,CT0427,Pembrolizumab,0.0,0,9.0,735,Not reported,0,Cancer and neoplasms,Intravenous,No,3,14.95094792895036,16.715730667114258,0.4634420959488915,0.2537449300289154
molecule,CT0427_A12_002,CT0427,Pembrolizumab,0.0,0,10.0,735,Not reported,0,Cancer and neoplasms,Intravenous,No,3,14.827778818476997,16.541797637939453,0.46014394285783583,0.24893389642238617
molecule,CT0427_A13_002,CT0427,Pembrolizumab,0.0,0,9.0,735,Not reported,0,Cancer and neoplasms,Intravenous,No,3,14.788111471479443,16.70849609375,0.4651108506315546,0.25032317638397217
molecule,CT0427_A14_002,CT0427,Pembrolizumab,0.0,0,11.0,735,Not reported,0,Cancer and neoplasms,Intravenous,No,3,12.922212365965851,16.079395294189453,0.46059470977112105,0.24675670266151428
molecule,CT0427_A15_002,CT0427,Pembrolizumab,0.0,0,8.0,735,Not reported,0,Cancer and neoplasms,Intravenous,No,3,11.497113187591719,15.291893005371094,0.44252544102591335,0.23874272406101227
molecule,CT0427_A16_002,CT0427,Pembrolizumab,0.0,0,3.0,735,Not reported,0,Cancer and neoplasms,Intravenous,No,3,4.371037816188172,10.373931884765625,0.3235216771586795,0.185861736536026
molecule,CT0428_A1_001,CT0428,Ramucirumab,1.086956522,0,92.0,942,Not reported,0,Cancer and neoplasms,Intravenous,No,3,4.600735987788638,3.2542550563812256,0.2666699217953832,0.126755952835083
molecule,CT0428_A2_001,CT0428,Ramucirumab,3.333333333,0,90.0,942,Not reported,0,Cancer and neoplasms,Intravenous,No,3,4.628918709095855,3.256345272064209,0.2667665579761681,0.12694613635540009
molecule,CT0433_A1_002,CT0433,Ocrelizumab,0.0,0,26.0,84,Not reported,1,Neurological,Intravenous,No,1,2.9017354036844667,10.951114654541016,0.17852603113939877,0.25380411744117737
molecule,CT0433_A2_002,CT0433,Ocrelizumab,0.0,0,68.0,168,Not reported,1,Neurological,Intravenous,No,1,2.5870309280138737,15.066438674926758,0.23702539589120866,0.24909570813179016
molecule,CT0434_A1_001,CT0434,Durvalumab,0.0,0,25.0,547,Platform unclear,0,Cancer and neoplasms,Intravenous,No,5,10.949067652489108,9.784396171569824,0.5730602867754211,0.3759371042251587
molecule,CT0434_A2_001,CT0434,Durvalumab,12.5,1,24.0,547,Platform unclear,0,Cancer and neoplasms,Intravenous,No,5,10.610443725315331,10.406787872314453,0.608710545105955,0.4654984176158905
molecule,CT0434_A1_003,CT0434,Tremelimumab,0.0,0,25.0,547,Platform unclear,0,Cancer and neoplasms,Intravenous,No,2,6.043097047505207,6.209285259246826,0.4757130752109047,0.33640459179878235
molecule,CT0435_A1_001,CT0435,Ramucirumab,0.0,0,8.0,1278,Not reported,1,Cancer and neoplasms,Intravenous,No,3,16.85395565993034,10.231740951538086,0.38737465363026546,0.2736007273197174
molecule,CT0435_A2_001,CT0435,Ramucirumab,0.0,0,15.0,1278,Not reported,1,Cancer and neoplasms,Intravenous,No,3,3.9356887379159176,6.407537460327148,0.33146573109799227,0.24300706386566162
molecule,CT0435_A3_001,CT0435,Ramucirumab,0.0,0,6.0,1278,Not reported,1,Cancer and neoplasms,Intravenous,No,3,4.94406888898942,9.016196250915527,0.3399430713353632,0.2638224959373474
molecule,CT0436_A2_002,CT0436,Dupilumab,5.3,0,19.0,168,Not reported,0,Inflammation and autoimmunity,Subcutaneous,No,5,9.487337673942497,6.794055461883545,0.3208638645078193,0.1606396734714508
molecule,CT0437_A1_001,CT0437,Bezlotoxumab,0.0,0,38.0,960,Not reported,1,Musculoskeletal,Intravenous,No,3,4.574565549794862,3.0889620780944824,0.22532208300332793,0.1053251400589943
molecule,CT0437_A2_001,CT0437,Bezlotoxumab,0.4,0,40.0,960,Not reported,1,Musculoskeletal,Intravenous,No,3,8.607005988376528,3.4512197971343994,0.3300452708520948,0.1192365512251854
molecule,CT0437_A3_001,CT0437,Bezlotoxumab,0.0,0,38.0,960,Not reported,1,Musculoskeletal,Intravenous,No,3,8.734358378520245,3.542163133621216,0.344939412547194,0.1250607967376709
molecule,CT0438_A1_001,CT0438,Avelumab,18.3,1,360.0,2174,ECL/MSD,1,Cancer and neoplasms,Intravenous,No,4,4.956237167277053,5.949913024902344,0.3462254723356253,0.07783568650484085
molecule,CT0438_A2_001,CT0438,Avelumab,11.9,1,318.0,2174,ECL/MSD,1,Cancer and neoplasms,Intravenous,No,4,4.73389111701856,5.925751209259033,0.3229719876020356,0.07798942923545837
molecule,CT0439_A1_001,CT0439,Avelumab,16.6,1,169.0,2100,Not reported,0,Cancer and neoplasms,Intravenous,No,4,4.15690731970576,4.266774654388428,0.32455480974231954,0.073883555829525
molecule,CT0439_A2_001,CT0439,Avelumab,1.2,0,167.0,2100,Not reported,0,Cancer and neoplasms,Intravenous,No,4,4.01847867460422,4.071533203125,0.25883437199734216,0.06525836139917374
molecule,CT0601_A3_003,CT0601,Adalimumab,47.4,1,213.0,182,Multiple platforms,0,Inflammation and autoimmunity,Subcutaneous,Yes,3,8.707029783520976,9.214517593383789,0.48218532461595637,0.3834530711174011
molecule,CT0601_A4_005,CT0601,Adalimumab,49.1,1,214.0,182,Multiple platforms,0,Inflammation and autoimmunity,Subcutaneous,No,3,5.3120984687886015,5.9958906173706055,0.29190826077023524,0.23566697537899017
molecule,CT0306_A1_001,CT0306,Adalimumab,38.3,1,264.0,196,Multiple platforms,1,Inflammation and autoimmunity,Subcutaneous,Yes,3,13.847672159930948,15.597206115722656,0.5906973975699711,0.6795054078102112
molecule,CT0306_A2_001,CT0306,Adalimumab,38.2,1,262.0,196,Multiple platforms,1,Inflammation and autoimmunity,Subcutaneous,No,3,10.20409129799418,7.74955940246582,0.39747771439968377,0.30654218792915344
molecule,CT0441_A1_001,CT0441,Durvalumab,15.0,1,20.0,912,Platform unclear,1,Cancer and neoplasms,Intravenous,No,5,5.827676301875727,10.916193008422852,0.44347998318796167,0.3625456690788269
molecule,CT0441_A1_002,CT0441,Durvalumab,5.0,0,20.0,912,Platform unclear,1,Cancer and neoplasms,Intravenous,No,5,5.827676301875727,10.916193008422852,0.44347998318796167,0.3625456690788269
molecule,CT0442_A1_001,CT0442,Avelumab,25.0,1,12.0,1825,Not reported,1,Cancer and neoplasms,Intravenous,No,4,3.1241678345938446,3.948906898498535,0.20804519414987482,0.06416411697864532
molecule,CT0442_A2_001,CT0442,Avelumab,19.4,1,31.0,1825,Not reported,1,Cancer and neoplasms,Intravenous,No,4,3.306868925085301,3.6246018409729004,0.19931629169156115,0.059882789850234985
molecule,CT0432_A1_001,CT0432,Erenumab,0.0,0,7.0,7,Not reported,1,Neurological,Intravenous,No,5,1.4452421126764166,6.951432704925537,0.1854238568976261,0.12188565731048584
molecule,CT0432_A1_002,CT0432,Erenumab,0.0,0,7.0,8,Not reported,1,Neurological,Intravenous,No,5,1.4452421126764166,6.820646286010742,0.1854238568976261,0.12282226234674454
molecule,CT0443_A1_003,CT0443,Atezolizumab,0.0,0,17.0,120,Not reported,1,Cancer and neoplasms,Intravenous,No,3,5.565148576804324,3.2949087619781494,0.25394986381222184,0.16904208064079285
molecule,CT0443_A1_004,CT0443,Atezolizumab,0.0,0,12.0,365,Not reported,1,Cancer and neoplasms,Intravenous,No,3,5.887251550306091,4.046896457672119,0.2695556962883816,0.17427915334701538
molecule,CT0443_A1_008,CT0443,Obinutuzumab,0.0,0,37.0,30,Not reported,1,Cancer and neoplasms,Intravenous,No,2,3.8484872138900816,1.9637986421585083,0.15984920686399715,0.16149993240833282
molecule,CT0443_A1_009,CT0443,Obinutuzumab,0.0,0,14.0,1460,Not reported,1,Cancer and neoplasms,Intravenous,No,2,3.557893351330856,4.273492813110352,0.20318502623759285,0.17750141024589539
molecule,CT0443_A1_010,CT0443,Obinutuzumab,0.0,0,33.0,120,Not reported,1,Cancer and neoplasms,Intravenous,No,2,3.834016936584614,2.01181697845459,0.17319539754335075,0.17025312781333923
molecule,CT0443_A2_003,CT0443,Atezolizumab,0.0,0,2.0,120,Not reported,1,Cancer and neoplasms,Intravenous,No,3,4.751193085993473,2.2035417556762695,0.24133422524551704,0.1455000340938568
molecule,CT0443_A2_004,CT0443,Atezolizumab,0.0,0,4.0,365,Not reported,1,Cancer and neoplasms,Intravenous,No,3,6.360172271023116,4.750060558319092,0.26249398946568225,0.17634639143943787
molecule,CT0443_A3_003,CT0443,Atezolizumab,5.9,0,17.0,1460,Not reported,1,Cancer and neoplasms,Intravenous,No,3,4.802174121553038,3.737429141998291,0.27658758947108725,0.167022705078125
molecule,CT0443_A3_004,CT0443,Atezolizumab,9.1,0,11.0,120,Not reported,1,Cancer and neoplasms,Intravenous,No,3,5.460972513892377,3.593728542327881,0.2538982114391384,0.17200839519500732
molecule,CT0443_A3_005,CT0443,Atezolizumab,5.6,0,18.0,365,Not reported,1,Cancer and neoplasms,Intravenous,No,3,5.965985871799269,3.676969528198242,0.2689834734365101,0.1699400395154953
molecule,CT0443_A1_007,CT0443,Obinutuzumab,0.0,0,34.0,6,Not reported,1,Cancer and neoplasms,Intravenous,No,2,4.288692260925645,1.9093554019927979,0.15913608150699535,0.1587478667497635
molecule,CT0443_A3_010,CT0443,Rituximab,0.0,0,6.0,120,Not reported,1,Cancer and neoplasms,Intravenous,No,2,8.77659064203678,3.3883585929870605,0.28440240681882195,0.12249411642551422
molecule,CT0443_A3_011,CT0443,Rituximab,0.0,0,11.0,365,Not reported,1,Cancer and neoplasms,Intravenous,No,2,6.133202680572799,2.6465508937835693,0.26431035598864516,0.10125993192195892
molecule,CT0443_A3_012,CT0443,Rituximab,0.0,0,13.0,1460,Not reported,1,Cancer and neoplasms,Intravenous,No,2,4.71088732219379,2.100609302520752,0.253427241845378,0.09449551999568939
molecule,CT0444_A1_001,CT0444,Avelumab,0.0,0,5.0,882,Not reported,0,Cancer and neoplasms,Intravenous,No,4,3.5854300110076354,5.55562162399292,0.3279871546189081,0.09502290934324265
molecule,CT0444_A2_001,CT0444,Avelumab,16.7,1,6.0,882,Not reported,0,Cancer and neoplasms,Intravenous,No,4,3.5291659164115767,4.800383567810059,0.30850666708399643,0.09525711089372635
molecule,CT0444_A3_001,CT0444,Avelumab,50.0,1,6.0,882,Not reported,0,Cancer and neoplasms,Intravenous,No,4,3.4856323309112196,4.709856986999512,0.30768912540534765,0.097484290599823
molecule,CT0444_A4_001,CT0444,Avelumab,33.3,1,6.0,882,Not reported,0,Cancer and neoplasms,Intravenous,No,4,3.4856323309112196,4.709856986999512,0.30768912540534765,0.097484290599823
molecule,CT0444_A5_001,CT0444,Avelumab,0.0,0,6.0,882,Not reported,0,Cancer and neoplasms,Intravenous,No,4,3.5759275268897506,5.54496955871582,0.3279871546189081,0.09378255903720856
molecule,CT0444_A6_001,CT0444,Avelumab,33.3,1,3.0,882,Not reported,0,Cancer and neoplasms,Intravenous,No,4,3.2877345187216696,2.7976982593536377,0.26689759325730594,0.08861757069826126
molecule,CT0445_A1_001,CT0445,Avelumab,19.2,1,344.0,1247,Platform unclear,0,Cancer and neoplasms,Intravenous,No,4,5.388347382269599,5.326563835144043,0.37109396473210987,0.08509229123592377
molecule,CT0450_A2_001,CT0450,Galcanezumab,8.56,0,222.0,300,Platform unclear,1,Neurological,Subcutaneous,No,1,6.650402197246098,7.820279598236084,0.3442574254807556,0.3377704620361328
molecule,CT0450_A3_001,CT0450,Galcanezumab,5.14,0,214.0,300,Platform unclear,1,Neurological,Subcutaneous,No,1,6.671207367969062,7.805009365081787,0.3442574254807556,0.3394313454627991
molecule,CT0451_A2_001,CT0451,Galcanezumab,2.651515152,0,264.0,1560,Platform unclear,1,Neurological,Subcutaneous,No,1,7.088176612033251,7.903265953063965,0.35421681624269413,0.36310622096061707
molecule,CT0451_A3_001,CT0451,Galcanezumab,2.573529412,0,272.0,1560,Platform unclear,1,Neurological,Subcutaneous,No,1,7.012459460736531,7.9428229331970215,0.35421681624269413,0.36575546860694885
molecule,CT0452_A1_001,CT0452,Galcanezumab,12.4,1,129.0,421,Platform unclear,1,Neurological,Subcutaneous,No,1,6.51445329352076,7.254848480224609,0.3481860756987912,0.3299500644207001
molecule,CT0452_A2_001,CT0452,Galcanezumab,7.3,0,137.0,421,Platform unclear,1,Neurological,Subcutaneous,No,1,6.3022830563462415,7.225818634033203,0.3488649112296218,0.3310466706752777
molecule,CT0443_A3_009,CT0443,Rituximab,0.0,0,28.0,8,Not reported,1,Cancer and neoplasms,Intravenous,No,2,7.26449030888744,1.8053194284439087,0.2392095585008201,0.07245804369449615
molecule,CT0453_A5_001,CT0453,Erenumab,3.0,0,133.0,784,Not reported,1,Neurological,Subcutaneous,No,5,6.358759492702402,6.622161865234375,0.2736407758106874,0.1806909739971161
molecule,CT0453_A2_002,CT0453,Erenumab,7.6,0,66.0,784,Not reported,1,Neurological,Subcutaneous,No,5,11.558804284636075,6.145780563354492,0.2607553180926279,0.17694222927093506
molecule,CT0453_A3_002,CT0453,Erenumab,4.4,0,135.0,784,Not reported,1,Neurological,Subcutaneous,No,5,11.299218914816167,7.339535236358643,0.3073531679747066,0.18108753859996796
molecule,CT0453_A4_002,CT0453,Erenumab,0.0,0,137.0,784,Not reported,1,Neurological,Subcutaneous,No,5,11.316762188825864,7.3871870040893555,0.3073531679747066,0.18285737931728363
molecule,CT0453_A5_002,CT0453,Erenumab,1.5,0,133.0,784,Not reported,0,Neurological,Subcutaneous,No,5,6.381599253336932,6.775579929351807,0.30404841449868025,0.1943053901195526
molecule,CT0453_A2_003,CT0453,Erenumab,6.1,0,66.0,784,Not reported,0,Neurological,Subcutaneous,No,5,12.347225422766401,6.421877861022949,0.29050999488692714,0.19712035357952118
molecule,CT0453_A3_003,CT0453,Erenumab,3.7,0,135.0,784,Not reported,0,Neurological,Subcutaneous,No,5,11.722375591478857,7.176287651062012,0.34646175477020447,0.19797278940677643
molecule,CT0453_A4_003,CT0453,Erenumab,0.0,0,137.0,784,Not reported,0,Neurological,Subcutaneous,No,5,11.722375591478857,7.213496208190918,0.34646175477020447,0.19861643016338348
molecule,CT0443_A1_002,CT0443,Atezolizumab,0.0,0,41.0,2,Not reported,1,Cancer and neoplasms,Intravenous,No,3,7.7432092436355875,2.8140673637390137,0.2630873877652689,0.1604347974061966
molecule,CT0443_A1_006,CT0443,Obinutuzumab,0.0,0,31.0,5,Not reported,1,Cancer and neoplasms,Intravenous,No,2,4.287608927592311,1.9958674907684326,0.15913608150699535,0.16250717639923096
molecule,CT0443_A2_002,CT0443,Atezolizumab,0.0,0,7.0,2,Not reported,1,Cancer and neoplasms,Intravenous,No,3,6.82676123527906,4.580813407897949,0.26367289194157545,0.1684165745973587
molecule,CT0455_A1_002,CT0455,Atezolizumab,35.4,1,271.0,750,Not reported,1,Cancer and neoplasms,Intravenous,No,3,7.248631025992188,4.9718475341796875,0.33909306113842314,0.20794129371643066
molecule,CT0456_A1_001,CT0456,Olaratumab,0.0,0,77.0,1140,Not reported,1,Cancer and neoplasms,Intravenous,No,5,2.397511102233519,7.770044803619385,0.15963728920081824,0.06383005529642105
molecule,CT0456_A2_001,CT0456,Olaratumab,0.0,0,43.0,1140,Not reported,1,Cancer and neoplasms,Intravenous,No,5,2.2844790731556133,8.616045951843262,0.15842066731521046,0.06746314465999603
molecule,CT0601_A3_004,CT0601,Adalimumab,47.9,1,213.0,196,Multiple platforms,0,Inflammation and autoimmunity,Subcutaneous,Yes,3,8.850985105137347,9.337799072265625,0.48445655913852564,0.3874054551124573
molecule,CT0601_A4_006,CT0601,Adalimumab,49.1,1,214.0,196,Multiple platforms,0,Inflammation and autoimmunity,Subcutaneous,No,3,5.375250745394151,5.946648597717285,0.2953993437832272,0.23569566011428833
molecule,CT0745_A1_001,CT0745,Adalimumab,12.0,1,97.0,196,Radioimmunoassay,0,Inflammation and autoimmunity,Subcutaneous,No,3,8.879240054998393,12.993208885192871,0.43713460036105983,0.1849609911441803
molecule,CT0745_A1_002,CT0745,Adalimumab,38.0,1,24.0,196,Radioimmunoassay,0,Inflammation and autoimmunity,Subcutaneous,No,3,8.668768244716619,10.035760879516602,0.4426280872058055,0.20379012823104858
molecule,CT0601_A3_005,CT0601,Adalimumab,48.4,1,213.0,210,Multiple platforms,0,Inflammation and autoimmunity,Subcutaneous,Yes,3,9.724775414957445,9.583038330078125,0.49742200901464373,0.3948332965373993
molecule,CT0458_A1_001,CT0458,Durvalumab,0.0,0,3.0,1728,Not reported,0,Cancer and neoplasms,Intravenous,No,5,11.39490300607337,8.952662467956543,0.553297109120244,0.3067459166049957
molecule,CT0458_A2_001,CT0458,Durvalumab,0.0,0,3.0,1728,Not reported,0,Cancer and neoplasms,Intravenous,No,5,11.39490300607337,8.952662467956543,0.553297109120244,0.3067459166049957
molecule,CT0458_A3_001,CT0458,Durvalumab,0.0,0,3.0,1728,Not reported,0,Cancer and neoplasms,Intravenous,No,5,11.39490300607337,8.952662467956543,0.553297109120244,0.3067459166049957
molecule,CT0458_A4_001,CT0458,Durvalumab,0.0,0,15.0,1728,Not reported,0,Cancer and neoplasms,Intravenous,No,5,13.18800810817151,15.128787994384766,0.6036782444380335,0.37447816133499146
molecule,CT0458_A5_001,CT0458,Durvalumab,11.1,1,9.0,1728,Not reported,0,Cancer and neoplasms,Intravenous,No,5,12.280291545875258,14.269458770751953,0.5977282710499526,0.373018741607666
molecule,CT0458_A6_001,CT0458,Durvalumab,2.8,0,36.0,1728,Not reported,0,Cancer and neoplasms,Intravenous,No,5,15.858930706941592,14.337640762329102,0.6514710225804522,0.3963984549045563
molecule,CT0458_A7_001,CT0458,Durvalumab,0.0,0,33.0,1728,Not reported,0,Cancer and neoplasms,Intravenous,No,5,15.694036431722637,14.098623275756836,0.6504717806384888,0.3910948932170868
molecule,CT0458_A8_001,CT0458,Durvalumab,0.0,0,31.0,1728,Not reported,0,Cancer and neoplasms,Intravenous,No,5,15.554373606270273,14.043156623840332,0.6475209268766428,0.39295825362205505
molecule,CT0458_A9_001,CT0458,Durvalumab,0.0,0,18.0,1728,Not reported,0,Cancer and neoplasms,Intravenous,No,5,13.752315387085533,14.426412582397461,0.6080526609589896,0.37417131662368774
molecule,CT0458_A10_001,CT0458,Durvalumab,0.0,0,17.0,1728,Not reported,0,Cancer and neoplasms,Intravenous,No,5,13.67047073913753,14.476627349853516,0.6072587637209517,0.3782352805137634
molecule,CT0458_A11_001,CT0458,Durvalumab,0.0,0,18.0,1728,Not reported,0,Cancer and neoplasms,Intravenous,No,5,13.752315387085533,14.426412582397461,0.6080526609589896,0.37417131662368774
molecule,CT0458_A12_001,CT0458,Durvalumab,0.0,0,30.0,1728,Not reported,0,Cancer and neoplasms,Intravenous,No,5,15.437017457767851,13.567395210266113,0.6459284923368399,0.38464194536209106
molecule,CT0458_A14_001,CT0458,Durvalumab,0.0,0,39.0,1728,Not reported,0,Cancer and neoplasms,Intravenous,No,5,15.674157743378409,13.937908172607422,0.650529603011709,0.3955285847187042
molecule,CT0458_A1_002,CT0458,Monalizumab,0.0,0,3.0,1728,Not reported,0,Cancer and neoplasms,Intravenous,No,4,5.876302400340562,3.343618869781494,0.2711202622810697,0.10407771915197372
molecule,CT0458_A2_002,CT0458,Monalizumab,0.0,0,3.0,1728,Not reported,0,Cancer and neoplasms,Intravenous,No,4,5.876302400340562,3.343618869781494,0.2711202622810697,0.10407771915197372
molecule,CT0458_A3_002,CT0458,Monalizumab,0.0,0,3.0,1728,Not reported,0,Cancer and neoplasms,Intravenous,No,4,5.876302400340562,3.343618869781494,0.2711202622810697,0.10407771915197372
molecule,CT0458_A4_002,CT0458,Monalizumab,20.0,1,15.0,1728,Not reported,0,Cancer and neoplasms,Intravenous,No,4,6.233724094212271,6.234768390655518,0.2729033800980057,0.1187823936343193
molecule,CT0458_A5_002,CT0458,Monalizumab,0.0,0,16.0,1728,Not reported,0,Cancer and neoplasms,Intravenous,No,4,6.239562712980405,6.368523120880127,0.2722950140007328,0.11899541318416595
molecule,CT0458_A6_002,CT0458,Monalizumab,30.6,1,36.0,1728,Not reported,0,Cancer and neoplasms,Intravenous,No,4,5.751517562338147,4.615506649017334,0.2660894347420828,0.11977151781320572
molecule,CT0458_A7_002,CT0458,Monalizumab,20.0,1,35.0,1728,Not reported,0,Cancer and neoplasms,Intravenous,No,4,5.816952411238993,4.919888019561768,0.2666641243302371,0.11989443749189377
molecule,CT0458_A8_002,CT0458,Monalizumab,15.6,1,32.0,1728,Not reported,0,Cancer and neoplasms,Intravenous,No,4,5.939791836743343,4.748796463012695,0.2666641243302371,0.11996099352836609
molecule,CT0458_A9_002,CT0458,Monalizumab,22.2,1,18.0,1728,Not reported,0,Cancer and neoplasms,Intravenous,No,4,5.867927521320498,5.996647834777832,0.2697950978641421,0.11881305277347565
molecule,CT0458_A10_002,CT0458,Monalizumab,0.0,0,16.0,1728,Not reported,0,Cancer and neoplasms,Intravenous,No,4,6.239562712980405,6.368523120880127,0.2722950140007328,0.11899541318416595
molecule,CT0458_A11_002,CT0458,Monalizumab,5.6,0,18.0,1728,Not reported,0,Cancer and neoplasms,Intravenous,No,4,5.867927521320498,5.996647834777832,0.2697950978641421,0.11881305277347565
molecule,CT0458_A12_002,CT0458,Monalizumab,20.0,1,30.0,1728,Not reported,0,Cancer and neoplasms,Intravenous,No,4,5.939791836743343,4.994933605194092,0.2640024764193109,0.11984284222126007
molecule,CT0458_A13_002,CT0458,Monalizumab,15.8,1,38.0,1728,Not reported,0,Cancer and neoplasms,Intravenous,No,4,5.758377925658684,5.011350631713867,0.27128031213798054,0.11715351045131683
molecule,CT0458_A14_002,CT0458,Monalizumab,13.5,1,37.0,1728,Not reported,0,Cancer and neoplasms,Intravenous,No,4,5.717056505990412,4.665831089019775,0.26424325810715926,0.12063470482826233
molecule,CT0458_A15_002,CT0458,Monalizumab,14.7,1,34.0,1728,Not reported,0,Cancer and neoplasms,Intravenous,No,4,5.178227706430616,3.2932305335998535,0.3077265101836682,0.12748709321022034
molecule,CT0458_A11_003,CT0458,Cetuximab,0.0,0,18.0,1728,Not reported,0,Cancer and neoplasms,Intravenous,No,3,11.076450657072733,10.44398307800293,0.3314444169888604,0.24336402118206024
molecule,CT0458_A12_003,CT0458,Cetuximab,3.6,0,28.0,1728,Not reported,0,Cancer and neoplasms,Intravenous,No,3,10.121617427819187,9.12237548828125,0.33055923445115115,0.24048621952533722
molecule,CT0458_A13_003,CT0458,Cetuximab,0.0,0,35.0,1728,Not reported,0,Cancer and neoplasms,Intravenous,No,3,10.061824996784347,8.242972373962402,0.338092999503652,0.23446398973464966
molecule,CT0458_A14_003,CT0458,Cetuximab,0.0,0,1.0,1728,Not reported,0,Cancer and neoplasms,Intravenous,No,3,11.77777272585095,5.620546340942383,0.311667763040162,0.2272070348262787
molecule,CT0459_A1_001,CT0459,Olaratumab,0.0,0,10.0,990,Platform unclear,1,Cancer and neoplasms,Intravenous,No,5,2.520799334248552,2.670227289199829,0.165461378804329,0.05774760618805885
molecule,CT0459_A2_001,CT0459,Olaratumab,0.0,0,11.0,990,Platform unclear,1,Cancer and neoplasms,Intravenous,No,5,2.5520893614708986,2.607858419418335,0.165461378804329,0.05594635009765625
molecule,CT0459_A3_001,CT0459,Olaratumab,0.0,0,9.0,990,Platform unclear,1,Cancer and neoplasms,Intravenous,No,5,2.5328217271330824,2.615757942199707,0.17175689527221785,0.062352247536182404
molecule,CT0459_A4_001,CT0459,Olaratumab,0.0,0,10.0,990,Platform unclear,1,Cancer and neoplasms,Intravenous,No,5,2.5547064250702727,3.363440990447998,0.16626390120258455,0.05981218442320824
molecule,CT0459_A5_001,CT0459,Olaratumab,0.0,0,1.0,990,Platform unclear,1,Cancer and neoplasms,Intravenous,No,5,2.690556016785591,0.8655189275741577,0.1743376093771904,0.051626056432724
molecule,CT0459_A6_001,CT0459,Olaratumab,0.0,0,13.0,990,Platform unclear,1,Cancer and neoplasms,Intravenous,No,5,2.6022510323827674,3.339968204498291,0.1662148889718786,0.05770020931959152
molecule,CT0459_A7_001,CT0459,Olaratumab,0.0,0,6.0,990,Platform unclear,1,Cancer and neoplasms,Intravenous,No,5,2.6307485415054535,4.602583885192871,0.17916495189247195,0.08017705380916595
molecule,CT0459_A8_001,CT0459,Olaratumab,0.0,0,4.0,990,Platform unclear,1,Cancer and neoplasms,Intravenous,No,5,2.6269812748644816,6.405210018157959,0.17802747743548047,0.0983118787407875
molecule,CT0459_A9_001,CT0459,Olaratumab,0.0,0,4.0,990,Platform unclear,1,Cancer and neoplasms,Intravenous,No,5,2.6269812748644816,6.405210018157959,0.17802747743548047,0.0983118787407875
molecule,CT0460_A1_001,CT0460,Durvalumab,0.0,0,25.0,609,Not reported,1,Cancer and neoplasms,Intravenous,No,5,18.554025328862235,15.053146362304688,0.5850600000591784,0.38354799151420593
molecule,CT0460_A2_001,CT0460,Durvalumab,10.0,1,10.0,609,Not reported,1,Cancer and neoplasms,Intravenous,No,5,17.19651773143349,17.957550048828125,0.5660775736392004,0.41020023822784424
molecule,CT0460_A3_001,CT0460,Durvalumab,0.0,0,21.0,609,Not reported,1,Cancer and neoplasms,Intravenous,No,5,17.956617813737726,15.803394317626953,0.5765110435925275,0.38710159063339233
molecule,CT0461_A1_001,CT0461,Margetuximab,33.3,1,3.0,720,ELISA,1,Cancer and neoplasms,Intravenous,No,1,5.731135055795914,2.2818655967712402,0.14798822605499357,0.07172349840402603
molecule,CT0461_A2_001,CT0461,Margetuximab,4.3,0,92.0,720,ELISA,1,Cancer and neoplasms,Intravenous,No,1,6.075231281772717,3.424769163131714,0.12888887277327726,0.05749686434864998
molecule,CT0463_A1_001,CT0463,Ixekizumab,7.1,0,113.0,112,Platform unclear,1,Inflammation and autoimmunity,Subcutaneous,No,4,6.424195083777405,12.843915939331055,0.5454159075668852,0.5325679779052734
molecule,CT0463_A2_001,CT0463,Ixekizumab,4.1,0,98.0,112,Platform unclear,1,Inflammation and autoimmunity,Subcutaneous,No,4,8.597368185807417,13.129150390625,0.6024088950445526,0.5354023575782776
molecule,CT0443_A3_008,CT0443,Rituximab,0.0,0,36.0,5,Not reported,1,Cancer and neoplasms,Intravenous,No,2,7.412068630693554,1.6603626012802124,0.23701892958874463,0.06581391394138336
molecule,CT0464_A2_002,CT0464,Tanezumab,13.4,1,217.0,56,ELISA,1,Inflammation and autoimmunity,Subcutaneous,No,1,5.352692451520891,3.718909978866577,0.42495854477176753,0.17679715156555176
molecule,CT0464_A3_002,CT0464,Tanezumab,16.6,1,217.0,56,ELISA,1,Inflammation and autoimmunity,Subcutaneous,No,1,5.352692451520891,3.718909978866577,0.42495854477176753,0.17679715156555176
molecule,CT0464_A2_003,CT0464,Tanezumab,17.0,1,206.0,112,ELISA,1,Inflammation and autoimmunity,Subcutaneous,No,1,5.716149416120551,4.232193946838379,0.45983845426375847,0.18242035806179047
molecule,CT0464_A3_003,CT0464,Tanezumab,21.1,1,204.0,112,ELISA,1,Inflammation and autoimmunity,Subcutaneous,No,1,5.716149416120551,4.228817939758301,0.45983845426375847,0.18273063004016876
molecule,CT0464_A2_004,CT0464,Tanezumab,15.5,1,193.0,168,ELISA,1,Inflammation and autoimmunity,Subcutaneous,No,1,5.945676287479903,4.601432800292969,0.49117011590035714,0.18827442824840546
molecule,CT0464_A3_004,CT0464,Tanezumab,20.1,1,199.0,168,ELISA,1,Inflammation and autoimmunity,Subcutaneous,No,1,5.961271747977819,4.503787040710449,0.4884526766067589,0.1884773075580597
molecule,CT0464_A2_005,CT0464,Tanezumab,15.3,1,189.0,280,ELISA,1,Inflammation and autoimmunity,Subcutaneous,No,1,6.494341213262498,4.987968444824219,0.5125837140543091,0.19956627488136292
molecule,CT0464_A3_005,CT0464,Tanezumab,17.6,1,187.0,280,ELISA,1,Inflammation and autoimmunity,Subcutaneous,No,1,6.494341213262498,4.74397087097168,0.5125837140543091,0.19749747216701508
molecule,CT0465_A2_002,CT0465,Tanezumab,9.8,0,275.0,56,ELISA,0,Inflammation and autoimmunity,Subcutaneous,No,1,6.841874120909545,4.080669403076172,0.4603696474849636,0.19497384130954742
molecule,CT0465_A3_002,CT0465,Tanezumab,14.9,1,275.0,56,ELISA,0,Inflammation and autoimmunity,Subcutaneous,No,1,6.460213310388807,3.611107349395752,0.4605152668347652,0.18181103467941284
molecule,CT0465_A2_003,CT0465,Tanezumab,12.9,1,263.0,112,ELISA,0,Inflammation and autoimmunity,Subcutaneous,No,1,7.1222967491695215,4.825284957885742,0.48832803804927827,0.20696228742599487
molecule,CT0465_A3_003,CT0465,Tanezumab,18.1,1,265.0,112,ELISA,0,Inflammation and autoimmunity,Subcutaneous,No,1,6.684584314084632,4.231807708740234,0.48778267007798176,0.19342079758644104
molecule,CT0465_A2_004,CT0465,Tanezumab,15.4,1,253.0,168,ELISA,0,Inflammation and autoimmunity,Subcutaneous,No,1,7.095629090516708,5.266275882720947,0.5113544081098322,0.2159581035375595
molecule,CT0465_A3_004,CT0465,Tanezumab,19.5,1,251.0,168,ELISA,0,Inflammation and autoimmunity,Subcutaneous,No,1,6.689996536012844,4.732023239135742,0.5090833612203292,0.2083473950624466
molecule,CT0465_A2_005,CT0465,Tanezumab,15.4,1,247.0,224,ELISA,0,Inflammation and autoimmunity,Subcutaneous,No,1,7.7670183011747165,5.663193702697754,0.5298392090072731,0.22493132948875427
molecule,CT0465_A3_005,CT0465,Tanezumab,17.8,1,236.0,224,ELISA,0,Inflammation and autoimmunity,Subcutaneous,No,1,7.2734857414327685,5.180158615112305,0.5278490771448873,0.2132578194141388
molecule,CT0465_A2_006,CT0465,Tanezumab,13.2,1,242.0,336,ELISA,0,Inflammation and autoimmunity,Subcutaneous,No,1,8.0365163693374,6.12360143661499,0.536981434799397,0.2392810434103012
molecule,CT0465_A3_006,CT0465,Tanezumab,13.7,1,227.0,336,ELISA,0,Inflammation and autoimmunity,Subcutaneous,No,1,7.5538313073206185,5.319522857666016,0.5354886836410009,0.22391277551651
molecule,CT0467_A1_001,CT0467,Avelumab,15.1,1,272.0,1095,Platform unclear,0,Cancer and neoplasms,Intravenous,No,4,5.147620495583606,6.100257873535156,0.3779973809676606,0.09245534986257553
molecule,CT0467_A2_001,CT0467,Avelumab,39.9,1,328.0,1095,Platform unclear,0,Cancer and neoplasms,Intravenous,No,4,5.178622385476468,5.901089668273926,0.36937897240160256,0.09117205440998077
molecule,CT0468_A2_001,CT0468,Ixekizumab,6.7,0,75.0,84,Platform unclear,1,Inflammation and autoimmunity,Subcutaneous,No,4,9.07641871999883,13.480369567871094,0.5244517945538408,0.5057744979858398
molecule,CT0601_A4_007,CT0601,Adalimumab,50.9,1,214.0,210,Multiple platforms,0,Inflammation and autoimmunity,Subcutaneous,No,3,5.885928446889575,6.098868370056152,0.3030669959618627,0.23892194032669067
molecule,CT0457_A1_003,CT0457,Adalimumab,85.0,1,200.0,224,Platform unclear,1,Inflammation and autoimmunity,Subcutaneous,Yes,3,14.682717507443725,14.452526092529297,0.5922667434376973,0.6594359278678894
molecule,CT0457_A3_002,CT0457,Adalimumab,86.66666667,1,90.0,224,Platform unclear,1,Inflammation and autoimmunity,Subcutaneous,No,3,10.732048196762488,9.424566268920898,0.39642137371291125,0.32206225395202637
molecule,CT0457_A4_002,CT0457,Adalimumab,88.54166667,1,96.0,224,Platform unclear,1,Inflammation and autoimmunity,Subcutaneous,Yes,3,14.044862638573896,14.439468383789062,0.5590168042078836,0.6750885248184204
molecule,CT0471_A1_001,CT0471,Tanezumab,22.8,1,92.0,392,Platform unclear,1,Neurological,Subcutaneous,No,1,14.261243430432293,11.500517845153809,0.48404043549526876,0.33823496103286743
molecule,CT0471_A2_001,CT0471,Tanezumab,44.1,1,93.0,392,Platform unclear,1,Neurological,Subcutaneous,No,1,9.958614450426966,5.754631042480469,0.46063444901335665,0.2502402365207672
molecule,CT0472_A1_001,CT0472,Obinutuzumab,0.0,0,3.0,1050,Not reported,0,Cancer and neoplasms,Intravenous,No,2,2.76289182457004,1.27907395362854,0.1654023394100752,0.12000376731157303
molecule,CT0472_A3_001,CT0472,Obinutuzumab,0.0,0,10.0,1050,Not reported,0,Cancer and neoplasms,Intravenous,No,2,2.966408416687083,1.8823487758636475,0.1578102789423882,0.13835355639457703
molecule,CT0472_A6_004,CT0472,Rituximab,0.0,0,1.0,1064,Not reported,0,Cancer and neoplasms,Intravenous,No,2,6.965404781094613,0.8586475849151611,0.2619423846587713,0.06444431841373444
molecule,CT0472_A8_001,CT0472,Polatuzumab vedotin,0.0,0,3.0,1050,Not reported,0,Cancer and neoplasms,Intravenous,No,4,2.5583858231720304,3.098982095718384,0.19792554698527345,0.19164440035820007
molecule,CT0472_A9_001,CT0472,Polatuzumab vedotin,0.0,0,10.0,1050,Not reported,0,Cancer and neoplasms,Intravenous,No,4,2.400491980063235,4.007017135620117,0.20612474251352028,0.20831695199012756
molecule,CT0472_A10_001,CT0472,Polatuzumab vedotin,0.0,0,21.0,1050,Not reported,0,Cancer and neoplasms,Intravenous,No,4,2.8099402369618374,3.393428087234497,0.2017077906382311,0.1910865157842636
molecule,CT0473_A1_001,CT0473,Durvalumab,0.0,0,3.0,420,Not reported,1,Cancer and neoplasms,Intravenous,No,5,6.659306318188107,6.374062538146973,0.3719253115617341,0.21101318299770355
molecule,CT0473_A2_001,CT0473,Durvalumab,0.0,0,3.0,420,Not reported,1,Cancer and neoplasms,Intravenous,No,5,3.319379400614309,17.66254997253418,0.3910933491613115,0.27574941515922546
molecule,CT0473_A3_001,CT0473,Durvalumab,0.0,0,3.0,420,Not reported,1,Cancer and neoplasms,Intravenous,No,5,3.5603485830656108,21.071392059326172,0.39620005683138954,0.2893966734409332
molecule,CT0472_A6_003,CT0472,Rituximab,0.0,0,13.0,6,Not reported,0,Cancer and neoplasms,Intravenous,No,2,9.069511015913877,2.5829968452453613,0.24943922551629857,0.06966661661863327
molecule,CT0469_A1_005,CT0469,Adalimumab,80.6,1,31.0,224,Platform unclear,1,Inflammation and autoimmunity,Subcutaneous,Yes,3,9.017103041594257,7.3818864822387695,0.41490863321731175,0.2780561149120331
molecule,CT0537_A1_001,CT0537,Adalimumab,90.2,1,112.0,224,Platform unclear,1,Inflammation and autoimmunity,Subcutaneous,No,3,10.99415668119088,9.738914489746094,0.4156504106071814,0.3290838599205017
molecule,CT0537_A2_001,CT0537,Adalimumab,92.9,1,112.0,224,Platform unclear,1,Inflammation and autoimmunity,Subcutaneous,No,3,10.99415668119088,9.738914489746094,0.4156504106071814,0.3290838599205017
molecule,CT0601_A3_006,CT0601,Adalimumab,46.9,1,213.0,224,Multiple platforms,0,Inflammation and autoimmunity,Subcutaneous,Yes,3,9.803816655748046,9.502318382263184,0.49784353646836915,0.394686222076416
molecule,CT0601_A4_008,CT0601,Adalimumab,48.6,1,214.0,224,Multiple platforms,0,Inflammation and autoimmunity,Subcutaneous,No,3,5.958125419684627,6.005217552185059,0.30348852341558796,0.23701351881027222
molecule,CT0323_A2_001,CT0323,Adalimumab,35.8,1,126.0,245,Not reported,1,Inflammation and autoimmunity,Subcutaneous,No,3,10.126675304311876,14.344488143920898,0.4155384655040573,0.34582972526550293
molecule,CT0323_A3_001,CT0323,Adalimumab,46.7,1,63.0,245,Not reported,1,Inflammation and autoimmunity,Subcutaneous,No,3,9.895678718895228,12.95944595336914,0.37206426510728585,0.31080514192581177
molecule,CT0323_A5_001,CT0323,Adalimumab,45.1,1,127.0,245,Not reported,1,Inflammation and autoimmunity,Subcutaneous,No,3,10.09069814960806,15.497674942016602,0.4137822354492356,0.3425905108451843
molecule,CT0323_A6_001,CT0323,Adalimumab,39.3,1,63.0,245,Not reported,1,Inflammation and autoimmunity,Subcutaneous,No,3,9.895678718895228,12.95944595336914,0.37206426510728585,0.31080514192581177
molecule,CT0475_A1_007,CT0475,Adalimumab,15.0,1,140.0,252,Platform unclear,0,Inflammation and autoimmunity,Subcutaneous,Yes,3,14.45491584905169,18.4921817779541,0.60103574787148,0.6316207051277161
molecule,CT0475_A3_002,CT0475,Adalimumab,14.4,1,153.0,252,Platform unclear,0,Inflammation and autoimmunity,Subcutaneous,Yes,3,14.316565344001184,17.079355239868164,0.598311744127822,0.6314874887466431
molecule,CT0518_A1_006,CT0518,Adalimumab,66.9,1,124.0,252,Platform unclear,0,Inflammation and autoimmunity,Subcutaneous,Yes,3,36.57079432135554,25.711261749267578,0.6659085295000691,0.6963770389556885
molecule,CT0476_A1_001,CT0476,Rituximab,2.4,0,126.0,196,Not reported,1,Cancer and neoplasms,Intravenous,Yes,2,31.503861816741193,4.87099552154541,0.48010930630145726,0.22245368361473083
molecule,CT0476_A2_001,CT0476,Rituximab,0.8,0,123.0,196,Not reported,1,Cancer and neoplasms,Intravenous,No,2,12.401901262963973,2.746015787124634,0.3613208002646393,0.10719842463731766
molecule,CT0477_A1_001,CT0477,Secukinumab,0.0,0,30.0,420,ECL/MSD,1,Inflammation and autoimmunity,Subcutaneous,No,2,14.989868331792945,8.795437812805176,0.5929496942698785,0.397266149520874
molecule,CT0479_A1_001,CT0479,Ixekizumab,13.7254902,1,102.0,364,Platform unclear,1,Inflammation and autoimmunity,Subcutaneous,No,4,9.830129112517549,16.02547264099121,0.6535165146576954,0.5706148147583008
molecule,CT0479_A3_001,CT0479,Ixekizumab,8.928571429,0,56.0,364,Platform unclear,1,Inflammation and autoimmunity,Subcutaneous,No,4,9.191241486242172,17.49172019958496,0.5462184832396286,0.5463952422142029
molecule,CT0480_A1_001,CT0480,Olaratumab,1.960784314,0,51.0,1380,Platform unclear,1,Cancer and neoplasms,Intravenous,No,5,3.097732205196204,3.488741874694824,0.18038058911634985,0.05161043256521225
molecule,CT0481_A1_001,CT0481,Atezolizumab,43.8,1,160.0,912,Not reported,1,Cancer and neoplasms,Intravenous,No,3,6.627614761218408,3.494378089904785,0.282126635555968,0.1729280799627304
molecule,CT0481_A2_001,CT0481,Atezolizumab,41.3,1,80.0,912,Not reported,1,Cancer and neoplasms,Intravenous,No,3,7.201022006890039,3.3328371047973633,0.3039705036292265,0.18786148726940155
molecule,CT0482_A1_002,CT0482,Atezolizumab,8.3,0,12.0,791,Not reported,1,Cancer and neoplasms,Intravenous,No,3,6.71137561887253,3.847001552581787,0.2690597283098069,0.1859264373779297
molecule,CT0482_A2_002,CT0482,Atezolizumab,41.7,1,12.0,791,Not reported,1,Cancer and neoplasms,Intravenous,No,3,6.497688366993178,4.319795608520508,0.28294162093799363,0.17394916713237762
molecule,CT0483_A1_001,CT0483,Rituximab,14.4,1,97.0,336,Not reported,1,Inflammation and autoimmunity,Intravenous,Yes,2,30.756079833635376,8.252490997314453,0.4946685331888194,0.34463778138160706
molecule,CT0483_A2_001,CT0483,Rituximab,13.8,1,94.0,336,Not reported,1,Inflammation and autoimmunity,Intravenous,Yes,2,30.790232146089735,8.143998146057129,0.48287611191229746,0.3324691951274872
molecule,CT0483_A3_001,CT0483,Rituximab,20.6,1,97.0,336,Not reported,1,Inflammation and autoimmunity,Intravenous,No,2,10.90252603301659,3.097766876220703,0.36137563910720066,0.12069165706634521
molecule,CT0484_A1_001,CT0484,Galcanezumab,5.031446541,0,159.0,1460,Platform unclear,1,Neurological,Subcutaneous,No,1,6.057323438549556,8.658876419067383,0.3468917972831279,0.32787737250328064
molecule,CT0485_A1_001,CT0485,Durvalumab,0.0,0,1.0,931,Not reported,1,Cancer and neoplasms,Intravenous,No,5,4.421084866967276,4.763668537139893,0.42679220091441444,0.14106592535972595
molecule,CT0485_A2_001,CT0485,Durvalumab,0.0,0,4.0,931,Not reported,1,Cancer and neoplasms,Intravenous,No,5,5.5784440179310115,22.756763458251953,0.4567690877795075,0.3427254855632782
molecule,CT0485_A3_001,CT0485,Durvalumab,11.1,1,9.0,931,Not reported,1,Cancer and neoplasms,Intravenous,No,5,5.725007576924355,19.375009536743164,0.46355654600127544,0.3409193158149719
molecule,CT0485_A4_001,CT0485,Durvalumab,5.9,0,17.0,707,Not reported,1,Cancer and neoplasms,Intravenous,No,5,10.219511216906097,14.190372467041016,0.4753832917659317,0.3101937174797058
molecule,CT0485_A5_001,CT0485,Durvalumab,33.3,1,3.0,707,Not reported,1,Cancer and neoplasms,Intravenous,No,5,7.79073117801411,11.713086128234863,0.437299508225535,0.23648396134376526
molecule,CT0485_A6_001,CT0485,Durvalumab,4.5,0,22.0,707,Not reported,1,Cancer and neoplasms,Intravenous,No,5,10.788508215901265,13.969768524169922,0.48842639845720537,0.3195974826812744
molecule,CT0485_A7_001,CT0485,Durvalumab,0.0,0,15.0,707,Not reported,1,Cancer and neoplasms,Intravenous,No,5,10.350290493493226,14.321165084838867,0.47339484512980134,0.30486854910850525
molecule,CT0472_A2_001,CT0472,Atezolizumab,0.0,0,3.0,2,Not reported,0,Cancer and neoplasms,Intravenous,No,3,6.396478211660418,2.9006006717681885,0.23097060850938486,0.12355905026197433
molecule,CT0486_A1_002,CT0486,Benralizumab,8.3,0,218.0,1372,Other ligand-binding assay,1,Inflammation and autoimmunity,Subcutaneous,No,3,6.5531142270369,3.8614425659179688,0.31210836798199293,0.11274059861898422
molecule,CT0472_A2_002,CT0472,Atezolizumab,0.0,0,3.0,3,Not reported,0,Cancer and neoplasms,Intravenous,No,3,6.033103249177675,2.817814588546753,0.23097060850938486,0.12381953001022339
molecule,CT0486_A2_002,CT0486,Benralizumab,12.44444444,1,225.0,1372,Other ligand-binding assay,1,Inflammation and autoimmunity,Subcutaneous,No,3,6.5531142270369,3.828695058822632,0.3090186252862256,0.11441519856452942
molecule,CT0488_A1_002,CT0488,Bevacizumab,2.3,0,305.0,126,Not reported,0,Cancer and neoplasms,Intravenous,Yes,5,5.384621029194826,4.463006973266602,0.3066428080761504,0.1162450909614563
molecule,CT0488_A2_002,CT0488,Bevacizumab,2.3,0,305.0,126,Not reported,0,Cancer and neoplasms,Intravenous,No,5,4.17820188407619,2.848508596420288,0.23825559661830126,0.09025606513023376
molecule,CT0489_A1_001,CT0489,Idarucizumab,0.0,0,1.0,25,Not reported,1,Blood disorders,Intravenous,No,3,19.696636504474878,2.553804397583008,0.32530912843470444,0.21644309163093567
molecule,CT0490_A1_001,CT0490,Golimumab,53.6,1,56.0,364,Not reported,1,Inflammation and autoimmunity,Subcutaneous,No,2,10.416638879363344,5.718736171722412,0.4852541723452728,0.22328554093837738
molecule,CT0490_A1_002,CT0490,Golimumab,66.1,1,56.0,728,Not reported,1,Inflammation and autoimmunity,Subcutaneous,No,2,10.275738110835498,6.225822448730469,0.4651223378046196,0.2213069051504135
molecule,CT0472_A4_001,CT0472,Atezolizumab,0.0,0,10.0,2,Not reported,0,Cancer and neoplasms,Intravenous,No,3,6.853510685030531,3.064499855041504,0.24250887524209047,0.12979409098625183
molecule,CT0491_A1_002,CT0491,Benralizumab,5.2,0,117.0,84,Other ligand-binding assay,1,Inflammation and autoimmunity,Subcutaneous,No,3,10.186613746931418,4.550021171569824,0.43105154512641114,0.12425075471401215
molecule,CT0472_A4_002,CT0472,Atezolizumab,0.0,0,10.0,3,Not reported,0,Cancer and neoplasms,Intravenous,No,3,6.527374427467912,2.9762473106384277,0.24250887524209047,0.1291758120059967
molecule,CT0472_A6_002,CT0472,Rituximab,0.0,0,12.0,4,Not reported,0,Cancer and neoplasms,Intravenous,No,2,9.341024204011683,2.8320631980895996,0.2526464843473777,0.07478964328765869
molecule,CT0495_A1_002,CT0495,Benralizumab,7.5,0,120.0,196,Platform unclear,1,Inflammation and autoimmunity,Subcutaneous,No,3,5.275806943006785,2.712568759918213,0.2585154986679758,0.10801737010478973
molecule,CT0472_A7_001,CT0472,Atezolizumab,0.0,0,21.0,2,Not reported,0,Cancer and neoplasms,Intravenous,No,3,8.099696691367049,2.5508689880371094,0.23533010185115974,0.12106654047966003
molecule,CT0472_A7_002,CT0472,Atezolizumab,0.0,0,21.0,3,Not reported,0,Cancer and neoplasms,Intravenous,No,3,7.773560433804423,2.5194787979125977,0.23533010185115974,0.12176772952079773
molecule,CT0496_A1_002,CT0496,Infliximab,6.9,0,101.0,180,Platform unclear,1,Inflammation and autoimmunity,Intravenous,Yes,5,10.52808971884888,15.45452880859375,0.4877782727391228,0.5206431150436401
molecule,CT0496_A2_002,CT0496,Infliximab,6.3,0,48.0,180,Platform unclear,1,Inflammation and autoimmunity,Intravenous,Yes,5,10.071864512035706,17.066225051879883,0.48846071654711676,0.5071407556533813
molecule,CT0496_A3_002,CT0496,Infliximab,36.4,1,11.0,180,Platform unclear,1,Inflammation and autoimmunity,Intravenous,Yes,5,10.420349543030989,25.954425811767578,0.4698733229102464,0.5572897791862488
molecule,CT0496_A4_002,CT0496,Infliximab,18.4,1,38.0,180,Platform unclear,1,Inflammation and autoimmunity,Intravenous,Yes,5,10.199995495741996,18.766250610351562,0.48841669261477716,0.5254226922988892
molecule,CT0496_A5_002,CT0496,Infliximab,22.2,1,9.0,180,Platform unclear,1,Inflammation and autoimmunity,Intravenous,Yes,5,10.029421010035353,23.674591064453125,0.4656968102951987,0.5425363779067993
molecule,CT0496_A1_003,CT0496,Infliximab,4.3,0,115.0,360,Platform unclear,1,Inflammation and autoimmunity,Intravenous,Yes,5,11.133418044966131,15.69102668762207,0.5113819429681601,0.5287230014801025
molecule,CT0496_A2_003,CT0496,Infliximab,5.9,0,34.0,360,Platform unclear,1,Inflammation and autoimmunity,Intravenous,Yes,5,10.796565381004218,19.328903198242188,0.49650738562987823,0.5467767715454102
molecule,CT0496_A3_003,CT0496,Infliximab,58.3,1,12.0,360,Platform unclear,1,Inflammation and autoimmunity,Intravenous,Yes,5,10.804005157232272,24.845264434814453,0.473660837036165,0.5580455660820007
molecule,CT0496_A4_003,CT0496,Infliximab,22.5,1,40.0,360,Platform unclear,1,Inflammation and autoimmunity,Intravenous,Yes,5,10.795890116755443,17.672536849975586,0.49713926369070466,0.5273160934448242
molecule,CT0496_A5_003,CT0496,Infliximab,50.0,1,10.0,360,Platform unclear,1,Inflammation and autoimmunity,Intravenous,Yes,5,10.437727028553935,23.529434204101562,0.4724837757222398,0.545323371887207
molecule,CT0496_A1_004,CT0496,Infliximab,5.3,0,95.0,540,Platform unclear,1,Inflammation and autoimmunity,Intravenous,Yes,5,10.853426493975897,15.029891014099121,0.47829040753717655,0.5264029502868652
molecule,CT0496_A2_004,CT0496,Infliximab,13.9,1,36.0,540,Platform unclear,1,Inflammation and autoimmunity,Intravenous,Yes,5,10.276759688084143,18.23481559753418,0.471002924783716,0.5365111231803894
molecule,CT0496_A3_004,CT0496,Infliximab,58.3,1,12.0,540,Platform unclear,1,Inflammation and autoimmunity,Intravenous,Yes,5,10.19561911156823,24.535118103027344,0.457915275572332,0.5395594239234924
molecule,CT0496_A4_004,CT0496,Infliximab,33.3,1,27.0,540,Platform unclear,1,Inflammation and autoimmunity,Intravenous,Yes,5,9.730704264884467,21.04560089111328,0.46120151838093365,0.5535556077957153
molecule,CT0496_A5_004,CT0496,Infliximab,45.5,1,11.0,540,Platform unclear,1,Inflammation and autoimmunity,Intravenous,Yes,5,9.854919106189838,22.954572677612305,0.454345275990772,0.5380604863166809
molecule,CT0496_A1_005,CT0496,Infliximab,9.5,0,95.0,720,Platform unclear,1,Inflammation and autoimmunity,Intravenous,Yes,5,10.851559917794091,15.414586067199707,0.48009917758919907,0.5154609680175781
molecule,CT0496_A2_005,CT0496,Infliximab,6.7,0,30.0,720,Platform unclear,1,Inflammation and autoimmunity,Intravenous,Yes,5,9.725432310311437,20.587154388427734,0.47041904927475475,0.5528163313865662
molecule,CT0496_A3_005,CT0496,Infliximab,50.0,1,14.0,720,Platform unclear,1,Inflammation and autoimmunity,Intravenous,Yes,5,10.18448022267865,24.23855972290039,0.464409456238336,0.5335361957550049
molecule,CT0496_A4_005,CT0496,Infliximab,27.6,1,29.0,720,Platform unclear,1,Inflammation and autoimmunity,Intravenous,Yes,5,9.718321111986992,20.716489791870117,0.4668839323522123,0.5519633889198303
molecule,CT0496_A5_005,CT0496,Infliximab,57.1,1,7.0,720,Platform unclear,1,Inflammation and autoimmunity,Intravenous,Yes,5,9.812665037153257,25.62472915649414,0.46000244741234836,0.5542290210723877
molecule,CT0498_A2_001,CT0498,Dupilumab,4.4,0,91.0,448,Not reported,0,Inflammation and autoimmunity,Subcutaneous,No,5,10.260017298366408,5.317089080810547,0.37086852554090527,0.14568278193473816
molecule,CT0498_A3_001,CT0498,Dupilumab,7.3,0,178.0,448,Not reported,0,Inflammation and autoimmunity,Subcutaneous,No,5,5.83248818098907,4.518899917602539,0.34574867105540485,0.16253410279750824
molecule,CT0499_A1_002,CT0499,Avelumab,0.0,0,8.0,1095,Not reported,1,Cancer and neoplasms,Intravenous,No,4,2.7259373135731355,4.0897932052612305,0.25840239985160857,0.07383911311626434
molecule,CT0499_A2_002,CT0499,Avelumab,0.0,0,9.0,1095,Not reported,1,Cancer and neoplasms,Intravenous,No,4,2.769569351519701,4.160017967224121,0.2618080395489432,0.07251375168561935
molecule,CT0499_A3_002,CT0499,Avelumab,0.0,0,11.0,1095,Not reported,1,Cancer and neoplasms,Intravenous,No,4,2.8415764146732885,4.216921806335449,0.25749817550016196,0.07099117338657379
molecule,CT0499_A1_003,CT0499,Rituximab,0.0,0,8.0,1095,Not reported,1,Cancer and neoplasms,Intravenous,No,2,7.364145180707332,2.927764892578125,0.33778893227570106,0.14050477743148804
molecule,CT0499_A3_003,CT0499,Rituximab,0.0,0,11.0,1095,Not reported,1,Cancer and neoplasms,Intravenous,No,2,7.026992140526341,2.7778093814849854,0.3302322583540473,0.13327860832214355
molecule,CT0499_A1_004,CT0499,Utomilumab,12.5,1,8.0,1095,Other ligand-binding assay,1,Cancer and neoplasms,Intravenous,No,4,22.336317257833425,11.927103042602539,0.3517013294233485,0.2242935299873352
molecule,CT0499_A2_003,CT0499,Utomilumab,22.2,1,9.0,1095,Other ligand-binding assay,1,Cancer and neoplasms,Intravenous,No,4,22.44152678164295,11.517596244812012,0.3517013294233485,0.2207760214805603
molecule,CT0500_A1_001,CT0500,Atezolizumab,47.7,1,111.0,715,Not reported,1,Cancer and neoplasms,Intravenous,No,3,7.257984282910872,3.2410264015197754,0.25095993379127196,0.15060648322105408
molecule,CT0501_A1_001,CT0501,Avelumab,16.3,1,331.0,30,Not reported,1,Cancer and neoplasms,Intravenous,No,4,4.197892021317532,5.083515644073486,0.3050992243942998,0.09913039952516556
molecule,CT0502_A1_002,CT0502,Magrolimab,33.3,1,6.0,105,ECL/MSD,1,Cancer and neoplasms,Intravenous,No,2,15.635451030546992,15.066418647766113,0.4744899033074137,0.3178260028362274
molecule,CT0502_A2_002,CT0502,Magrolimab,0.0,0,3.0,105,ECL/MSD,1,Cancer and neoplasms,Intravenous,No,2,15.499334408859635,9.59880256652832,0.44821452171469983,0.23358455300331116
molecule,CT0502_A3_002,CT0502,Magrolimab,0.0,0,10.0,105,ECL/MSD,1,Cancer and neoplasms,Intravenous,No,2,15.700782945992605,15.745105743408203,0.47288744030952673,0.3090130686759949
molecule,CT0502_A4_002,CT0502,Magrolimab,0.0,0,7.0,105,ECL/MSD,1,Cancer and neoplasms,Intravenous,No,2,15.657319554135995,15.338370323181152,0.4777009207051907,0.3141525089740753
molecule,CT0502_A5_002,CT0502,Magrolimab,0.0,0,6.0,105,ECL/MSD,1,Cancer and neoplasms,Intravenous,No,2,15.635451030546992,15.066418647766113,0.4744899033074137,0.3178260028362274
molecule,CT0502_A6_002,CT0502,Magrolimab,6.3,0,16.0,105,ECL/MSD,1,Cancer and neoplasms,Intravenous,No,2,15.808805323390738,15.807538986206055,0.46950011941203856,0.2944469749927521
molecule,CT0502_A7_002,CT0502,Magrolimab,13.3,1,15.0,105,ECL/MSD,1,Cancer and neoplasms,Intravenous,No,2,15.783249192810736,15.875661849975586,0.47239004019190833,0.2969965636730194
molecule,CT0502_A8_002,CT0502,Magrolimab,0.0,0,14.0,105,ECL/MSD,1,Cancer and neoplasms,Intravenous,No,2,15.790438289576953,16.251956939697266,0.4754564864509914,0.29772549867630005
molecule,CT0502_A1_003,CT0502,Magrolimab,33.3,1,6.0,105,ECL/MSD,1,Cancer and neoplasms,Intravenous,No,2,15.635451030546992,15.066418647766113,0.4744899033074137,0.3178260028362274
molecule,CT0502_A2_003,CT0502,Magrolimab,0.0,0,3.0,105,ECL/MSD,1,Cancer and neoplasms,Intravenous,No,2,15.499334408859635,9.59880256652832,0.44821452171469983,0.23358455300331116
molecule,CT0502_A3_003,CT0502,Magrolimab,0.0,0,10.0,105,ECL/MSD,1,Cancer and neoplasms,Intravenous,No,2,15.700782945992605,15.745105743408203,0.47288744030952673,0.3090130686759949
molecule,CT0502_A4_003,CT0502,Magrolimab,14.3,1,7.0,105,ECL/MSD,1,Cancer and neoplasms,Intravenous,No,2,15.657319554135995,15.338370323181152,0.4777009207051907,0.3141525089740753
molecule,CT0502_A5_003,CT0502,Magrolimab,0.0,0,6.0,105,ECL/MSD,1,Cancer and neoplasms,Intravenous,No,2,15.635451030546992,15.066418647766113,0.4744899033074137,0.3178260028362274
molecule,CT0502_A6_003,CT0502,Magrolimab,12.5,1,16.0,105,ECL/MSD,1,Cancer and neoplasms,Intravenous,No,2,15.808805323390738,15.807538986206055,0.46950011941203856,0.2944469749927521
molecule,CT0502_A7_003,CT0502,Magrolimab,13.3,1,15.0,105,ECL/MSD,1,Cancer and neoplasms,Intravenous,No,2,15.783249192810736,15.875661849975586,0.47239004019190833,0.2969965636730194
molecule,CT0502_A8_003,CT0502,Magrolimab,0.0,0,15.0,105,ECL/MSD,1,Cancer and neoplasms,Intravenous,No,2,15.783249192810736,15.875661849975586,0.47239004019190833,0.2969965636730194
molecule,CT0503_A1_001,CT0503,Galcanezumab,9.57,0,115.0,300,Platform unclear,1,Neurological,Subcutaneous,No,1,6.574986353059792,7.608976364135742,0.3495663946721937,0.33029434084892273
molecule,CT0503_A2_001,CT0503,Galcanezumab,10.53,1,114.0,300,Platform unclear,1,Neurological,Subcutaneous,No,1,6.574986353059792,7.51563835144043,0.3495663946721937,0.32999715209007263
molecule,CT0504_A1_001,CT0504,Galcanezumab,12.07,1,58.0,480,Platform unclear,1,Neurological,Subcutaneous,No,1,5.71529935025326,7.483440399169922,0.32169875324314307,0.31648409366607666
molecule,CT0504_A2_001,CT0504,Galcanezumab,9.68,0,62.0,480,Platform unclear,1,Neurological,Subcutaneous,No,1,5.7211513946973085,7.484090805053711,0.32169875324314307,0.3179650902748108
molecule,CT0504_A3_001,CT0504,Galcanezumab,16.13,1,62.0,480,Platform unclear,1,Neurological,Subcutaneous,No,1,5.7211513946973085,7.484090805053711,0.32169875324314307,0.3179650902748108
molecule,CT0504_A4_001,CT0504,Galcanezumab,10.94,1,64.0,480,Platform unclear,1,Neurological,Subcutaneous,No,1,5.7211513946973085,7.524085998535156,0.32169875324314307,0.3176649808883667
molecule,CT0504_A5_001,CT0504,Galcanezumab,12.5,1,32.0,480,Platform unclear,1,Neurological,Subcutaneous,No,1,5.699920124231803,8.120044708251953,0.3277019271936904,0.30383649468421936
molecule,CT0504_A6_001,CT0504,Galcanezumab,18.18,1,33.0,480,Platform unclear,1,Neurological,Subcutaneous,No,1,5.709300070755985,8.058177947998047,0.3293675490972509,0.3055916428565979
molecule,CT0505_A1_002,CT0505,Nivolumab,26.7,1,15.0,90,Platform unclear,1,Infectious diseases,Intravenous,No,1,6.08240128393245,5.444242477416992,0.37040316821573316,0.27108460664749146
molecule,CT0505_A2_002,CT0505,Nivolumab,56.3,1,16.0,90,Platform unclear,1,Infectious diseases,Intravenous,No,1,5.940594914765026,5.377865314483643,0.3708763953658469,0.26559367775917053
molecule,CT0506_A1_001,CT0506,Benralizumab,6.7,0,90.0,57,Not reported,1,Inflammation and autoimmunity,Subcutaneous,No,3,16.31823625644897,4.219987869262695,0.3054693000267268,0.17909938097000122
molecule,CT0506_A1_002,CT0506,Benralizumab,3.3,0,90.0,57,Platform unclear,1,Inflammation and autoimmunity,Subcutaneous,No,3,16.3450055001882,2.8979501724243164,0.2630189446784879,0.1178397461771965
molecule,CT0506_A2_001,CT0506,Benralizumab,2.2,0,90.0,57,Not reported,1,Inflammation and autoimmunity,Subcutaneous,No,3,16.31823625644897,4.219987869262695,0.3054693000267268,0.17909938097000122
molecule,CT0506_A2_002,CT0506,Benralizumab,0.0,0,90.0,57,Platform unclear,1,Inflammation and autoimmunity,Subcutaneous,No,3,16.3450055001882,2.8979501724243164,0.2630189446784879,0.1178397461771965
molecule,CT0507_A1_001,CT0507,Ocrelizumab,1.0,0,100.0,365,Not reported,1,Neurological,Intravenous,No,1,4.125106689034353,8.193267822265625,0.2441386807569158,0.2627648413181305
molecule,CT0507_A4_001,CT0507,Rituximab,7.0,0,100.0,365,Not reported,1,Neurological,Intravenous,No,2,7.799319889234728,1.877535343170166,0.2960646519613842,0.07137534767389297
molecule,CT0508_A1_003,CT0508,Eptinezumab,0.0,0,126.0,28,Not reported,1,Neurological,Intravenous,No,2,5.907999921305591,3.3084287643432617,0.3572242726285229,0.1840236634016037
molecule,CT0508_A1_004,CT0508,Eptinezumab,5.6,0,125.0,56,Not reported,1,Neurological,Intravenous,No,2,5.907999921305591,3.2020835876464844,0.3572242726285229,0.18117351830005646
molecule,CT0508_A1_005,CT0508,Eptinezumab,8.9,0,123.0,84,Not reported,1,Neurological,Intravenous,No,2,6.09582073932125,3.3954241275787354,0.3790403580975632,0.18115051090717316
molecule,CT0508_A1_006,CT0508,Eptinezumab,17.5,1,120.0,168,Not reported,1,Neurological,Intravenous,No,2,5.698949841966066,3.6135854721069336,0.3794347048598522,0.18732544779777527
molecule,CT0508_A1_007,CT0508,Eptinezumab,7.6,0,118.0,252,Not reported,1,Neurological,Intravenous,No,2,6.037413309884487,3.8813440799713135,0.408047048862348,0.19278323650360107
molecule,CT0508_A1_008,CT0508,Eptinezumab,5.3,0,113.0,336,Not reported,1,Neurological,Intravenous,No,2,5.636784162031524,4.034547328948975,0.4158931264472068,0.2014925479888916
molecule,CT0508_A1_009,CT0508,Eptinezumab,4.0,0,101.0,504,Not reported,1,Neurological,Intravenous,No,2,5.936605514922997,4.167453289031982,0.39851446708462845,0.21154454350471497
molecule,CT0508_A1_010,CT0508,Eptinezumab,0.0,0,96.0,728,Not reported,1,Neurological,Intravenous,No,2,6.788783445467015,4.217912197113037,0.39498301399416313,0.21651893854141235
molecule,CT0509_A1_002,CT0509,Isatuximab,0.0,0,151.0,537,Platform unclear,1,Cancer and neoplasms,Intravenous,No,2,4.083990113096374,9.36716079711914,0.3065897979084092,0.4329111576080322
molecule,CT0510_A1_001,CT0510,Infliximab,88.0,1,217.0,434,Not reported,1,Inflammation and autoimmunity,Intravenous,No,5,12.693195934999721,8.094596862792969,0.4162160660163955,0.3228471875190735
molecule,CT0510_A2_001,CT0510,Infliximab,89.7,1,184.0,434,Not reported,1,Inflammation and autoimmunity,Intravenous,No,5,13.50933323353867,17.01662826538086,0.4487629881010982,0.3723556697368622
molecule,CT0512_A1_001,CT0512,Pembrolizumab,0.0,0,6.0,942,Not reported,1,Cancer and neoplasms,Intravenous,No,3,5.730098227628342,8.266517639160156,0.33357925234515906,0.24373096227645874
molecule,CT0513_A1_001,CT0513,Atezolizumab,0.0,0,7.0,547,Other ligand-binding assay,1,Cancer and neoplasms,Intravenous,No,3,6.827137776494864,5.822595596313477,0.30306665459406273,0.12690989673137665
molecule,CT0513_A2_001,CT0513,Atezolizumab,15.38461538,1,39.0,547,Other ligand-binding assay,1,Cancer and neoplasms,Intravenous,No,3,6.552625141084101,4.255749702453613,0.26783371355528524,0.12594172358512878
molecule,CT0513_A3_001,CT0513,Atezolizumab,13.15789474,1,38.0,547,Other ligand-binding assay,1,Cancer and neoplasms,Intravenous,No,3,5.888371652604162,4.286007881164551,0.2610328495055723,0.12685152888298035
molecule,CT0513_A1_002,CT0513,Daratumumab,0.0,0,7.0,547,Other ligand-binding assay,1,Cancer and neoplasms,Intravenous,No,1,7.557417112233946,6.317320823669434,0.3518063195261499,0.26272809505462646
molecule,CT0513_A4_001,CT0513,Daratumumab,0.0,0,37.0,547,Other ligand-binding assay,1,Cancer and neoplasms,Intravenous,No,1,7.2261483313815935,5.691165447235107,0.31139001838425623,0.24803102016448975
molecule,CT0515_A1_002,CT0515,Atezolizumab,22.7,1,569.0,1977,Not reported,0,Cancer and neoplasms,Intravenous,No,3,10.709958286631268,4.373847007751465,0.29594349234809325,0.14171478152275085
molecule,CT0516_A1_001,CT0516,Faricimab,4.2,0,24.0,364,ELISA,1,Unspecified,Ophthalmic,No,1,12.372114517780842,16.933467864990234,0.5120728541905089,0.3239992558956146
molecule,CT0516_A2_001,CT0516,Faricimab,12.9,1,31.0,364,ELISA,1,Unspecified,Ophthalmic,No,1,12.647463142667773,15.953361511230469,0.5070378265761565,0.3218367397785187
molecule,CT0517_A1_002,CT0517,Durvalumab,0.0,0,191.0,1460,Not reported,0,Cancer and neoplasms,Intravenous,No,5,13.814948216289235,15.110630989074707,0.6338615949337079,0.4964723587036133
molecule,CT0517_A2_002,CT0517,Durvalumab,0.0,0,205.0,1460,Not reported,0,Cancer and neoplasms,Intravenous,No,5,16.74454695322189,15.849068641662598,0.6612472159495714,0.5406438708305359
molecule,CT0517_A1_003,CT0517,Tremelimumab,6.2,0,178.0,1460,Not reported,0,Cancer and neoplasms,Intravenous,No,2,5.502820224117104,6.323814868927002,0.46216001055273526,0.3533214032649994
molecule,CT0517_A1_004,CT0517,Tremelimumab,2.8,0,178.0,1460,Not reported,0,Cancer and neoplasms,Intravenous,No,2,5.502820224117104,6.323814868927002,0.46216001055273526,0.3533214032649994
molecule,CT0517_A3_002,CT0517,Durvalumab,0.0,0,53.0,1460,Not reported,0,Cancer and neoplasms,Intravenous,No,5,12.91388997911688,12.663219451904297,0.5677096397837906,0.3592450022697449
molecule,CT0517_A4_002,CT0517,Durvalumab,0.0,0,51.0,1460,Not reported,0,Cancer and neoplasms,Intravenous,No,5,15.815688031225875,12.585223197937012,0.615055185755032,0.36630725860595703
molecule,CT0517_A5_002,CT0517,Tremelimumab,5.9,0,51.0,1460,Not reported,0,Cancer and neoplasms,Intravenous,No,2,4.1028671076084935,5.07042121887207,0.43759251656187154,0.2491380274295807
molecule,CT0518_A2_006,CT0518,Adalimumab,65.3,1,121.0,252,Not reported,0,Inflammation and autoimmunity,Subcutaneous,No,3,9.914571821351107,15.261287689208984,0.4196201230153417,0.3667409420013428
molecule,CT0457_A1_004,CT0457,Adalimumab,81.72588832,1,197.0,280,Platform unclear,1,Inflammation and autoimmunity,Subcutaneous,Yes,3,14.477516371638197,13.776062965393066,0.5930108621049351,0.6615193486213684
molecule,CT0457_A3_003,CT0457,Adalimumab,80.8988764,1,89.0,280,Platform unclear,1,Inflammation and autoimmunity,Subcutaneous,No,3,10.58392136579543,10.155645370483398,0.3931863750386648,0.32408273220062256
molecule,CT0457_A4_003,CT0457,Adalimumab,86.95652174,1,92.0,280,Platform unclear,1,Inflammation and autoimmunity,Subcutaneous,Yes,3,13.866848859261948,14.433242797851562,0.5561400619220976,0.6742355227470398
molecule,CT0751_A1_001,CT0751,Adalimumab,7.7,0,13.0,316,Platform unclear,0,Inflammation and autoimmunity,Subcutaneous,No,3,19.125627992402627,9.190393447875977,0.4821259410708001,0.2194436937570572
molecule,CT0751_A1_002,CT0751,Adalimumab,24.0,1,17.0,316,Platform unclear,0,Inflammation and autoimmunity,Subcutaneous,No,3,14.849883131813518,8.383794784545898,0.4766305559483202,0.2001064121723175
molecule,CT0440_A2_001,CT0440,Adalimumab,57.6,1,271.0,329,Platform unclear,1,Inflammation and autoimmunity,Subcutaneous,Yes,3,14.599547926499696,12.346370697021484,0.5615227975142733,0.53646320104599
molecule,CT0440_A4_001,CT0440,Adalimumab,64.4,1,132.0,329,Platform unclear,1,Inflammation and autoimmunity,Subcutaneous,No,3,8.731994481686781,6.959144115447998,0.38556217980490504,0.25824567675590515
molecule,CT0440_A5_001,CT0440,Adalimumab,74.0,1,131.0,329,Platform unclear,1,Inflammation and autoimmunity,Subcutaneous,No,3,8.731994481686781,6.856104850769043,0.38556217980490504,0.2580404579639435
molecule,CT0268_A1_001,CT0268,Adalimumab,13.6,1,44.0,336,Platform unclear,1,Inflammation and autoimmunity,Subcutaneous,No,3,5.64975526695418,2.7626891136169434,0.2415796793511582,0.13037532567977905
molecule,CT0328_A2_001,CT0328,Vedolizumab,0.0,0,11.0,0,Not reported,1,Inflammation and autoimmunity,Intravenous,No,3,7.85455075207954,9.65048599243164,0.2484015439183493,0.15937815606594086
molecule,CT0328_A3_001,CT0328,Vedolizumab,0.0,0,9.0,0,Not reported,1,Inflammation and autoimmunity,Intravenous,No,3,7.781201542884319,9.793925285339355,0.250510913945561,0.16400274634361267
molecule,CT0519_A1_002,CT0519,Reslizumab,0.0,0,194.0,357,Platform unclear,1,Inflammation and autoimmunity,Subcutaneous,No,5,13.417318050709747,14.960588455200195,0.5275175886176603,0.5983849763870239
molecule,CT0519_A2_002,CT0519,Reslizumab,0.0,0,196.0,357,Platform unclear,1,Inflammation and autoimmunity,Subcutaneous,No,5,13.414217961882178,15.593729019165039,0.5275175886176603,0.5974256992340088
molecule,CT0520_A1_001,CT0520,Ixekizumab,28.86597938,1,194.0,336,Platform unclear,1,Inflammation and autoimmunity,Subcutaneous,No,4,12.028936169065037,26.536022186279297,0.6512309802341342,0.5943748950958252
molecule,CT0521_A1_002,CT0521,Bevacizumab,8.0,0,50.0,15,ECL/MSD,1,Healthy Volunteer,Intravenous,Yes,5,3.6217279350799836,13.349600791931152,0.30431001435927113,0.13457714021205902
molecule,CT0521_A1_003,CT0521,Bevacizumab,4.0,0,50.0,43,ECL/MSD,1,Healthy Volunteer,Intravenous,Yes,5,3.6192287848474134,11.163028717041016,0.3042083469567217,0.13724224269390106
molecule,CT0521_A1_004,CT0521,Bevacizumab,4.0,0,50.0,71,ECL/MSD,1,Healthy Volunteer,Intravenous,Yes,5,3.6349396354655377,9.986084938049316,0.3110169537439826,0.1421312689781189
molecule,CT0521_A1_005,CT0521,Bevacizumab,2.0,0,50.0,99,ECL/MSD,1,Healthy Volunteer,Intravenous,Yes,5,3.704379221149616,10.376734733581543,0.3256759148370161,0.14529305696487427
molecule,CT0521_A2_002,CT0521,Bevacizumab,0.0,0,50.0,15,ECL/MSD,1,Healthy Volunteer,Intravenous,No,5,2.2528049951932583,2.4598004817962646,0.18732289876741845,0.04652714356780052
molecule,CT0521_A2_003,CT0521,Bevacizumab,0.0,0,50.0,43,ECL/MSD,1,Healthy Volunteer,Intravenous,No,5,2.250305844960688,2.150268316268921,0.18767848752440341,0.04741764813661575
molecule,CT0521_A2_004,CT0521,Bevacizumab,0.0,0,50.0,71,ECL/MSD,1,Healthy Volunteer,Intravenous,No,5,2.257641034203151,2.105609178543091,0.19013816893948282,0.05007597431540489
molecule,CT0521_A2_005,CT0521,Bevacizumab,0.0,0,50.0,99,ECL/MSD,1,Healthy Volunteer,Intravenous,No,5,2.381494562242182,2.200962543487549,0.21325623427772658,0.05232720449566841
molecule,CT0522_A1_001,CT0522,Olaratumab,0.0,0,81.0,870,Not reported,1,Cancer and neoplasms,Intravenous,No,5,2.8070146278863524,9.369295120239258,0.13953005416333766,0.08935003727674484
molecule,CT0523_A1_001,CT0523,Erenumab,0.0,0,238.0,1260,Not reported,1,Neurological,Subcutaneous,No,5,12.027789304480924,8.418846130371094,0.32047576970765107,0.20470614731311798
molecule,CT0329_A3_001,CT0329,Vedolizumab,0.0,0,32.0,0,ECL/MSD,1,Inflammation and autoimmunity,Intravenous,No,3,7.695756559315749,6.755319595336914,0.19820172211921433,0.13329340517520905
molecule,CT0329_A4_001,CT0329,Vedolizumab,0.0,0,33.0,0,ECL/MSD,1,Inflammation and autoimmunity,Intravenous,No,3,7.140736908865868,5.090677261352539,0.22124920160262007,0.13160189986228943
molecule,CT0524_A1_003,CT0524,Nivolumab,0.0,0,17.0,1080,Platform unclear,1,Cancer and neoplasms,Intravenous,No,1,5.426753823903567,10.015970230102539,0.39442175473827723,0.38628455996513367
molecule,CT0524_A2_003,CT0524,Nivolumab,0.0,0,16.0,1080,Platform unclear,1,Cancer and neoplasms,Intravenous,No,1,5.215828106935932,10.116168975830078,0.39053196086931247,0.38385331630706787
molecule,CT0524_A3_003,CT0524,Nivolumab,0.0,0,18.0,1080,Platform unclear,1,Cancer and neoplasms,Intravenous,No,1,5.590235583491759,9.877532958984375,0.39442175473827723,0.3826426565647125
molecule,CT0524_A1_004,CT0524,Daratumumab,0.0,0,29.0,1080,Platform unclear,1,Cancer and neoplasms,Intravenous,No,1,3.8037107510720056,8.320854187011719,0.250581099990443,0.26380980014801025
molecule,CT0524_A2_004,CT0524,Daratumumab,0.0,0,18.0,1080,Platform unclear,1,Cancer and neoplasms,Intravenous,No,1,3.8087321682924,7.3096723556518555,0.25104628395057316,0.2573106288909912
molecule,CT0524_A3_004,CT0524,Daratumumab,0.0,0,33.0,1080,Platform unclear,1,Cancer and neoplasms,Intravenous,No,1,3.786431318786183,7.917442798614502,0.2521769043465821,0.2683970630168915
molecule,CT0526_A1_002,CT0526,Atezolizumab,14.7,1,334.0,820,Platform unclear,1,Cancer and neoplasms,Intravenous,No,3,7.496833550105433,5.084059715270996,0.2904991542850048,0.13923242688179016
molecule,CT0527_A1_001,CT0527,Ixekizumab,20.0,1,45.0,448,Platform unclear,1,Inflammation and autoimmunity,Subcutaneous,No,4,15.523924387313933,37.046913146972656,0.6162061599508958,0.572141170501709
molecule,CT0527_A2_001,CT0527,Ixekizumab,4.7,0,43.0,448,Platform unclear,1,Inflammation and autoimmunity,Subcutaneous,No,4,13.485373966665543,28.649965286254883,0.6222084222996568,0.55233234167099
molecule,CT0527_A3_001,CT0527,Ixekizumab,2.0,0,51.0,448,Platform unclear,1,Inflammation and autoimmunity,Subcutaneous,No,4,13.93302539230036,26.217247009277344,0.6210945766481076,0.5503033399581909
molecule,CT0528_A1_002,CT0528,Tralokinumab,1.7,0,602.0,112,Platform unclear,0,Inflammation and autoimmunity,Subcutaneous,No,4,8.674199361709492,5.611385345458984,0.4565940440738027,0.3983039855957031
molecule,CT0529_A1_002,CT0529,Cemiplimab,0.0,0,52.0,651,Platform unclear,1,Cancer and neoplasms,Intravenous,No,1,8.122317918846342,8.577281951904297,0.39233341422514956,0.3419297933578491
molecule,CT0529_A2_002,CT0529,Cemiplimab,4.9,0,81.0,651,Platform unclear,1,Cancer and neoplasms,Intravenous,No,1,8.55610973275571,7.5376715660095215,0.4015097509550143,0.3169635236263275
molecule,CT0530_A1_001,CT0530,Alirocumab,4.166666667,0,24.0,182,Not reported,1,Cardiovascular,Subcutaneous,No,2,63.77042664973597,18.623409271240234,0.5051473530111319,0.2869246006011963
molecule,CT0530_A2_001,CT0530,Alirocumab,2.272727273,0,44.0,182,Not reported,1,Cardiovascular,Subcutaneous,No,2,63.23809491891979,17.447845458984375,0.49920282065636723,0.28797829151153564
molecule,CT0531_A1_002,CT0531,Tralokinumab,1.7,0,592.0,112,Platform unclear,0,Inflammation and autoimmunity,Subcutaneous,No,4,8.674199361709492,5.507998466491699,0.4565940440738027,0.4035738408565521
molecule,CT0532_A1_001,CT0532,Durvalumab,0.0,0,15.0,1368,Not reported,0,Cancer and neoplasms,Intravenous,No,5,7.368554619810551,11.899032592773438,0.4567641556761371,0.34063103795051575
molecule,CT0532_A2_001,CT0532,Durvalumab,0.0,0,9.0,1368,Not reported,0,Cancer and neoplasms,Intravenous,No,5,4.489904664607444,10.783385276794434,0.44651580846452493,0.33454713225364685
molecule,CT0532_A3_001,CT0532,Durvalumab,9.1,0,11.0,1368,Not reported,0,Cancer and neoplasms,Intravenous,No,5,6.065890875096912,11.012033462524414,0.458091553632273,0.33427566289901733
molecule,CT0533_A1_002,CT0533,Durvalumab,10.1,1,286.0,1368,Not reported,0,Cancer and neoplasms,Intravenous,No,5,17.672475868685886,17.349924087524414,0.685393955975191,0.6089560389518738
molecule,CT0533_A2_002,CT0533,Durvalumab,6.7,0,285.0,1368,Not reported,0,Cancer and neoplasms,Intravenous,No,5,17.672475868685886,17.622100830078125,0.685393955975191,0.6107399463653564
molecule,CT0533_A1_003,CT0533,Tremelimumab,13.7,1,278.0,1368,Not reported,0,Cancer and neoplasms,Intravenous,No,2,6.590814621392266,8.08150577545166,0.4953996439609943,0.40310731530189514
molecule,CT0268_A2_001,CT0268,Adalimumab,18.2,1,44.0,336,Platform unclear,1,Inflammation and autoimmunity,Subcutaneous,No,3,5.64975526695418,2.7626891136169434,0.2415796793511582,0.13037532567977905
molecule,CT0475_A1_008,CT0475,Adalimumab,10.6,1,113.0,336,Platform unclear,0,Inflammation and autoimmunity,Subcutaneous,Yes,3,14.498741817045627,18.761478424072266,0.5825682826238611,0.6419761776924133
molecule,CT0535_A1_001,CT0535,Atezolizumab,32.5,1,92.0,730,Not reported,1,Cancer and neoplasms,Intravenous,No,3,6.510668179835883,2.9665327072143555,0.2374091229039592,0.12583845853805542
molecule,CT0535_A2_001,CT0535,Atezolizumab,30.0,1,11.0,730,Not reported,1,Cancer and neoplasms,Intravenous,No,3,6.0481192443621,3.9996209144592285,0.2465136900468281,0.13962870836257935
molecule,CT0535_A3_001,CT0535,Atezolizumab,10.0,1,52.0,730,Not reported,1,Cancer and neoplasms,Intravenous,No,3,6.370464504011223,2.8853442668914795,0.2467695140335757,0.13189317286014557
molecule,CT0536_A1_002,CT0536,Atezolizumab,13.4,1,157.0,1890,Not reported,1,Cancer and neoplasms,Intravenous,No,3,5.816171681496449,3.583146572113037,0.2592539061903853,0.15368176996707916
molecule,CT0475_A3_003,CT0475,Adalimumab,9.4,0,127.0,336,Platform unclear,0,Inflammation and autoimmunity,Subcutaneous,Yes,3,14.860293206597602,20.690948486328125,0.6050128542012316,0.650231659412384
molecule,CT0719_A1_001,CT0719,Adalimumab,15.6,1,32.0,336,ELISA,0,Inflammation and autoimmunity,Subcutaneous,No,3,18.91329072033757,9.049744606018066,0.46256658233363446,0.21252118051052094
molecule,CT0538_A1_006,CT0538,Bimekizumab,13.9,1,36.0,210,Platform unclear,1,Non-inflammatory skin diseases,Subcutaneous,No,3,7.26588389698647,7.33902645111084,0.39142476584168967,0.2904913127422333
molecule,CT0538_A1_003,CT0538,Bimekizumab,4.3,0,46.0,28,Platform unclear,1,Non-inflammatory skin diseases,Subcutaneous,No,3,5.132312038590494,6.800950527191162,0.3548863667742021,0.28680339455604553
molecule,CT0538_A1_004,CT0538,Bimekizumab,0.0,0,42.0,56,Platform unclear,1,Non-inflammatory skin diseases,Subcutaneous,No,3,5.185663925905485,6.509975433349609,0.3533929382342392,0.2868359684944153
molecule,CT0538_A1_005,CT0538,Bimekizumab,9.5,0,42.0,84,Platform unclear,1,Non-inflammatory skin diseases,Subcutaneous,No,3,5.010691025207285,7.140083312988281,0.3642233063026586,0.2867991626262665
molecule,CT0540_A1_001,CT0540,Atezolizumab,23.2,1,210.0,1095,Not reported,1,Cancer and neoplasms,Intravenous,No,3,5.502862896583109,3.227609634399414,0.2708198387427201,0.16605664789676666
molecule,CT0541_A1_001,CT0541,Olaratumab,0.0,0,15.0,730,Platform unclear,1,Cancer and neoplasms,Intravenous,No,5,2.6182020507809876,1.8787306547164917,0.15541615597354977,0.041014205664396286
molecule,CT0541_A2_001,CT0541,Olaratumab,12.5,1,8.0,730,Platform unclear,1,Cancer and neoplasms,Intravenous,No,5,2.634605082381488,2.7370176315307617,0.15888450797956552,0.053082894533872604
molecule,CT0542_A1_001,CT0542,Bevacizumab,1.2,0,82.0,365,Platform unclear,0,Cancer and neoplasms,Intravenous,Yes,5,7.067171189944421,9.455214500427246,0.3569534425574193,0.15102092921733856
molecule,CT0542_A2_001,CT0542,Bevacizumab,2.3,0,44.0,365,Platform unclear,0,Cancer and neoplasms,Intravenous,No,5,6.0356737070571675,3.5333075523376465,0.24813868795808683,0.06319411844015121
molecule,CT0543_A1_001,CT0543,Avelumab,13.6,1,22.0,630,Not reported,1,Cancer and neoplasms,Intravenous,No,4,3.690322354159963,4.370508193969727,0.22318922463717092,0.06290841847658157
molecule,CT0545_A1_001,CT0545,Bevacizumab,17.04180064,1,311.0,364,Not reported,1,Cancer and neoplasms,Intravenous,Yes,5,4.762585061650771,5.910529136657715,0.29916418807394396,0.13764095306396484
molecule,CT0545_A2_001,CT0545,Bevacizumab,17.09677419,1,310.0,364,Not reported,1,Cancer and neoplasms,Intravenous,No,5,2.4728581414375896,3.5319488048553467,0.23032192326059478,0.08194737136363983
molecule,CT0546_A1_001,CT0546,Durvalumab,2.8,0,282.0,1399,Not reported,0,Cancer and neoplasms,Intravenous,No,5,17.877731038285752,19.736228942871094,0.7231193168022142,0.7137523889541626
molecule,CT0546_A2_001,CT0546,Durvalumab,3.1,0,294.0,1399,Not reported,0,Cancer and neoplasms,Intravenous,No,5,17.062152931465196,15.752534866333008,0.6920580795643477,0.580552339553833
molecule,CT0546_A3_001,CT0546,Durvalumab,4.6,0,108.0,1399,Not reported,0,Cancer and neoplasms,Intravenous,No,5,14.512434776007836,15.991724967956543,0.6091839528625642,0.4275563061237335
molecule,CT0546_A2_002,CT0546,Tremelimumab,11.0,1,182.0,1399,Not reported,0,Cancer and neoplasms,Intravenous,No,2,5.638298685059377,5.650048732757568,0.4675566518834957,0.3377514183521271
molecule,CT0546_A3_002,CT0546,Tremelimumab,22.5,1,102.0,1399,Not reported,0,Cancer and neoplasms,Intravenous,No,2,5.139838141722085,5.402754306793213,0.4443252424480417,0.2956516742706299
molecule,CT0547_A1_001,CT0547,Emapalumab,0.0,0,14.0,56,Not reported,1,Inflammation and autoimmunity,Intravenous,No,1,2.2969447168425337,0.9244085550308228,0.15246414883814413,0.13227632641792297
molecule,CT0548_A1_001,CT0548,Atezolizumab,50.0,1,6.0,1306,Not reported,1,Cancer and neoplasms,Intravenous,No,3,5.3230618205688875,6.588585376739502,0.3623565777661544,0.20791175961494446
molecule,CT0548_A2_001,CT0548,Atezolizumab,28.6,1,14.0,1306,Not reported,1,Cancer and neoplasms,Intravenous,No,3,5.254530357522895,5.210805892944336,0.35412854511391756,0.19830673933029175
molecule,CT0550_A1_002,CT0550,Avelumab,0.0,0,12.0,1569,Platform unclear,0,Cancer and neoplasms,Intravenous,No,4,6.210626879981751,7.868508815765381,0.30538649670927726,0.13484585285186768
molecule,CT0550_A2_002,CT0550,Avelumab,2.8,0,211.0,1569,Platform unclear,0,Cancer and neoplasms,Intravenous,No,4,7.261858042693204,5.486822128295898,0.31085803734749656,0.11063256114721298
molecule,CT0551_A1_001,CT0551,Secukinumab,0.0,0,47.0,280,ECL/MSD,1,Musculoskeletal,Subcutaneous,No,2,10.456401481627307,5.877343654632568,0.3824188986461178,0.3016468286514282
molecule,CT0552_A1_001,CT0552,Dupilumab,0.0,0,10.0,196,Not reported,0,Inflammation and autoimmunity,Subcutaneous,No,5,19.650045871131237,4.797904014587402,0.3628188164118953,0.12469092011451721
molecule,CT0552_A2_001,CT0552,Dupilumab,0.0,0,10.0,196,Not reported,0,Inflammation and autoimmunity,Subcutaneous,No,5,19.602945111996462,4.182700157165527,0.36381806806536837,0.11591963469982147
molecule,CT0552_A3_001,CT0552,Dupilumab,10.0,1,10.0,196,Not reported,0,Inflammation and autoimmunity,Subcutaneous,No,5,19.650045871131237,4.797904014587402,0.3628188164118953,0.12469092011451721
molecule,CT0552_A4_001,CT0552,Dupilumab,0.0,0,10.0,196,Not reported,0,Inflammation and autoimmunity,Subcutaneous,No,5,19.602945111996462,4.182700157165527,0.36381806806536837,0.11591963469982147
molecule,CT0552_A6_001,CT0552,Dupilumab,1.4,0,74.0,196,Not reported,0,Inflammation and autoimmunity,Subcutaneous,No,5,6.198869443003704,3.126648426055908,0.30104645395018925,0.11669351905584335
molecule,CT0553_A1_001,CT0553,Fremanezumab,0.0,0,44.0,84,Not reported,1,Neurological,Subcutaneous,No,5,6.541705147694484,1.2806110382080078,0.2630840402624448,0.042152296751737595
molecule,CT0555_A1_001,CT0555,Ixekizumab,19.0,1,174.0,504,Platform unclear,1,Inflammation and autoimmunity,Subcutaneous,No,4,8.43392422368859,17.262393951416016,0.6358233829597616,0.5491101741790771
molecule,CT0555_A2_001,CT0555,Ixekizumab,12.5,1,176.0,504,Platform unclear,1,Inflammation and autoimmunity,Subcutaneous,No,4,6.511523193912011,15.555145263671875,0.5761476572672936,0.5373231172561646
molecule,CT0556_A1_001,CT0556,Isatuximab,0.0,0,39.0,730,Not reported,0,Cancer and neoplasms,Intravenous,No,2,5.030123118532726,9.697412490844727,0.31028803025978147,0.4690399467945099
molecule,CT0556_A1_002,CT0556,Cemiplimab,2.6,0,39.0,730,Not reported,0,Cancer and neoplasms,Intravenous,No,1,5.303773721695221,11.24837875366211,0.4107223127469266,0.494960755109787
molecule,CT0557_A1_002,CT0557,Omalizumab,0.0,0,160.0,168,Not reported,0,Inflammation and autoimmunity,Subcutaneous,No,5,5.992177075305859,8.894847869873047,0.42695711096921496,0.26699554920196533
molecule,CT0557_A1_004,CT0557,Omalizumab,0.0,0,160.0,168,Not reported,0,Inflammation and autoimmunity,Subcutaneous,No,5,5.992177075305859,8.894847869873047,0.42695711096921496,0.26699554920196533
molecule,CT0558_A1_001,CT0558,Nivolumab,50.0,1,12.0,204,Platform unclear,1,Cancer and neoplasms,Intravenous,No,1,5.244723330318677,13.707122802734375,0.37988964415335763,0.4147584140300751
molecule,CT0559_A1_001,CT0559,Daratumumab,0.0,0,65.0,820,Not reported,1,Cancer and neoplasms,Subcutaneous,No,1,3.7766992440824714,6.541561603546143,0.2096235465785486,0.2791844606399536
molecule,CT0559_A2_001,CT0559,Daratumumab,0.0,0,64.0,820,Not reported,1,Cancer and neoplasms,Subcutaneous,No,1,3.4919314842349345,8.529253005981445,0.19622029787497083,0.30452418327331543
molecule,CT0559_A3_001,CT0559,Daratumumab,0.0,0,61.0,820,Not reported,1,Cancer and neoplasms,Subcutaneous,No,1,3.461025155062583,8.558440208435059,0.19753623250947122,0.30060362815856934
molecule,CT0559_A4_001,CT0559,Daratumumab,0.0,0,63.0,820,Not reported,1,Cancer and neoplasms,Subcutaneous,No,1,3.4919314842349345,8.694442749023438,0.19622029787497083,0.30437228083610535
molecule,CT0559_A5_001,CT0559,Hyaluronidase human,6.1,0,66.0,820,Not reported,1,Cancer and neoplasms,Subcutaneous,No,1,14.957632973632577,9.915864944458008,0.4024285726779532,0.4194948375225067
molecule,CT0559_A6_001,CT0559,Hyaluronidase human,4.9,0,61.0,820,Not reported,1,Cancer and neoplasms,Subcutaneous,No,1,10.897489376613255,10.090391159057617,0.3878614921983452,0.32830944657325745
molecule,CT0559_A7_001,CT0559,Hyaluronidase human,1.7,0,60.0,820,Not reported,1,Cancer and neoplasms,Subcutaneous,No,1,10.896378265502143,10.098610877990723,0.3878614921983452,0.32800114154815674
molecule,CT0559_A8_001,CT0559,Hyaluronidase human,4.8,0,62.0,820,Not reported,1,Cancer and neoplasms,Subcutaneous,No,1,10.897489376613255,10.077654838562012,0.3878614921983452,0.32714155316352844
molecule,CT0560_A1_001,CT0560,Alirocumab,6.3,0,32.0,28,ECL/MSD,1,Cardiovascular,Subcutaneous,No,2,29.77113398628721,6.158503532409668,0.43994116562498287,0.23852843046188354
molecule,CT0560_A2_001,CT0560,Alirocumab,3.1,0,32.0,28,ECL/MSD,1,Cardiovascular,Subcutaneous,No,2,15.530753929850226,4.562829971313477,0.4236288006573842,0.24486570060253143
molecule,CT0561_A1_001,CT0561,Romosozumab,15.1,1,139.0,273,Not reported,1,Musculoskeletal,Subcutaneous,No,2,6.4963990481408285,9.471240043640137,0.44766280015197507,0.29869529604911804
molecule,CT0561_A2_001,CT0561,Romosozumab,15.5,1,142.0,273,Not reported,1,Musculoskeletal,Subcutaneous,No,2,6.543335242499889,9.600231170654297,0.44766280015197507,0.3010828495025635
molecule,CT0562_A1_002,CT0562,Atezolizumab,29.6,1,318.0,900,Not reported,1,Cancer and neoplasms,Intravenous,No,3,9.824655283628585,6.107038497924805,0.3125449802396897,0.210784912109375
molecule,CT0562_A1_004,CT0562,Atezolizumab,20.2,1,89.0,900,Not reported,1,Cancer and neoplasms,Intravenous,No,3,6.82399791142407,4.356567859649658,0.26723638889301926,0.17024147510528564
molecule,CT0301_A1_002,CT0301,Adalimumab,14.28571429,1,28.0,364,Not reported,1,Inflammation and autoimmunity,Subcutaneous,No,3,4.809374881615082,4.245209693908691,0.2305452053655666,0.13877470791339874
molecule,CT0563_A2_001,CT0563,Ustekinumab,2.1,0,190.0,364,Not reported,1,Inflammation and autoimmunity,Intravenous,No,4,58.09113380206035,59.72681427001953,0.6410718228694714,0.6500003337860107
molecule,CT0564_A1_001,CT0564,Blinatumomab,0.0,0,91.0,780,Other ligand-binding assay,1,Cancer and neoplasms,Intravenous,No,4,11.965949626302374,9.063309669494629,0.34658458976355355,0.24739643931388855
molecule,CT0565_A2_001,CT0565,Alirocumab,6.3,0,48.0,168,Other ligand-binding assay,1,Cardiovascular,Subcutaneous,No,2,16.283486126727514,20.126529693603516,0.5482533488043089,0.3779512345790863
molecule,CT0565_A4_001,CT0565,Alirocumab,0.0,0,49.0,168,Other ligand-binding assay,1,Cardiovascular,Subcutaneous,No,2,14.952027662790352,15.375420570373535,0.5169365890222983,0.33220675587654114
molecule,CT0566_A1_001,CT0566,Tralokinumab,1.0,0,97.0,462,Platform unclear,1,Inflammation and autoimmunity,Subcutaneous,No,4,7.611550279591535,4.958923816680908,0.4609702740688812,0.3119323253631592
molecule,CT0566_A2_001,CT0566,Tralokinumab,7.1,0,98.0,462,Platform unclear,1,Inflammation and autoimmunity,Subcutaneous,No,4,7.693956856130227,5.5000739097595215,0.542907572414329,0.3423699140548706
molecule,CT0568_A1_001,CT0568,Tralokinumab,1.9,0,107.0,112,Platform unclear,0,Inflammation and autoimmunity,Subcutaneous,No,4,14.55959744417167,9.232229232788086,0.6256333620534104,0.5109069347381592
molecule,CT0569_A1_001,CT0569,Recombinant factor IX (rFIX),4.0,0,25.0,180,ELISA,1,Blood disorders,Intravenous,No,5,22.00866885694606,4.4350385665893555,0.4233911601760704,0.1524733006954193
molecule,CT0571_A2_001,CT0571,Sarilumab,3.6,0,56.0,420,ECL/MSD,0,Inflammation and autoimmunity,Subcutaneous,No,5,11.4157436693099,12.820267677307129,0.35841731197520543,0.15534862875938416
molecule,CT0572_A1_001,CT0572,Canakinumab,0.8,0,120.0,760,Not reported,1,Non-inflammatory respiratory diseases,Subcutaneous,No,3,11.671107186181716,6.380573272705078,0.3831239489907895,0.25496000051498413
molecule,CT0573_A2_001,CT0573,Dupilumab,0.0,0,42.0,168,Not reported,1,Inflammation and autoimmunity,Subcutaneous,No,5,10.749620147301268,12.647436141967773,0.4384004535183513,0.17486271262168884
molecule,CT0573_A4_001,CT0573,Dupilumab,2.597402597,0,77.0,168,Not reported,1,Inflammation and autoimmunity,Subcutaneous,No,5,4.148467441163708,4.290212631225586,0.30221376280597867,0.11981790512800217
molecule,CT0573_A5_001,CT0573,Dupilumab,1.315789474,0,76.0,168,Not reported,1,Inflammation and autoimmunity,Subcutaneous,No,5,9.788985300749498,11.64645767211914,0.425948471718461,0.1609838604927063
molecule,CT0573_A1_002,CT0573,Dupilumab,11.42857143,1,35.0,364,Not reported,1,Inflammation and autoimmunity,Subcutaneous,No,5,5.739994414967861,5.559966564178467,0.3203830398533496,0.15336504578590393
molecule,CT0573_A2_002,CT0573,Dupilumab,2.564102564,0,39.0,364,Not reported,1,Inflammation and autoimmunity,Subcutaneous,No,5,5.49716998173695,5.717005729675293,0.31546500534600025,0.14797845482826233
molecule,CT0573_A3_002,CT0573,Dupilumab,2.777777778,0,36.0,364,Not reported,1,Inflammation and autoimmunity,Subcutaneous,No,5,5.730082225229247,5.695364952087402,0.3203830398533496,0.15123975276947021
molecule,CT0573_A6_001,CT0573,Dupilumab,0.0,0,37.0,364,Not reported,1,Inflammation and autoimmunity,Subcutaneous,No,5,5.6660814194279325,5.828838348388672,0.31990580346221853,0.15023547410964966
molecule,CT0573_A4_002,CT0573,Dupilumab,6.493506494,0,77.0,364,Not reported,1,Inflammation and autoimmunity,Subcutaneous,No,5,4.354813761521463,4.948139190673828,0.29981299592814037,0.13506333529949188
molecule,CT0573_A5_002,CT0573,Dupilumab,0.0,0,69.0,364,Not reported,1,Inflammation and autoimmunity,Subcutaneous,No,5,4.3646922662307555,5.306679725646973,0.29453246537950306,0.13485166430473328
molecule,CT0574_A1_001,CT0574,Avelumab,20.0,1,10.0,930,Not reported,1,Cancer and neoplasms,Intravenous,No,4,3.5606785264344185,5.256514072418213,0.3154293347282012,0.08449500054121017
molecule,CT0574_A2_001,CT0574,Avelumab,8.3,0,12.0,930,Not reported,1,Cancer and neoplasms,Intravenous,No,4,3.5451558116015067,5.163145065307617,0.31718222151770303,0.08313708007335663
molecule,CT0577_A1_001,CT0577,Tremelimumab,0.0,0,1.0,7,Not reported,1,Cancer and neoplasms,Intravenous,No,2,6.304560297816611,3.2276666164398193,0.3659554828922694,0.15797504782676697
molecule,CT0577_A2_001,CT0577,Tremelimumab,0.0,0,1.0,7,Not reported,1,Cancer and neoplasms,Intravenous,No,2,5.620974029926662,2.8636465072631836,0.35702624245418274,0.13822510838508606
molecule,CT0577_A3_001,CT0577,Tremelimumab,0.0,0,5.0,7,Not reported,1,Cancer and neoplasms,Intravenous,No,2,5.526437793428555,15.447330474853516,0.36411412867025594,0.3547995388507843
molecule,CT0577_A4_001,CT0577,Tremelimumab,0.0,0,2.0,7,Not reported,1,Cancer and neoplasms,Intravenous,No,2,6.350410706584773,6.243194580078125,0.3678523557478718,0.22399958968162537
molecule,CT0577_A5_001,CT0577,Tremelimumab,0.0,0,15.0,7,Not reported,1,Cancer and neoplasms,Intravenous,No,2,6.158474637786644,15.077834129333496,0.3773672745308579,0.3288591802120209
molecule,CT0577_A1_002,CT0577,Tremelimumab,0.0,0,1.0,28,Not reported,1,Cancer and neoplasms,Intravenous,No,2,6.197001186066293,2.827582836151123,0.3657886041580309,0.14747005701065063
molecule,CT0577_A3_002,CT0577,Tremelimumab,0.0,0,3.0,28,Not reported,1,Cancer and neoplasms,Intravenous,No,2,5.420501994353289,9.21945571899414,0.34714198061866,0.25535762310028076
molecule,CT0577_A4_002,CT0577,Tremelimumab,33.3,1,3.0,28,Not reported,1,Cancer and neoplasms,Intravenous,No,2,6.242851594834455,9.794828414916992,0.36983391762125195,0.3006453514099121
molecule,CT0577_A5_002,CT0577,Tremelimumab,13.3,1,15.0,28,Not reported,1,Cancer and neoplasms,Intravenous,No,2,6.050915526036326,13.584959983825684,0.3772003957966194,0.31554609537124634
molecule,CT0577_A1_003,CT0577,Tremelimumab,0.0,0,1.0,49,Not reported,1,Cancer and neoplasms,Intravenous,No,2,6.1988205378147265,2.5828330516815186,0.3657886041580309,0.14461272954940796
molecule,CT0577_A3_003,CT0577,Tremelimumab,0.0,0,3.0,49,Not reported,1,Cancer and neoplasms,Intravenous,No,2,5.422321346101723,8.394675254821777,0.34714198061866,0.25055480003356934
molecule,CT0577_A4_003,CT0577,Tremelimumab,0.0,0,3.0,49,Not reported,1,Cancer and neoplasms,Intravenous,No,2,6.2446709465828905,9.241514205932617,0.36983391762125195,0.29550355672836304
molecule,CT0577_A5_003,CT0577,Tremelimumab,8.3,0,12.0,49,Not reported,1,Cancer and neoplasms,Intravenous,No,2,5.990552392398999,12.627248764038086,0.37812953258436416,0.3240298330783844
molecule,CT0577_A1_004,CT0577,Tremelimumab,0.0,0,1.0,70,Not reported,1,Cancer and neoplasms,Intravenous,No,2,6.199544347338537,2.5994372367858887,0.36518728663497424,0.14012476801872253
molecule,CT0577_A3_004,CT0577,Tremelimumab,0.0,0,3.0,70,Not reported,1,Cancer and neoplasms,Intravenous,No,2,5.423045155625533,8.440037727355957,0.34654066309560333,0.24841003119945526
molecule,CT0577_A4_004,CT0577,Tremelimumab,0.0,0,1.0,70,Not reported,1,Cancer and neoplasms,Intravenous,No,2,6.245394756106699,2.5327260494232178,0.3670841594905766,0.14207838475704193
molecule,CT0577_A5_004,CT0577,Tremelimumab,0.0,0,8.0,70,Not reported,1,Cancer and neoplasms,Intravenous,No,2,5.645043781463208,11.901838302612305,0.38310271784543665,0.3346048593521118
molecule,CT0577_A1_005,CT0577,Tremelimumab,0.0,0,1.0,91,Not reported,1,Cancer and neoplasms,Intravenous,No,2,6.392461682861438,2.60723876953125,0.38888983009438294,0.14038819074630737
molecule,CT0577_A3_005,CT0577,Tremelimumab,0.0,0,2.0,91,Not reported,1,Cancer and neoplasms,Intravenous,No,2,5.615962491148435,4.957306385040283,0.36245044376456353,0.1737411618232727
molecule,CT0577_A4_005,CT0577,Tremelimumab,0.0,0,2.0,91,Not reported,1,Cancer and neoplasms,Intravenous,No,2,6.4383120916296015,5.813575267791748,0.3907867029499853,0.2063661515712738
molecule,CT0577_A5_005,CT0577,Tremelimumab,0.0,0,4.0,91,Not reported,1,Cancer and neoplasms,Intravenous,No,2,5.868644973190626,10.341367721557617,0.3918888977706285,0.3235491216182709
molecule,CT0578_A1_001,CT0578,Avelumab,16.3,1,43.0,941,Other ligand-binding assay,1,Cancer and neoplasms,Intravenous,No,4,7.671977246399075,3.3286025524139404,0.25557238463411325,0.07468929141759872
molecule,CT0578_A1_002,CT0578,Cetuximab,2.3,0,43.0,941,Other ligand-binding assay,1,Cancer and neoplasms,Intravenous,No,3,8.492509739907831,7.082806587219238,0.34894716117894686,0.2294684499502182
molecule,CT0579_A1_002,CT0579,Atezolizumab,3.1,0,225.0,1642,Platform unclear,1,Cancer and neoplasms,Intravenous,No,3,6.466510096923043,4.7329020500183105,0.31226478342885255,0.1636480987071991
molecule,CT0579_A1_004,CT0579,Trastuzumab,0.5,0,216.0,1642,Platform unclear,1,Cancer and neoplasms,Intravenous,No,4,5.429437327319834,5.272154808044434,0.19918760759820622,0.21305689215660095
molecule,CT0579_A1_006,CT0579,Pertuzumab,6.0,0,216.0,1642,Platform unclear,1,Cancer and neoplasms,Intravenous,No,3,13.406414688398856,4.057857513427734,0.3128858352216022,0.21371132135391235
molecule,CT0580_A1_001,CT0580,Gemtuzumab ozogamicin,12.0,1,50.0,360,ECL/MSD,0,Cancer and neoplasms,Intravenous,No,4,4.800544898966052,5.019667625427246,0.3539992331948999,0.23531967401504517
molecule,CT0581_A1_001,CT0581,Itepekimab,0.0,0,48.0,252,Not reported,0,Inflammation and autoimmunity,Subcutaneous,No,2,9.952342625400478,7.820955276489258,0.44266428127841534,0.26625391840934753
molecule,CT0581_A2_001,CT0581,Dupilumab,6.8,0,44.0,252,Not reported,0,Inflammation and autoimmunity,Subcutaneous,No,5,5.7815420099328545,3.5327882766723633,0.3225139206051181,0.12390147894620895
molecule,CT0582_A1_001,CT0582,Tralokinumab,1.4,0,138.0,280,Not reported,0,Inflammation and autoimmunity,Subcutaneous,No,4,13.818536288895752,2.6583611965179443,0.43965592915674134,0.31659916043281555
molecule,CT0584_A1_002,CT0584,Nivolumab,0.0,0,7.0,730,Platform unclear,0,Cancer and neoplasms,Intravenous,No,1,6.92590633159471,10.964360237121582,0.37873907226272474,0.4024012088775635
molecule,CT0585_A1_001,CT0585,Infliximab,0.0,0,18.0,365,Not reported,1,Inflammation and autoimmunity,Intravenous,Yes,5,11.434082985578039,39.325374603271484,0.4545669848148335,0.5942004919052124
molecule,CT0585_A2_001,CT0585,Infliximab,4.76,0,21.0,365,Not reported,1,Inflammation and autoimmunity,Intravenous,No,5,17.045157113092706,11.540382385253906,0.37848224068989605,0.3616078794002533
molecule,CT0585_A3_001,CT0585,Infliximab,0.0,0,9.0,365,Not reported,1,Inflammation and autoimmunity,Intravenous,Yes,5,11.491829225283922,37.34344482421875,0.4487035746971674,0.5643579959869385
molecule,CT0585_A4_001,CT0585,Infliximab,0.0,0,21.0,365,Not reported,1,Inflammation and autoimmunity,Intravenous,Yes,5,11.5588253790901,39.92243194580078,0.4575649770231569,0.5941384434700012
molecule,CT0585_A5_001,CT0585,Infliximab,2.78,0,36.0,365,Not reported,1,Inflammation and autoimmunity,Intravenous,No,5,16.11569857293342,9.785520553588867,0.3842059123094006,0.31070634722709656
molecule,CT0585_A6_001,CT0585,Infliximab,0.0,0,10.0,365,Not reported,1,Inflammation and autoimmunity,Intravenous,Yes,5,11.492279842567873,37.467281341552734,0.4487035746971674,0.568587601184845
molecule,CT0586_A1_001,CT0586,Eculizumab,0.0,0,20.0,364,Not reported,0,Blood disorders,Intravenous,No,5,2.5067871586247072,4.9711384773254395,0.2873680817213392,0.24491745233535767
molecule,CT0586_A2_001,CT0586,Eculizumab,0.0,0,22.0,364,Not reported,0,Blood disorders,Intravenous,No,5,2.5863366455718073,4.955727577209473,0.2873680817213392,0.2447371780872345
molecule,CT0586_A3_002,CT0586,Eculizumab,0.0,0,20.0,553,Not reported,0,Blood disorders,Intravenous,No,5,2.6152327134319377,5.5285539627075195,0.29057801928407456,0.25375211238861084
molecule,CT0586_A4_002,CT0586,Eculizumab,9.1,0,22.0,553,Not reported,0,Blood disorders,Intravenous,No,5,2.694782200379038,5.425190448760986,0.29057801928407456,0.25008803606033325
molecule,CT0587_A1_002,CT0587,Bevacizumab,0.0,0,36.0,14,Not reported,1,Healthy Volunteer,Intravenous,Yes,5,3.6969987386579297,29.610271453857422,0.27437630266302077,0.19643670320510864
molecule,CT0587_A1_003,CT0587,Bevacizumab,0.0,0,35.0,28,Not reported,1,Healthy Volunteer,Intravenous,Yes,5,3.6969987386579297,27.422103881835938,0.27576549193368166,0.19240595400333405
molecule,CT0587_A1_004,CT0587,Bevacizumab,0.0,0,33.0,56,Not reported,1,Healthy Volunteer,Intravenous,Yes,5,3.6970996772928917,21.667926788330078,0.2734882710851163,0.18754775822162628
molecule,CT0587_A1_005,CT0587,Bevacizumab,0.0,0,35.0,84,Not reported,1,Healthy Volunteer,Intravenous,Yes,5,3.716566574555606,21.522281646728516,0.28813597424119036,0.18603214621543884
molecule,CT0587_A2_002,CT0587,Bevacizumab,0.0,0,37.0,14,Not reported,1,Healthy Volunteer,Intravenous,No,5,1.8963567668205272,6.362566947937012,0.16361365910250728,0.05420801788568497
molecule,CT0587_A2_003,CT0587,Bevacizumab,0.0,0,37.0,28,Not reported,1,Healthy Volunteer,Intravenous,No,5,1.8963567668205272,5.3738694190979,0.16707825358810824,0.054879747331142426
molecule,CT0587_A2_004,CT0587,Bevacizumab,5.6,0,36.0,56,Not reported,1,Healthy Volunteer,Intravenous,No,5,1.8809523636626049,3.9258196353912354,0.16183033154891516,0.05759419873356819
molecule,CT0587_A2_005,CT0587,Bevacizumab,7.9,0,38.0,84,Not reported,1,Healthy Volunteer,Intravenous,No,5,1.9149061286289055,3.995377779006958,0.1743110467399635,0.057971641421318054
molecule,CT0587_A3_002,CT0587,Bevacizumab,0.0,0,37.0,14,Not reported,1,Healthy Volunteer,Intravenous,No,5,1.8963567668205272,6.362566947937012,0.16361365910250728,0.05420801788568497
molecule,CT0587_A3_003,CT0587,Bevacizumab,0.0,0,37.0,28,Not reported,1,Healthy Volunteer,Intravenous,No,5,1.8963567668205272,5.3738694190979,0.16707825358810824,0.054879747331142426
molecule,CT0587_A3_004,CT0587,Bevacizumab,0.0,0,38.0,56,Not reported,1,Healthy Volunteer,Intravenous,No,5,1.888082044079828,3.8272931575775146,0.16183033154891516,0.05721437558531761
molecule,CT0587_A3_005,CT0587,Bevacizumab,0.0,0,38.0,84,Not reported,1,Healthy Volunteer,Intravenous,No,5,1.9149061286289055,3.995377779006958,0.1743110467399635,0.057971641421318054
molecule,CT0588_A1_002,CT0588,Lanadelumab,0.0,0,94.0,14,Not reported,1,Healthy Volunteer,Subcutaneous,No,5,8.681430659915694,12.636017799377441,0.3553158053439504,0.4266361594200134
molecule,CT0588_A2_002,CT0588,Lanadelumab,0.0,0,96.0,14,Not reported,1,Healthy Volunteer,Subcutaneous,No,5,7.575076237764197,9.364094734191895,0.33123565492500573,0.39318138360977173
molecule,CT0588_A1_003,CT0588,Lanadelumab,1.1,0,94.0,28,Not reported,1,Healthy Volunteer,Subcutaneous,No,5,8.681430659915694,13.048486709594727,0.3553158053439504,0.42807745933532715
molecule,CT0588_A2_003,CT0588,Lanadelumab,0.0,0,96.0,28,Not reported,1,Healthy Volunteer,Subcutaneous,No,5,7.575076237764197,10.0835542678833,0.33123565492500573,0.40152958035469055
molecule,CT0588_A1_004,CT0588,Lanadelumab,0.0,0,94.0,56,Not reported,1,Healthy Volunteer,Subcutaneous,No,5,7.516237010588038,13.347769737243652,0.3551573780819705,0.43656638264656067
molecule,CT0588_A2_004,CT0588,Lanadelumab,1.0,0,96.0,56,Not reported,1,Healthy Volunteer,Subcutaneous,No,5,6.744225649551882,10.344478607177734,0.32943619851459083,0.41208615899086
molecule,CT0588_A1_005,CT0588,Lanadelumab,0.0,0,94.0,112,Not reported,1,Healthy Volunteer,Subcutaneous,No,5,7.675098848903678,14.458338737487793,0.3942002700035264,0.46559247374534607
molecule,CT0588_A2_005,CT0588,Lanadelumab,1.0,0,96.0,112,Not reported,1,Healthy Volunteer,Subcutaneous,No,5,6.841500190644657,11.59665584564209,0.3687303719630411,0.45114412903785706
molecule,CT0589_A1_001,CT0589,Bevacizumab,0.0,0,29.0,63,Not reported,1,Healthy Volunteer,Intravenous,No,5,8.198880727839976,2.1791133880615234,0.2193309671657345,0.03767242282629013
molecule,CT0589_A2_001,CT0589,Bevacizumab,0.0,0,30.0,63,Not reported,1,Healthy Volunteer,Intravenous,No,5,8.198880727839976,2.129819869995117,0.2191581492287759,0.03751778602600098
molecule,CT0589_A3_001,CT0589,Bevacizumab,3.333333333,0,30.0,63,Not reported,1,Healthy Volunteer,Intravenous,Yes,5,8.370132695650133,6.936144828796387,0.29236704703045535,0.0988583192229271
molecule,CT0589_A1_002,CT0589,Bevacizumab,0.0,0,29.0,63,Not reported,1,Healthy Volunteer,Intravenous,Yes,5,8.358843318360757,7.03624153137207,0.2904006819114381,0.09818048775196075
molecule,CT0589_A2_002,CT0589,Bevacizumab,0.0,0,30.0,63,Not reported,1,Healthy Volunteer,Intravenous,No,5,8.198880727839976,2.129819869995117,0.2191581492287759,0.03751778602600098
molecule,CT0589_A3_002,CT0589,Bevacizumab,0.0,0,30.0,63,Not reported,1,Healthy Volunteer,Intravenous,Yes,5,8.370132695650133,6.936144828796387,0.29236704703045535,0.0988583192229271
molecule,CT0591_A2_001,CT0591,Galcanezumab,9.3,0,259.0,90,Platform unclear,1,Neurological,Subcutaneous,No,1,5.613984469092937,6.52031135559082,0.3286077562183589,0.30916306376457214
molecule,CT0592_A1_001,CT0592,Denosumab,35.4,1,263.0,364,Not reported,1,Musculoskeletal,Subcutaneous,Yes,2,54.377328063235424,60.03642272949219,0.7508714338828356,0.8151799440383911
molecule,CT0592_A2_001,CT0592,Denosumab,40.9,1,264.0,364,Not reported,1,Musculoskeletal,Subcutaneous,No,2,25.503923506127947,44.97350311279297,0.5833152374285029,0.5831703543663025
molecule,CT0592_A3_001,CT0592,Denosumab,16.6,1,253.0,546,Not reported,1,Musculoskeletal,Subcutaneous,Yes,2,65.84834422538994,63.37651824951172,0.741510399032709,0.8279164433479309
molecule,CT0592_A4_001,CT0592,Denosumab,20.8,1,125.0,546,Not reported,1,Musculoskeletal,Subcutaneous,No,2,37.41917932755985,47.35902786254883,0.5646874179660347,0.5760515332221985
molecule,CT0592_A5_001,CT0592,Denosumab,21.0,1,124.0,546,Not reported,1,Musculoskeletal,Subcutaneous,Yes,2,60.910831411400956,63.414649963378906,0.7232962954694354,0.8481442928314209
molecule,CT0593_A1_001,CT0593,Nonacog alfa,33.33333333,1,6.0,33,Platform unclear,1,Blood disorders,Intravenous,No,2,21.692440704205445,6.125041961669922,0.3501151826194217,0.09115812182426453
molecule,CT0594_A1_002,CT0594,Pegaspargase,0.0,0,3.0,25,Platform unclear,1,Cancer and neoplasms,Intravenous,No,1,14.602211554597107,26.87567901611328,0.5395914005532046,0.4715029001235962
molecule,CT0594_A2_002,CT0594,Pegaspargase,4.5,0,22.0,25,Platform unclear,1,Cancer and neoplasms,Intravenous,No,1,15.586729647942075,28.763587951660156,0.5454181394411296,0.5519856810569763
molecule,CT0594_A1_004,CT0594,Pegaspargase,0.0,0,3.0,25,Platform unclear,1,Cancer and neoplasms,Intravenous,No,1,14.602211554597107,26.87567901611328,0.5395914005532046,0.4715029001235962
molecule,CT0594_A2_004,CT0594,Pegaspargase,4.5,0,22.0,25,Platform unclear,1,Cancer and neoplasms,Intravenous,No,1,15.586729647942075,28.763587951660156,0.5454181394411296,0.5519856810569763
molecule,CT0595_A1_001,CT0595,Durvalumab,15.4,1,26.0,660,Not reported,1,Cancer and neoplasms,Intravenous,No,5,13.829878748794535,17.491146087646484,0.5554309041505228,0.42754024267196655
molecule,CT0595_A2_001,CT0595,Oleclumab,4.2,0,24.0,660,Not reported,1,Cancer and neoplasms,Intravenous,No,1,7.120304407810184,12.575684547424316,0.5529006836352515,0.5052606463432312
molecule,CT0596_A1_002,CT0596,Trastuzumab,0.606060606,0,165.0,105,Not reported,1,Cancer and neoplasms,Intravenous,Yes,4,9.040988891747675,5.143441200256348,0.3804347146723822,0.2213623821735382
molecule,CT0596_A2_002,CT0596,Trastuzumab,1.333333333,0,75.0,105,Not reported,1,Cancer and neoplasms,Intravenous,No,4,2.760552719138753,3.7251713275909424,0.21678205899986006,0.11954470723867416
molecule,CT0596_A3_002,CT0596,Trastuzumab,5.128205128,0,78.0,105,Not reported,1,Cancer and neoplasms,Intravenous,Yes,4,6.023203869704499,4.833319664001465,0.2950433401516452,0.18157966434955597
molecule,CT0596_A1_003,CT0596,Trastuzumab,2.666666667,0,150.0,315,Not reported,1,Cancer and neoplasms,Intravenous,Yes,4,9.66978313241772,6.421154975891113,0.43230591657173356,0.2520734369754791
molecule,CT0596_A2_003,CT0596,Trastuzumab,1.315789474,0,76.0,315,Not reported,1,Cancer and neoplasms,Intravenous,No,4,3.35124744742514,4.690240859985352,0.25896582184765654,0.14798134565353394
molecule,CT0596_A3_003,CT0596,Trastuzumab,2.739726027,0,73.0,315,Not reported,1,Cancer and neoplasms,Intravenous,Yes,4,6.28797934215218,5.2593674659729,0.33661405223296065,0.21059821546077728
molecule,CT0597_A1_001,CT0597,Lanadelumab,0.0,0,12.0,392,Not reported,1,Unspecified,Subcutaneous,No,5,11.564759159092448,19.291746139526367,0.41940676069992006,0.5676484107971191
molecule,CT0597_A1_002,CT0597,Lanadelumab,0.0,0,12.0,56,Not reported,1,Unspecified,Subcutaneous,No,5,9.101092215177218,12.889110565185547,0.35511390706708956,0.5110043883323669
molecule,CT0597_A1_003,CT0597,Lanadelumab,0.0,0,12.0,98,Not reported,1,Unspecified,Subcutaneous,No,5,8.748862199334685,14.648284912109375,0.3786035502148449,0.5354195833206177
molecule,CT0597_A1_004,CT0597,Lanadelumab,0.0,0,11.0,140,Not reported,1,Unspecified,Subcutaneous,No,5,13.657251002422763,15.799735069274902,0.39569037767538745,0.5563341975212097
molecule,CT0597_A1_005,CT0597,Lanadelumab,0.0,0,12.0,182,Not reported,1,Unspecified,Subcutaneous,No,5,11.107512975858956,17.258071899414062,0.409634101766676,0.566912055015564
molecule,CT0597_A1_006,CT0597,Lanadelumab,0.0,0,12.0,266,Not reported,1,Unspecified,Subcutaneous,No,5,11.319221528752745,17.776525497436523,0.418912118737708,0.5716288685798645
molecule,CT0597_A1_007,CT0597,Lanadelumab,0.0,0,3.0,350,Not reported,1,Unspecified,Subcutaneous,No,5,24.959644412950563,19.864978790283203,0.4140135328250825,0.4833708107471466
molecule,CT0597_A1_008,CT0597,Lanadelumab,0.0,0,10.0,364,Not reported,1,Unspecified,Subcutaneous,No,5,17.448586725629106,19.16716766357422,0.4156697246541488,0.566528856754303
molecule,CT0597_A1_009,CT0597,Lanadelumab,0.0,0,12.0,392,Not reported,1,Unspecified,Subcutaneous,No,5,11.564759159092448,19.291746139526367,0.41940676069992006,0.5676484107971191
molecule,CT0598_A1_001,CT0598,Dupilumab,4.47761194,0,67.0,252,Not reported,0,Inflammation and autoimmunity,Subcutaneous,No,5,5.233254972778347,3.4868173599243164,0.3109867237339182,0.12031182646751404
molecule,CT0599_A1_002,CT0599,Ravulizumab,1.8,0,55.0,182,Platform unclear,1,Neurological,Intravenous,No,5,1.8265928371348414,6.66491174697876,0.30041260916734935,0.2618253529071808
molecule,CT0599_A1_003,CT0599,Ravulizumab,0.0,0,52.0,350,Platform unclear,1,Neurological,Intravenous,No,5,2.0486931897127065,7.408905982971191,0.3030863117589279,0.2721150517463684
molecule,CT0599_A1_004,CT0599,Ravulizumab,0.0,0,15.0,574,Platform unclear,1,Neurological,Intravenous,No,5,1.8666132749714595,9.369149208068848,0.3050993256900556,0.34985318779945374
molecule,CT0599_A1_005,CT0599,Ravulizumab,0.0,0,1.0,742,Platform unclear,1,Neurological,Intravenous,No,5,1.9342466012421047,2.7529306411743164,0.28095396240468734,0.22676484286785126
molecule,CT0440_A2_002,CT0440,Adalimumab,52.0,1,271.0,364,Platform unclear,1,Inflammation and autoimmunity,Subcutaneous,Yes,3,14.942504249543896,12.654657363891602,0.557404356891548,0.5471236705780029
molecule,CT0440_A4_002,CT0440,Adalimumab,59.8,1,132.0,364,Platform unclear,1,Inflammation and autoimmunity,Subcutaneous,No,3,8.868941577025634,6.823330879211426,0.3835874385092336,0.2612983286380768
molecule,CT0440_A5_002,CT0440,Adalimumab,66.4,1,131.0,364,Platform unclear,1,Inflammation and autoimmunity,Subcutaneous,No,3,8.868941577025634,7.150249004364014,0.3835874385092336,0.26260310411453247
molecule,CT0457_A1_005,CT0457,Adalimumab,83.50515464,1,194.0,364,Platform unclear,1,Inflammation and autoimmunity,Subcutaneous,Yes,3,15.369916860469102,14.943735122680664,0.5881693711760358,0.666890025138855
molecule,CT0457_A3_004,CT0457,Adalimumab,78.16091954,1,87.0,364,Platform unclear,1,Inflammation and autoimmunity,Subcutaneous,No,3,11.02292031111561,11.43274211883545,0.3934173643980194,0.3363700211048126
molecule,CT0457_A4_004,CT0457,Adalimumab,88.50574713,1,87.0,364,Platform unclear,1,Inflammation and autoimmunity,Subcutaneous,Yes,3,14.361080642549698,16.330265045166016,0.547376001943806,0.6860194802284241
molecule,CT0518_A1_007,CT0518,Adalimumab,60.8,1,120.0,364,Platform unclear,0,Inflammation and autoimmunity,Subcutaneous,Yes,3,35.30672284150891,26.872730255126953,0.6577656745779414,0.707896888256073
molecule,CT0518_A2_007,CT0518,Adalimumab,62.2,1,119.0,364,Not reported,0,Inflammation and autoimmunity,Subcutaneous,No,3,10.479104780727967,17.621807098388672,0.41734270288944303,0.3860568702220917
molecule,CT0563_A1_001,CT0563,Adalimumab,74.4,1,195.0,364,Not reported,1,Inflammation and autoimmunity,Subcutaneous,No,3,6.729571705786138,10.239378929138184,0.37255245162687883,0.3058892786502838
molecule,CT0723_A1_001,CT0723,Adalimumab,8.8,0,825.0,364,Platform unclear,0,Inflammation and autoimmunity,Subcutaneous,No,3,11.5038246744092,4.60173225402832,0.449707993724907,0.09257940202951431
molecule,CT0688_A7_001,CT0688,Adalimumab,47.3,1,55.0,365,ELISA,0,Inflammation and autoimmunity,Subcutaneous,No,3,17.810074178537942,8.385576248168945,0.46716248701444546,0.18812617659568787
molecule,CT0688_A6_001,CT0688,Adalimumab,38.8,1,98.0,365,ELISA,0,Inflammation and autoimmunity,Subcutaneous,No,3,17.96007035852401,7.824949264526367,0.456493500814916,0.17284861207008362
molecule,CT0602_A1_001,CT0602,Polatuzumab vedotin,0.0,0,24.0,574,Not reported,1,Cancer and neoplasms,Intravenous,No,4,3.955122804324999,4.578283309936523,0.28881407730292125,0.21555836498737335
molecule,CT0604_A1_001,CT0604,Bevacizumab,31.57894737,1,38.0,78,Not reported,1,Healthy Volunteer,Intravenous,Yes,5,4.985864573713268,4.801461696624756,0.28143578051777207,0.13409599661827087
molecule,CT0604_A2_001,CT0604,Bevacizumab,36.84210526,1,38.0,78,Not reported,1,Healthy Volunteer,Intravenous,No,5,2.985987470811851,1.982079029083252,0.16857667212914584,0.04409167170524597
molecule,CT0604_A3_001,CT0604,Bevacizumab,23.68421053,1,38.0,78,Not reported,1,Healthy Volunteer,Intravenous,No,5,2.985987470811851,1.982079029083252,0.16857667212914584,0.04409167170524597
molecule,CT0605_A1_001,CT0605,Ravulizumab,0.0,0,23.0,1092,Not reported,1,Neurological,Intravenous,No,5,1.6018888300916714,9.726478576660156,0.2842152010744851,0.3573492467403412
molecule,CT0606_A1_001,CT0606,Ixekizumab,13.5,1,74.0,112,Platform unclear,1,Inflammation and autoimmunity,Subcutaneous,No,4,8.691651084122011,14.036797523498535,0.5376207793668215,0.53094881772995
molecule,CT0607_A1_001,CT0607,Cetuximab,0.0,0,2.0,226,Not reported,0,Cancer and neoplasms,Intravenous,No,3,20.33510247038077,5.328314781188965,0.36951489845186714,0.2197588086128235
molecule,CT0608_A1_001,CT0608,Palivizumab,0.0,0,25.0,29,Platform unclear,1,Healthy Volunteer,Intravenous,No,5,3.895026441437951,3.415891170501709,0.1990657539079385,0.06519053131341934
molecule,CT0610_A1_001,CT0610,Bermekimab,27.3,1,33.0,105,Not reported,1,Inflammation and autoimmunity,Subcutaneous,No,4,7.020658960004773,4.474729537963867,0.42404358900801714,0.06414321064949036
molecule,CT0610_A2_001,CT0610,Bermekimab,5.3,0,19.0,217,Not reported,1,Inflammation and autoimmunity,Subcutaneous,No,4,5.213605903143075,3.8204798698425293,0.3550880180147822,0.14363744854927063
molecule,CT0660_A1_001,CT0660,Dupilumab,2.8,0,830.0,168,Platform unclear,0,Non-inflammatory skin diseases,Subcutaneous,No,5,6.571779791631551,9.823612213134766,0.37951157366763655,0.2566099464893341
molecule,CT0661_A1_001,CT0661,Trastuzumab emtansine,0.0,0,24.0,39,ELISA,1,Cancer and neoplasms,Intravenous,No,2,19.47963534634371,23.000595092773438,0.6448955417771454,0.5411814451217651
molecule,CT0661_A2_001,CT0661,Trastuzumab emtansine,0.0,0,27.0,210,ELISA,1,Cancer and neoplasms,Subcutaneous,No,2,13.957115726105503,16.5884952545166,0.5948319215774945,0.4785202443599701
molecule,CT0611_A1_001,CT0611,Pegvaliase,34.9,1,261.0,28,ECL/MSD,1,Metabolic and endocrine disorders,Subcutaneous,No,1,52.47718347464386,63.006805419921875,0.6151157197578021,0.6464400887489319
molecule,CT0611_A1_002,CT0611,Pegvaliase,98.0,1,261.0,56,ECL/MSD,1,Metabolic and endocrine disorders,Subcutaneous,No,1,52.415160498520954,62.01720428466797,0.6151157197578021,0.640519380569458
molecule,CT0611_A1_003,CT0611,Pegvaliase,99.5,1,261.0,84,ECL/MSD,1,Metabolic and endocrine disorders,Subcutaneous,No,1,52.48411192503577,60.81699752807617,0.6214579156479026,0.6334558725357056
molecule,CT0611_A1_004,CT0611,Pegvaliase,100.0,1,261.0,112,ECL/MSD,1,Metabolic and endocrine disorders,Subcutaneous,No,1,52.28750422412635,60.03880310058594,0.6304784893478805,0.625019907951355
molecule,CT0611_A1_005,CT0611,Pegvaliase,100.0,1,261.0,140,ECL/MSD,1,Metabolic and endocrine disorders,Subcutaneous,No,1,52.19739131972655,59.27647399902344,0.628243039741295,0.6223001480102539
molecule,CT0611_A1_006,CT0611,Pegvaliase,100.0,1,261.0,168,ECL/MSD,1,Metabolic and endocrine disorders,Subcutaneous,No,1,52.304524046804225,58.840763092041016,0.6324823291224939,0.6132559180259705
molecule,CT0611_A1_007,CT0611,Pegvaliase,100.0,1,261.0,252,ECL/MSD,1,Metabolic and endocrine disorders,Subcutaneous,No,1,52.395873389823116,56.940040588378906,0.6314836278116391,0.6002340316772461
molecule,CT0611_A1_008,CT0611,Pegvaliase,100.0,1,261.0,364,ECL/MSD,1,Metabolic and endocrine disorders,Subcutaneous,No,1,52.208032066044495,55.61492156982422,0.6355150591715077,0.5851767659187317
molecule,CT0611_A1_009,CT0611,Pegvaliase,100.0,1,261.0,728,ECL/MSD,1,Metabolic and endocrine disorders,Subcutaneous,No,1,51.87545449890356,51.99369812011719,0.6374117506755191,0.5515918135643005
molecule,CT0611_A1_010,CT0611,Pegvaliase,74.4,1,261.0,28,ECL/MSD,1,Metabolic and endocrine disorders,Subcutaneous,No,1,52.47718347464386,63.006805419921875,0.6151157197578021,0.6464400887489319
molecule,CT0611_A1_011,CT0611,Pegvaliase,98.4,1,261.0,56,ECL/MSD,1,Metabolic and endocrine disorders,Subcutaneous,No,1,52.415160498520954,62.01720428466797,0.6151157197578021,0.640519380569458
molecule,CT0611_A1_012,CT0611,Pegvaliase,98.6,1,261.0,84,ECL/MSD,1,Metabolic and endocrine disorders,Subcutaneous,No,1,52.48411192503577,60.81699752807617,0.6214579156479026,0.6334558725357056
molecule,CT0611_A1_013,CT0611,Pegvaliase,98.5,1,261.0,112,ECL/MSD,1,Metabolic and endocrine disorders,Subcutaneous,No,1,52.28750422412635,60.03880310058594,0.6304784893478805,0.625019907951355
molecule,CT0611_A1_014,CT0611,Pegvaliase,95.0,1,261.0,140,ECL/MSD,1,Metabolic and endocrine disorders,Subcutaneous,No,1,52.19739131972655,59.27647399902344,0.628243039741295,0.6223001480102539
molecule,CT0611_A1_015,CT0611,Pegvaliase,92.2,1,261.0,168,ECL/MSD,1,Metabolic and endocrine disorders,Subcutaneous,No,1,52.304524046804225,58.840763092041016,0.6324823291224939,0.6132559180259705
molecule,CT0611_A1_016,CT0611,Pegvaliase,87.5,1,261.0,252,ECL/MSD,1,Metabolic and endocrine disorders,Subcutaneous,No,1,52.395873389823116,56.940040588378906,0.6314836278116391,0.6002340316772461
molecule,CT0611_A1_017,CT0611,Pegvaliase,84.0,1,261.0,364,ECL/MSD,1,Metabolic and endocrine disorders,Subcutaneous,No,1,52.208032066044495,55.61492156982422,0.6355150591715077,0.5851767659187317
molecule,CT0611_A1_018,CT0611,Pegvaliase,83.5,1,261.0,728,ECL/MSD,1,Metabolic and endocrine disorders,Subcutaneous,No,1,51.87545449890356,51.99369812011719,0.6374117506755191,0.5515918135643005
molecule,CT0611_A1_019,CT0611,Pegvaliase,92.6,1,261.0,28,ECL/MSD,1,Metabolic and endocrine disorders,Subcutaneous,No,1,52.47718347464386,63.006805419921875,0.6151157197578021,0.6464400887489319
molecule,CT0611_A1_020,CT0611,Pegvaliase,96.3,1,261.0,56,ECL/MSD,1,Metabolic and endocrine disorders,Subcutaneous,No,1,52.415160498520954,62.01720428466797,0.6151157197578021,0.640519380569458
molecule,CT0611_A1_021,CT0611,Pegvaliase,65.0,1,261.0,84,ECL/MSD,1,Metabolic and endocrine disorders,Subcutaneous,No,1,52.48411192503577,60.81699752807617,0.6214579156479026,0.6334558725357056
molecule,CT0611_A1_022,CT0611,Pegvaliase,59.8,1,261.0,112,ECL/MSD,1,Metabolic and endocrine disorders,Subcutaneous,No,1,52.28750422412635,60.03880310058594,0.6304784893478805,0.625019907951355
molecule,CT0611_A1_023,CT0611,Pegvaliase,47.0,1,261.0,140,ECL/MSD,1,Metabolic and endocrine disorders,Subcutaneous,No,1,52.19739131972655,59.27647399902344,0.628243039741295,0.6223001480102539
molecule,CT0611_A1_024,CT0611,Pegvaliase,41.5,1,261.0,168,ECL/MSD,1,Metabolic and endocrine disorders,Subcutaneous,No,1,52.304524046804225,58.840763092041016,0.6324823291224939,0.6132559180259705
molecule,CT0611_A1_025,CT0611,Pegvaliase,28.6,1,261.0,252,ECL/MSD,1,Metabolic and endocrine disorders,Subcutaneous,No,1,52.395873389823116,56.940040588378906,0.6314836278116391,0.6002340316772461
molecule,CT0611_A1_026,CT0611,Pegvaliase,14.8,1,261.0,364,ECL/MSD,1,Metabolic and endocrine disorders,Subcutaneous,No,1,52.208032066044495,55.61492156982422,0.6355150591715077,0.5851767659187317
molecule,CT0611_A1_027,CT0611,Pegvaliase,3.4,0,261.0,728,ECL/MSD,1,Metabolic and endocrine disorders,Subcutaneous,No,1,51.87545449890356,51.99369812011719,0.6374117506755191,0.5515918135643005
molecule,CT0611_A1_028,CT0611,Pegvaliase,86.4,1,261.0,28,ECL/MSD,1,Metabolic and endocrine disorders,Subcutaneous,No,1,52.47718347464386,63.006805419921875,0.6151157197578021,0.6464400887489319
molecule,CT0611_A1_029,CT0611,Pegvaliase,96.3,1,261.0,56,ECL/MSD,1,Metabolic and endocrine disorders,Subcutaneous,No,1,52.415160498520954,62.01720428466797,0.6151157197578021,0.640519380569458
molecule,CT0611_A1_030,CT0611,Pegvaliase,91.3,1,261.0,84,ECL/MSD,1,Metabolic and endocrine disorders,Subcutaneous,No,1,52.48411192503577,60.81699752807617,0.6214579156479026,0.6334558725357056
molecule,CT0611_A1_031,CT0611,Pegvaliase,87.2,1,261.0,112,ECL/MSD,1,Metabolic and endocrine disorders,Subcutaneous,No,1,52.28750422412635,60.03880310058594,0.6304784893478805,0.625019907951355
molecule,CT0611_A1_032,CT0611,Pegvaliase,82.6,1,261.0,140,ECL/MSD,1,Metabolic and endocrine disorders,Subcutaneous,No,1,52.19739131972655,59.27647399902344,0.628243039741295,0.6223001480102539
molecule,CT0611_A1_033,CT0611,Pegvaliase,76.6,1,261.0,168,ECL/MSD,1,Metabolic and endocrine disorders,Subcutaneous,No,1,52.304524046804225,58.840763092041016,0.6324823291224939,0.6132559180259705
molecule,CT0611_A1_034,CT0611,Pegvaliase,67.9,1,261.0,252,ECL/MSD,1,Metabolic and endocrine disorders,Subcutaneous,No,1,52.395873389823116,56.940040588378906,0.6314836278116391,0.6002340316772461
molecule,CT0611_A1_035,CT0611,Pegvaliase,59.7,1,261.0,364,ECL/MSD,1,Metabolic and endocrine disorders,Subcutaneous,No,1,52.208032066044495,55.61492156982422,0.6355150591715077,0.5851767659187317
molecule,CT0611_A1_036,CT0611,Pegvaliase,57.1,1,261.0,728,ECL/MSD,1,Metabolic and endocrine disorders,Subcutaneous,No,1,51.87545449890356,51.99369812011719,0.6374117506755191,0.5515918135643005
molecule,CT0612_A1_001,CT0612,Pegvaliase,37.5,1,64.0,168,Platform unclear,1,Metabolic and endocrine disorders,Subcutaneous,No,1,52.82008485693,66.21135711669922,0.6581931814677728,0.7239522933959961
molecule,CT0612_A1_002,CT0612,Pegvaliase,23.3,1,60.0,364,Platform unclear,1,Metabolic and endocrine disorders,Subcutaneous,No,1,52.247718349440184,62.786582946777344,0.6669906039200854,0.6937189698219299
molecule,CT0612_A1_003,CT0612,Pegvaliase,4.2,0,48.0,728,Platform unclear,1,Metabolic and endocrine disorders,Subcutaneous,No,1,52.346266163050835,60.28034210205078,0.6679249621798989,0.6713942885398865
molecule,CT0612_A1_004,CT0612,Pegvaliase,15.6,1,45.0,1092,Platform unclear,1,Metabolic and endocrine disorders,Subcutaneous,No,1,51.90657144602938,56.487884521484375,0.6535568233230359,0.6491243243217468
molecule,CT0612_A1_005,CT0612,Pegvaliase,98.4,1,64.0,168,Platform unclear,1,Metabolic and endocrine disorders,Subcutaneous,No,1,52.82008485693,66.21135711669922,0.6581931814677728,0.7239522933959961
molecule,CT0612_A1_007,CT0612,Pegvaliase,100.0,1,60.0,364,Platform unclear,1,Metabolic and endocrine disorders,Subcutaneous,No,1,52.247718349440184,62.786582946777344,0.6669906039200854,0.6937189698219299
molecule,CT0612_A1_008,CT0612,Pegvaliase,100.0,1,48.0,728,Platform unclear,1,Metabolic and endocrine disorders,Subcutaneous,No,1,52.346266163050835,60.28034210205078,0.6679249621798989,0.6713942885398865
molecule,CT0612_A1_010,CT0612,Pegvaliase,100.0,1,45.0,1092,Platform unclear,0,Metabolic and endocrine disorders,Subcutaneous,No,1,52.43138193080706,52.86623764038086,0.6729120257963311,0.6244032979011536
molecule,CT0281_A1_001,CT0281,Moxetumomab pasudotox,87.5,1,80.0,168,ECL/MSD,1,Cancer and neoplasms,Intravenous,No,3,20.891845053409305,29.300662994384766,0.5050990693256407,0.49847206473350525
molecule,CT0662_A1_001,CT0662,Pegvaliase,98.0,1,270.0,210,Platform unclear,0,Metabolic and endocrine disorders,Subcutaneous,No,1,51.96306451869717,48.34804916381836,0.6805756157692952,0.6408263444900513
molecule,CT0662_A1_002,CT0662,Pegvaliase,67.0,1,171.0,1080,Platform unclear,0,Metabolic and endocrine disorders,Subcutaneous,No,1,51.61548869675389,41.89390182495117,0.6641617557661883,0.5896410942077637
molecule,CT0662_A1_003,CT0662,Pegvaliase,99.0,1,227.0,120,Platform unclear,0,Metabolic and endocrine disorders,Subcutaneous,No,1,51.81584257846179,51.04241943359375,0.672355025263795,0.6642051935195923
molecule,CT0662_A1_004,CT0662,Pegvaliase,98.0,1,284.0,90,Platform unclear,0,Metabolic and endocrine disorders,Subcutaneous,No,1,51.98382816468048,50.933799743652344,0.6681344787678033,0.664408266544342
molecule,CT0662_A1_005,CT0662,Pegvaliase,98.0,1,284.0,90,Platform unclear,0,Metabolic and endocrine disorders,Subcutaneous,No,1,51.98382816468048,50.933799743652344,0.6681344787678033,0.664408266544342
molecule,CT0663_A1_001,CT0663,Moxetumomab pasudotox,65.0,1,26.0,56,ELISA,1,Cancer and neoplasms,Intravenous,No,3,44.53362655518605,66.71669006347656,0.773357179745425,0.7662776112556458
molecule,CT0664_A1_001,CT0664,Alglucosidase alfa,89.0,1,38.0,742,Platform unclear,1,Unspecified,Intravenous,No,3,23.988431610022882,23.070268630981445,0.6262833939784027,0.3412875235080719
molecule,CT0711_A1_001,CT0711,Alglucosidase alfa,100.0,1,59.0,546,Platform unclear,1,Unspecified,Intravenous,No,3,24.223090509488234,21.648174285888672,0.6342830874321925,0.33941224217414856
molecule,CT0614_A1_001,CT0614,Idursulfase,76.9,1,17.0,763,Multiple platforms,1,Unspecified,Intravenous,No,5,45.57228222952516,56.44181823730469,0.7748018527910648,0.6391658782958984
molecule,CT0614_A1_002,CT0614,Idursulfase,23.1,1,9.0,763,Multiple platforms,1,Unspecified,Intravenous,No,5,46.10274492217899,53.75358963012695,0.7718121944539375,0.6200854778289795
molecule,CT0615_A1_001,CT0615,Agalsidase alfa,24.0,1,,365,Platform unclear,1,Unspecified,Intravenous,No,4,60.42863079815287,48.37680435180664,0.7682880212073983,0.5131988525390625
molecule,CT0615_A2_001,CT0615,Agalsidase alfa,7.0,0,,365,Platform unclear,1,Unspecified,Intravenous,No,4,60.42863079815287,48.37680435180664,0.7682880212073983,0.5131988525390625
molecule,CT0712_A1_002,CT0712,Denileukin difitox,66.0,1,131.0,21,Platform unclear,1,Cancer and neoplasms,Intravenous,No,2,52.53250444609399,40.03125,0.7837716482201909,0.6037892699241638
molecule,CT0712_A1_003,CT0712,Denileukin difitox,97.0,1,131.0,63,Platform unclear,1,Cancer and neoplasms,Intravenous,No,2,50.941765591749956,38.21710968017578,0.781206614683211,0.6020790934562683
molecule,CT0304_A4_001,CT0304,Bococizumab,46.7,1,1046.0,364,Platform unclear,1,Cardiovascular,Subcutaneous,No,1,6.7675574506360014,2.061817169189453,0.25050651295319504,0.10593175888061523
molecule,CT0351_A2_001,CT0351,Bococizumab,49.3,1,72.0,168,Platform unclear,1,Cardiovascular,Subcutaneous,No,1,5.387528119873963,2.335587501525879,0.2922358043472587,0.10322147607803345
molecule,CT0412_A3_001,CT0412,Bococizumab,39.2,1,97.0,84,Platform unclear,1,Cardiovascular,Subcutaneous,No,1,2.637098743424114,1.998110294342041,0.19447239219102766,0.10411249101161957
molecule,CT0412_A4_001,CT0412,Bococizumab,22.2,1,99.0,84,Platform unclear,1,Cardiovascular,Subcutaneous,No,1,5.436316238564951,2.1078267097473145,0.24925781836140098,0.09371475875377655
molecule,CT0618_A1_001,CT0618,Evolocumab,0.2,0,484.0,532,Platform unclear,1,Cardiovascular,Subcutaneous,No,2,45.47291601364902,43.31415557861328,0.5433078299864603,0.6722449660301208
molecule,CT0620_A1_001,CT0620,Evolocumab,0.9,0,115.0,84,Platform unclear,1,Cardiovascular,Subcutaneous,No,2,24.564123223622833,34.47012710571289,0.6201948316119529,0.7686299085617065
molecule,CT0621_A1_001,CT0621,Evolocumab,0.0,0,74.0,364,Platform unclear,1,Cardiovascular,Subcutaneous,No,2,43.85159478877663,39.266571044921875,0.6046003330807145,0.708859384059906
molecule,CT0621_A2_001,CT0621,Evolocumab,0.0,0,254.0,364,Platform unclear,1,Cardiovascular,Subcutaneous,No,2,42.73951617685231,39.368404388427734,0.5415046300245155,0.6874547004699707
molecule,CT0621_A3_001,CT0621,Evolocumab,0.7,0,145.0,364,Platform unclear,1,Cardiovascular,Subcutaneous,No,2,42.976812708837834,37.84185791015625,0.5520332999602545,0.6751357913017273
molecule,CT0621_A4_001,CT0621,Evolocumab,0.8,0,126.0,364,Platform unclear,1,Cardiovascular,Subcutaneous,No,2,42.91801672972441,37.72724914550781,0.5554741730569662,0.6785029768943787
molecule,CT0622_A1_001,CT0622,Evolocumab,0.5,0,202.0,84,Platform unclear,1,Cardiovascular,Subcutaneous,No,2,26.403044913907067,36.01580047607422,0.6056034726748015,0.7441929578781128
molecule,CT0624_A1_001,CT0624,Evolocumab,0.0,0,110.0,84,Platform unclear,1,Cardiovascular,Subcutaneous,No,2,23.729986206210004,35.75281524658203,0.6302823253971369,0.7423383593559265
molecule,CT0624_A2_001,CT0624,Evolocumab,0.0,0,110.0,84,Platform unclear,1,Cardiovascular,Subcutaneous,No,2,23.12793542812499,35.760406494140625,0.5853505930651711,0.7273265719413757
molecule,CT0625_A1_001,CT0625,Evolocumab,0.0,0,103.0,84,Platform unclear,1,Cardiovascular,Subcutaneous,No,2,23.807149249705482,35.813568115234375,0.6388413686340034,0.7485558986663818
molecule,CT0625_A2_001,CT0625,Evolocumab,0.0,0,102.0,84,Platform unclear,1,Cardiovascular,Subcutaneous,No,2,23.20509847162047,35.4996452331543,0.5919115128718513,0.7301616668701172
molecule,CT0626_A1_001,CT0626,Evolocumab,0.7,0,145.0,168,Platform unclear,1,Cardiovascular,Subcutaneous,No,2,23.14100860801811,36.036415100097656,0.5441791240770012,0.6970605850219727
molecule,CT0627_A1_001,CT0627,Evolocumab,0.0,0,33.0,84,Platform unclear,1,Cardiovascular,Subcutaneous,No,2,21.137603959152823,40.54273223876953,0.6086797330026266,0.789462685585022
molecule,CT0628_A1_001,CT0628,Evolocumab,1.0,0,106.0,1825,Platform unclear,1,Cardiovascular,Subcutaneous,No,2,46.675211530520556,43.4561767578125,0.5936410810453457,0.6354599595069885
molecule,CT0630_A1_001,CT0630,Nivolumab,19.3,1,109.0,100,ECL/MSD,1,Cancer and neoplasms,Intravenous,No,1,7.147544422477122,9.874835968017578,0.35649041873571596,0.28176072239875793
molecule,CT0631_A1_001,CT0631,Nivolumab,10.1,1,227.0,100,ECL/MSD,1,Cancer and neoplasms,Intravenous,No,1,6.786779022971271,8.190162658691406,0.3394726464852002,0.2502763271331787
molecule,CT0632_A1_001,CT0632,Nivolumab,17.1,1,251.0,100,ECL/MSD,1,Cancer and neoplasms,Intravenous,No,1,6.823842309808549,8.199511528015137,0.33775939383242365,0.2440865933895111
molecule,CT0633_A1_001,CT0633,Nivolumab,11.5,1,104.0,100,ECL/MSD,1,Cancer and neoplasms,Intravenous,No,1,7.147544422477122,9.808244705200195,0.3583960224522441,0.28483080863952637
molecule,CT0634_A1_001,CT0634,Nivolumab,5.6,0,107.0,100,ECL/MSD,1,Cancer and neoplasms,Intravenous,No,1,7.147544422477122,10.08433723449707,0.35649041873571596,0.2814677357673645
molecule,CT0635_A1_001,CT0635,Nivolumab,11.5,1,288.0,100,ECL/MSD,1,Cancer and neoplasms,Intravenous,No,1,7.206260842890657,7.87494421005249,0.33984658884446955,0.23732170462608337
molecule,CT0639_A1_001,CT0639,Cemiplimab,0.0,0,13.0,756,ECL/MSD,1,Cancer and neoplasms,Intravenous,No,1,7.288379291362092,11.198568344116211,0.3738117075852631,0.3890570104122162
molecule,CT0640_A1_001,CT0640,Avelumab,0.0,0,3.0,1023,ECL/MSD,1,Cancer and neoplasms,Intravenous,No,4,17.420742318157206,5.811542510986328,0.5151843442292098,0.1958952695131302
molecule,CT0640_A2_001,CT0640,Avelumab,15.4,1,13.0,1023,ECL/MSD,1,Cancer and neoplasms,Intravenous,No,4,15.064630041851126,5.760532379150391,0.5170385940294284,0.1618221551179886
molecule,CT0640_A3_001,CT0640,Avelumab,0.0,0,9.0,1023,ECL/MSD,1,Cancer and neoplasms,Intravenous,No,4,15.627402159549693,4.818645477294922,0.4974267975451959,0.1543857455253601
molecule,CT0640_A4_001,CT0640,Avelumab,0.0,0,20.0,1023,ECL/MSD,1,Cancer and neoplasms,Intravenous,No,4,15.227768803390626,4.5094404220581055,0.5080830617087119,0.1464342176914215
molecule,CT0640_A5_001,CT0640,Avelumab,3.6,0,1291.0,2023,ECL/MSD,1,Cancer and neoplasms,Intravenous,No,4,17.507032133768845,5.4031524658203125,0.5197731923720647,0.12725436687469482
molecule,CT0297_A4_001,CT0297,Avelumab,18.4,1,38.0,1096,Platform unclear,1,Cancer and neoplasms,Intravenous,No,4,14.631331265848793,4.117094993591309,0.4843440888475705,0.12300339341163635
molecule,CT0354_A3_001,CT0354,Avelumab,3.7,0,82.0,560,ECL/MSD,1,Cancer and neoplasms,Intravenous,No,4,14.710712369899799,5.701963424682617,0.5198690225382216,0.13478533923625946
molecule,CT0354_A3_002,CT0354,Avelumab,7.3,0,110.0,1127,ECL/MSD,1,Cancer and neoplasms,Intravenous,No,4,13.711729143458054,5.723271369934082,0.5118643469826648,0.12795329093933105
molecule,CT0354_A3_003,CT0354,Avelumab,7.3,0,110.0,1127,ECL/MSD,1,Cancer and neoplasms,Intravenous,No,4,13.711729143458054,5.723271369934082,0.5118643469826648,0.12795329093933105
molecule,CT0641_A1_001,CT0641,Durvalumab,2.9,0,1570.0,360,Platform unclear,1,Cancer and neoplasms,Intravenous,No,5,13.503190054260939,18.801902770996094,0.5758675517348762,0.5262303352355957
molecule,CT0643_A1_001,CT0643,Dupilumab,11.7,1,84.0,252,Platform unclear,0,Non-inflammatory skin diseases,Subcutaneous,No,5,7.166571803620872,12.559561729431152,0.43251988802331415,0.31506502628326416
molecule,CT0643_A2_001,CT0643,Dupilumab,6.0,0,86.0,252,Platform unclear,0,Non-inflammatory skin diseases,Subcutaneous,No,5,7.119783663916034,12.661657333374023,0.43370052117042773,0.3226853907108307
molecule,CT0643_A3_001,CT0643,Dupilumab,4.3,0,,252,Platform unclear,0,Non-inflammatory skin diseases,Subcutaneous,No,5,8.002997240440852,14.772371292114258,0.4343999816853327,0.29746174812316895
molecule,CT0643_A4_001,CT0643,Dupilumab,1.2,0,,252,Platform unclear,0,Non-inflammatory skin diseases,Subcutaneous,No,5,8.002997240440852,14.772371292114258,0.4343999816853327,0.29746174812316895
molecule,CT0610_A3_001,CT0610,Bermekimab,9.1,0,22.0,217,Not reported,1,Inflammation and autoimmunity,Subcutaneous,No,4,5.557508348463186,3.978337049484253,0.35736745518972063,0.14284873008728027
molecule,CT0610_A4_001,CT0610,Bermekimab,0.0,0,3.0,217,Not reported,1,Inflammation and autoimmunity,Subcutaneous,No,4,5.205370697938782,3.3060286045074463,0.34845804049843504,0.17550159990787506
molecule,CT0610_A5_001,CT0610,Bermekimab,40.0,1,5.0,217,Not reported,1,Inflammation and autoimmunity,Subcutaneous,No,4,5.1640921986605015,7.071702003479004,0.36409457127666867,0.21297678351402283
molecule,CT0644_A1_001,CT0644,Ravulizumab,0.0,0,4.0,150,Not reported,1,Healthy Volunteer,Intravenous,No,5,2.9932791175576483,4.891425132751465,0.22964351258718324,0.2522418200969696
molecule,CT0644_A2_001,CT0644,Ravulizumab,0.0,0,6.0,150,Not reported,1,Healthy Volunteer,Intravenous,No,5,3.0654887959010684,5.219141006469727,0.23056329960861774,0.2591611444950104
molecule,CT0645_A1_001,CT0645,Ravulizumab,0.0,0,6.0,309,Not reported,1,Healthy Volunteer,Intravenous,No,5,2.9257581876858287,9.081924438476562,0.28750074015006416,0.32924652099609375
molecule,CT0645_A2_001,CT0645,Ravulizumab,0.0,0,6.0,309,Not reported,1,Healthy Volunteer,Intravenous,No,5,3.282291102104452,6.425929546356201,0.2598435213578361,0.2859833538532257
molecule,CT0646_A1_001,CT0646,Ravulizumab,12.5,1,24.0,200,Not reported,1,Healthy Volunteer,Subcutaneous,No,5,10.677341324257059,11.527234077453613,0.4721971692797334,0.33738550543785095
molecule,CT0646_A2_001,CT0646,Ravulizumab,8.3,0,12.0,200,Not reported,1,Healthy Volunteer,Intravenous,No,5,2.7719839463783797,7.726304531097412,0.2673600816923857,0.278348445892334
molecule,CT0647_A3_001,CT0647,Trastuzumab emtansine,4.3,0,24.0,1155,ECL/MSD,1,Cancer and neoplasms,Intravenous,No,2,3.222505831812937,11.537607192993164,0.3922398017555142,0.4599033296108246
molecule,CT0647_A4_001,CT0647,Trastuzumab emtansine,0.0,0,28.0,1155,ECL/MSD,1,Cancer and neoplasms,Intravenous,No,2,3.410524701217924,12.61025333404541,0.4417052853377871,0.48215168714523315
molecule,CT0648_A1_002,CT0648,Pertuzumab,3.504672897,0,214.0,1410,Platform unclear,1,Cancer and neoplasms,Intravenous,No,3,10.64177211045746,5.336103439331055,0.35863081168862176,0.2589108645915985
molecule,CT0648_A1_004,CT0648,Pertuzumab,6.858638743,0,191.0,1410,Platform unclear,1,Cancer and neoplasms,Intravenous,No,3,10.65194239516755,5.28031063079834,0.3562175196896844,0.25790703296661377
molecule,CT0648_A2_002,CT0648,Trastuzumab emtansine,7.5,0,214.0,1429,Platform unclear,1,Cancer and neoplasms,Intravenous,No,2,3.968350143630686,7.743625640869141,0.3324421822957301,0.3251434564590454
molecule,CT0648_A2_004,CT0648,Trastuzumab emtansine,13.1,1,191.0,1429,Platform unclear,1,Cancer and neoplasms,Intravenous,No,2,3.977220554137998,7.26961088180542,0.3316748012835358,0.30693337321281433
molecule,CT0649_A1_001,CT0649,Trastuzumab emtansine,3.0,0,33.0,608,Not reported,1,Cancer and neoplasms,Intravenous,No,2,3.386500468104488,9.761601448059082,0.36840041111549143,0.4667693078517914
molecule,CT0651_A1_001,CT0651,Atezolizumab,18.3,1,131.0,1216,Platform unclear,1,Cancer and neoplasms,Intravenous,No,3,8.735571190145793,5.070797443389893,0.2776095462490153,0.12962821125984192
molecule,CT0651_A1_002,CT0651,Trastuzumab emtansine,2.3,0,129.0,1216,Platform unclear,1,Cancer and neoplasms,Intravenous,No,2,6.402948389061465,10.437152862548828,0.4261884119854043,0.4392119348049164
molecule,CT0651_A2_001,CT0651,Trastuzumab emtansine,0.0,0,60.0,1216,Platform unclear,1,Cancer and neoplasms,Intravenous,No,2,2.823529974927869,9.37895393371582,0.3597854681436299,0.4182072877883911
molecule,CT0587_A3_001,CT0587,Bevacizumab,0.0,0,38.0,0,Not reported,1,Healthy Volunteer,Intravenous,No,5,5.02121052958547,14.046836853027344,0.16569378896042902,0.057387612760066986
molecule,CT0654_A1_001,CT0654,Brentuximab vedotin,17.24683544303797,1,632.0,365,Not reported,1,Cancer and neoplasms,Intravenous,No,4,7.858610670278666,6.845818519592285,0.3572426072855535,0.3083342909812927
molecule,CT0655_A1_001,CT0655,Brentuximab vedotin,10.0,1,10.0,366,Not reported,1,Cancer and neoplasms,Intravenous,No,4,3.902565317259689,4.576631546020508,0.2612388459667771,0.23222656548023224
molecule,CT0655_A2_001,CT0655,Brentuximab vedotin,0.0,0,10.0,366,Not reported,1,Cancer and neoplasms,Intravenous,No,4,7.435613595092918,5.764505386352539,0.32119665462752894,0.31199461221694946
molecule,CT0655_A1_002,CT0655,Brentuximab vedotin,20.0,1,10.0,366,Not reported,0,Cancer and neoplasms,Intravenous,No,4,4.40490572656947,5.440135478973389,0.2696244109237513,0.23535321652889252
molecule,CT0655_A2_002,CT0655,Brentuximab vedotin,20.0,1,10.0,366,Not reported,0,Cancer and neoplasms,Intravenous,No,4,7.642601071351904,8.13536262512207,0.3102032723125994,0.3211897611618042
molecule,CT0656_A1_002,CT0656,Brentuximab vedotin,0.0,0,8.0,1460,Not reported,0,Cancer and neoplasms,Intravenous,No,4,5.7946403836089635,11.22259521484375,0.3066559816288103,0.31408679485321045
molecule,CT0713_A1_001,CT0713,Infliximab,16.4,1,73.0,364,Platform unclear,0,Inflammation and autoimmunity,Intravenous,No,5,27.734881791748183,13.994743347167969,0.500079004280978,0.268158495426178
molecule,CT0714_A1_001,CT0714,Infliximab,20.0,1,50.0,434,Platform unclear,0,Inflammation and autoimmunity,Intravenous,No,5,27.737306538817297,15.329419136047363,0.4854631240167951,0.27723073959350586
molecule,CT0716_A1_001,CT0716,Infliximab,28.0,1,76.0,210,Platform unclear,0,Inflammation and autoimmunity,Intravenous,No,5,27.148733711904338,14.139665603637695,0.4901637366467245,0.27207401394844055
molecule,CT0716_A2_001,CT0716,Infliximab,20.0,1,87.0,210,Platform unclear,0,Inflammation and autoimmunity,Intravenous,Yes,5,23.03222571853994,29.63365364074707,0.5905520963257697,0.5494873523712158
molecule,CT0717_A1_001,CT0717,Infliximab,26.5,1,264.0,462,Platform unclear,0,Inflammation and autoimmunity,Intravenous,No,5,27.003216222192403,9.920681953430176,0.4386462227011834,0.2204941362142563
molecule,CT0718_A1_001,CT0718,Infliximab,29.7,1,64.0,434,Platform unclear,0,Inflammation and autoimmunity,Intravenous,No,5,27.854601678530663,14.205001831054688,0.48850341226434113,0.2696865200996399
molecule,CT0719_A2_001,CT0719,Infliximab,30.0,1,20.0,336,ELISA,0,Inflammation and autoimmunity,Intravenous,No,5,27.001782932349357,22.314727783203125,0.4787943103212034,0.5174031853675842
molecule,CT0721_A1_001,CT0721,Infliximab,36.0,1,137.0,350,Platform unclear,0,Inflammation and autoimmunity,Intravenous,No,5,27.418192020418452,11.294893264770508,0.4638303171163883,0.25774362683296204
molecule,CT0721_A2_001,CT0721,Infliximab,42.0,1,142.0,350,Platform unclear,1,Inflammation and autoimmunity,Intravenous,No,5,27.544094893500162,11.256908416748047,0.4407849406408148,0.30737778544425964
molecule,CT0721_A3_001,CT0721,Infliximab,52.0,1,134.0,350,Platform unclear,1,Inflammation and autoimmunity,Intravenous,No,5,27.544094893500162,11.388288497924805,0.44375990231773427,0.30996379256248474
molecule,CT0721_A4_001,CT0721,Infliximab,46.0,1,130.0,350,Platform unclear,1,Inflammation and autoimmunity,Intravenous,No,5,27.544094893500162,11.7801513671875,0.4464646362372312,0.3196743428707123
molecule,CT0736_A1_001,CT0736,Infliximab,15.0,1,,182,Other ligand-binding assay,0,Inflammation and autoimmunity,Intravenous,No,5,25.1762550129497,13.350679397583008,0.4944102714654818,0.33401647210121155
molecule,CT0736_A2_001,CT0736,Infliximab,7.0,0,,182,Other ligand-binding assay,0,Inflammation and autoimmunity,Intravenous,No,5,25.182809232964566,12.659814834594727,0.4709566834546639,0.3179627060890198
molecule,CT0736_A3_001,CT0736,Infliximab,0.0,0,,182,Other ligand-binding assay,0,Inflammation and autoimmunity,Intravenous,No,5,24.737311023633872,11.636909484863281,0.46499095613860497,0.2867128849029541
molecule,CT0748_A1_001,CT0748,Infliximab,73.0,1,59.0,322,ELISA,0,Inflammation and autoimmunity,Intravenous,No,5,27.708885020406477,22.358928680419922,0.49859524760127544,0.43311524391174316
molecule,CT0748_A2_001,CT0748,Infliximab,44.0,1,50.0,322,ELISA,0,Inflammation and autoimmunity,Intravenous,Yes,5,22.895468011388797,29.652727127075195,0.5722200035580794,0.5210895538330078
molecule,CT0748_A3_001,CT0748,Infliximab,48.0,1,65.0,322,ELISA,0,Inflammation and autoimmunity,Intravenous,Yes,5,22.922358144676153,28.79790687561035,0.5667646427222475,0.5294451117515564
molecule,CT0737_A1_001,CT0737,Infliximab,43.0,1,56.0,84,ELISA,0,Inflammation and autoimmunity,Intravenous,No,5,25.16621080300368,15.551135063171387,0.44218556337571546,0.377424031496048
molecule,CT0742_A1_001,CT0742,Infliximab,15.0,1,224.0,378,Platform unclear,0,Inflammation and autoimmunity,Intravenous,No,5,25.34525508059368,8.990907669067383,0.41650227384949207,0.2611086964607239
molecule,CT0753_A1_001,CT0753,Infliximab,4.0,0,27.0,378,Platform unclear,0,Inflammation and autoimmunity,Intravenous,No,5,26.21837284447742,13.312780380249023,0.448668387920418,0.33900216221809387
molecule,CT0753_A2_001,CT0753,Infliximab,13.0,1,46.0,378,Platform unclear,0,Inflammation and autoimmunity,Intravenous,No,5,26.060897627764284,11.24932861328125,0.4474460380280297,0.288723886013031
molecule,CT0753_A3_001,CT0753,Infliximab,11.0,1,62.0,378,Platform unclear,0,Inflammation and autoimmunity,Intravenous,No,5,26.119188255303644,10.48633098602295,0.44644015978370516,0.2824287414550781
molecule,CT0753_A4_001,CT0753,Infliximab,24.0,1,123.0,378,Platform unclear,0,Inflammation and autoimmunity,Intravenous,No,5,25.89149065513487,12.195585250854492,0.45506029515438245,0.2952304482460022
molecule,CT0736_A1_002,CT0736,Infliximab,53.0,1,,182,Other ligand-binding assay,0,Inflammation and autoimmunity,Intravenous,No,5,25.27335852110631,15.15748119354248,0.4982317727307928,0.35181325674057007
molecule,CT0736_A2_002,CT0736,Infliximab,21.0,1,,182,Other ligand-binding assay,0,Inflammation and autoimmunity,Intravenous,No,5,25.36931607088405,14.771095275878906,0.4862502824307837,0.3343946933746338
molecule,CT0736_A3_002,CT0736,Infliximab,7.0,0,,182,Other ligand-binding assay,0,Inflammation and autoimmunity,Intravenous,No,5,24.914929483525547,13.41567611694336,0.48064451523873153,0.3018101453781128
molecule,CT0737_A1_002,CT0737,Infliximab,75.0,1,69.0,84,ELISA,0,Inflammation and autoimmunity,Intravenous,No,5,25.102682731866697,15.410837173461914,0.4450885939346378,0.4366550147533417
molecule,CT0742_A1_002,CT0742,Infliximab,14.0,1,442.0,378,Platform unclear,0,Inflammation and autoimmunity,Intravenous,No,5,25.802791019153265,8.812549591064453,0.4317761365893536,0.20942746102809906
molecule,CT0743_A1_001,CT0743,Infliximab,29.0,1,38.0,378,Platform unclear,0,Inflammation and autoimmunity,Intravenous,No,5,28.00319310264112,16.438602447509766,0.49344858288396126,0.30305007100105286
molecule,CT0688_A1_001,CT0688,Infliximab,20.0,1,15.0,365,ELISA,0,Inflammation and autoimmunity,Intravenous,No,5,28.573461474639142,25.38518524169922,0.4972978517147467,0.4927457273006439
molecule,CT0688_A2_001,CT0688,Infliximab,15.0,1,86.0,365,ELISA,0,Inflammation and autoimmunity,Intravenous,No,5,27.798776305753055,21.225635528564453,0.5018342946162392,0.42317476868629456
molecule,CT0752_A1_002,CT0752,Adalimumab,0.0,0,84.0,392,Platform unclear,0,Inflammation and autoimmunity,Subcutaneous,No,3,8.465952676574997,6.213096618652344,0.465151110493437,0.1551417112350464
molecule,CT0750_A1_001,CT0750,Adalimumab,2.6,0,269.0,392,Platform unclear,0,Inflammation and autoimmunity,Subcutaneous,No,3,8.202109973933712,5.738987922668457,0.43025420945807497,0.1225108802318573
molecule,CT0107_A1_001,CT0107,Adalimumab,24.0,1,25.0,420,Platform unclear,1,Inflammation and autoimmunity,Subcutaneous,No,3,6.765465798255395,5.022529125213623,0.25422043519663573,0.15448319911956787
molecule,CT0369_A1_002,CT0369,Adalimumab,61.7,1,366.0,545,ECL/MSD,0,Inflammation and autoimmunity,Subcutaneous,Yes,3,11.97997302816736,14.600910186767578,0.5010001488396382,0.44622647762298584
molecule,CT0369_A2_002,CT0369,Adalimumab,59.1,1,362.0,545,ECL/MSD,0,Inflammation and autoimmunity,Subcutaneous,No,3,7.628984509089479,6.942272663116455,0.3425607141921484,0.26192066073417664
molecule,CT0214_A1_001,CT0214,Adalimumab,0.1,0,1025.0,546,Not reported,1,Inflammation and autoimmunity,Subcutaneous,No,3,9.581366118792443,3.5937271118164062,0.3543739916396893,0.17050355672836304
molecule,CT0380_A1_001,CT0380,Adalimumab,7.3,0,150.0,2142,Platform unclear,1,Inflammation and autoimmunity,Subcutaneous,No,3,10.61597525625678,12.932731628417969,0.4181346505968259,0.3571966886520386
molecule,CT0003_A1_001,CT0003,Adalimumab,1.9,0,590.0,2240,Platform unclear,1,Inflammation and autoimmunity,Subcutaneous,No,3,8.321784697312554,4.130312919616699,0.27124223539805636,0.10200487822294235
molecule,CT0725B_A1_001,CT0725B,Etanercept,2.7,0,549.0,168,ELISA,0,Inflammation and autoimmunity,Subcutaneous,No,3,28.26530516180712,9.131709098815918,0.5373547220799143,0.3340049088001251
molecule,CT0726_A1_001,CT0726,Etanercept,4.7,0,297.0,168,ELISA,0,Inflammation and autoimmunity,Subcutaneous,No,3,28.07395932115238,11.393027305603027,0.5449839700619228,0.3559816777706146
molecule,CT0727_A1_001,CT0727,Etanercept,1.7,0,486.0,168,ELISA,0,Inflammation and autoimmunity,Subcutaneous,No,3,28.26530516180712,9.257566452026367,0.5378107481385461,0.3395282030105591
molecule,CT0728_A1_001,CT0728,Etanercept,18.3,1,591.0,336,ELISA,0,Inflammation and autoimmunity,Subcutaneous,No,3,28.227774461358138,8.913775444030762,0.5391482783955727,0.33462658524513245
molecule,CT0688_A3_001,CT0688,Etanercept,3.6,0,84.0,365,ELISA,0,Inflammation and autoimmunity,Subcutaneous,No,3,26.987872456487043,11.426119804382324,0.5686423382120586,0.37479934096336365
molecule,CT0688_A4_001,CT0688,Rituximab,52.0,1,31.0,365,ELISA,0,Inflammation and autoimmunity,Intravenous,No,2,18.799552855825308,37.64335632324219,0.6919813172838057,0.40217453241348267
molecule,CT0730_A1_001,CT0730,Ustekinumab,3.9,0,835.0,84,Platform unclear,0,Inflammation and autoimmunity,Subcutaneous,No,4,12.706483947564942,5.828130722045898,0.6246804114099442,0.4507606327533722
molecule,CT0731_A1_001,CT0731,Ustekinumab,4.1,0,293.0,364,Platform unclear,0,Inflammation and autoimmunity,Subcutaneous,No,4,14.055903387151805,8.833959579467773,0.6677302492380471,0.554177463054657
molecule,CT0732_A1_001,CT0732,Ustekinumab,4.4,0,111.0,252,Platform unclear,0,Inflammation and autoimmunity,Subcutaneous,No,4,17.773877979398847,14.400314331054688,0.7290604413816997,0.6400898694992065
molecule,CT0733_A1_001,CT0733,Ustekinumab,5.2,0,746.0,1708,Other ligand-binding assay,0,Inflammation and autoimmunity,Subcutaneous,No,4,16.354454147840446,8.489002227783203,0.6003784120622854,0.4475054442882538
molecule,CT0735_A1_001,CT0735,Ustekinumab,5.5,0,18.0,112,Other ligand-binding assay,0,Inflammation and autoimmunity,Subcutaneous,No,4,21.54610202835243,25.386241912841797,0.7468826772234431,0.6423916816711426
molecule,CT0688_A5_001,CT0688,Tocilizumab,9.0,0,44.0,365,Not reported,0,Inflammation and autoimmunity,Subcutaneous or Intravenous,No,4,24.499321144656523,13.444787979125977,0.6061150882374051,0.42871421575546265
