idc_row_id,model_split_group,molecule_inn_name,ada_high_10,partition
CT0617_A1_001,CT0617,A-dmDT390-bisFV,1,validation
CT0001_A1_002,CT0001,Efalizumab,0,train
CT0001_A1_003,CT0001,Efalizumab,0,train
CT0001_A1_004,CT0001,Efalizumab,1,train
CT0001_A1_005,CT0001,Efalizumab,0,train
CT0001_A1_006,CT0001,Efalizumab,0,train
CT0002_A1_001,CT0002,Infliximab,1,train
CT0002_A2_001,CT0002,Infliximab,0,train
CT0002_A1_002,CT0002,Infliximab,1,train
CT0002_A2_002,CT0002,Infliximab,0,train
CT0469_A1_001,CT0469,Adalimumab,1,train
CT0069_A2_003,CT0069,Tocilizumab,1,train
CT0496_A5_001,CT0496,Infliximab,1,train
CT0004_A1_001,CT0004,Alemtuzumab,0,test
CT0004_A1_002,CT0004,Alemtuzumab,1,test
CT0657_A1_001,CT0657,Alemtuzumab,1,train
CT0657_A1_002,CT0657,Alemtuzumab,1,train
CT0657_A1_003,CT0657,Alemtuzumab,1,train
CT0657_A1_004,CT0657,Alemtuzumab,1,train
CT0657_A1_005,CT0657,Alemtuzumab,1,train
CT0657_A1_006,CT0657,Alemtuzumab,1,train
CT0658_A1_001,CT0658,Alemtuzumab,0,train
CT0658_A2_001,CT0658,Alemtuzumab,0,train
CT0659_A1_001,CT0659,ATR-107,1,train
CT0069_A5_002,CT0069,Tocilizumab,1,train
CT0659_A2_001,CT0659,ATR-107,1,train
CT0659_A3_001,CT0659,ATR-107,1,train
CT0659_A4_001,CT0659,ATR-107,1,train
CT0659_A5_001,CT0659,ATR-107,1,train
CT0659_A6_001,CT0659,ATR-107,1,train
CT0659_A7_001,CT0659,ATR-107,1,train
CT0659_A8_001,CT0659,ATR-107,1,train
CT0069_A1_003,CT0069,Tocilizumab,1,train
CT0006_A1_002,CT0006,Golimumab,1,validation
CT0007_A1_001,CT0007,Denosumab,0,train
CT0008_A1_001,CT0008,Denosumab,0,train
CT0009_A1_001,CT0009,Denosumab,0,validation
CT0010_A1_001,CT0010,Denosumab,0,validation
CT0012_A1_001,CT0012,Ranibizumab,0,train
CT0012_A2_001,CT0012,Aflibercept,0,train
CT0012_A3_001,CT0012,Aflibercept,0,train
CT0012_A4_001,CT0012,Aflibercept,0,train
CT0013_A2_001,CT0013,Trebananib,1,train
CT0013_A3_001,CT0013,Trebananib,0,train
CT0013_A4_001,CT0013,Trebananib,1,train
CT0014_A1_001,CT0014,Ustekinumab,0,train
CT0016_A1_001,CT0016,Canakinumab,0,train
CT0017_A1_001,CT0017,Golimumab,0,train
CT0017_A1_002,CT0017,Golimumab,0,train
CT0017_A1_003,CT0017,Golimumab,0,train
CT0018_A1_001,CT0018,Natalizumab,0,train
CT0019_A1_001,CT0019,Denosumab,0,train
CT0020_A1_001,CT0020,Lebrikizumab,0,train
CT0069_A3_002,CT0069,Tocilizumab,1,train
CT0021_A1_002,CT0021,Denosumab,0,validation
CT0022_A1_001,CT0022,Ustekinumab,0,train
CT0022_A2_001,CT0022,Ustekinumab,0,train
CT0023_A1_001,CT0023,Ustekinumab,0,train
CT0023_A2_001,CT0023,Ustekinumab,0,train
CT0023_A3_001,CT0023,Ustekinumab,0,train
CT0024_A1_001,CT0024,Lebrikizumab,0,validation
CT0496_A4_001,CT0496,Infliximab,1,train
CT0069_A4_002,CT0069,Tocilizumab,1,train
CT0025_A1_002,CT0025,Tanezumab,0,validation
CT0025_A2_002,CT0025,Tanezumab,0,validation
CT0025_A3_002,CT0025,Tanezumab,0,validation
CT0025_A4_002,CT0025,Tanezumab,0,validation
CT0025_A1_003,CT0025,Tanezumab,0,validation
CT0025_A2_003,CT0025,Tanezumab,0,validation
CT0025_A3_003,CT0025,Tanezumab,0,validation
CT0025_A4_003,CT0025,Tanezumab,0,validation
CT0025_A1_004,CT0025,Tanezumab,0,validation
CT0025_A2_004,CT0025,Tanezumab,0,validation
CT0025_A3_004,CT0025,Tanezumab,0,validation
CT0025_A4_004,CT0025,Tanezumab,0,validation
CT0026_A1_001,CT0026,Brodalumab,0,train
CT0026_A2_001,CT0026,Brodalumab,1,train
CT0026_A3_001,CT0026,Brodalumab,1,train
CT0026_A4_001,CT0026,Brodalumab,1,train
CT0026_A5_001,CT0026,Brodalumab,1,train
CT0026_A1_002,CT0026,Brodalumab,0,train
CT0026_A2_002,CT0026,Brodalumab,1,train
CT0026_A3_002,CT0026,Brodalumab,1,train
CT0026_A4_002,CT0026,Brodalumab,1,train
CT0026_A5_002,CT0026,Brodalumab,1,train
CT0027_A1_001,CT0027,Sarilumab,0,train
CT0028_A1_001,CT0028,Secukinumab,0,train
CT0028_A2_001,CT0028,Secukinumab,0,train
CT0028_A5_001,CT0028,Secukinumab,0,train
CT0028_A6_001,CT0028,Secukinumab,0,train
CT0029_A1_001,CT0029,Atezolizumab,0,test
CT0029_A1_002,CT0029,Atezolizumab,1,test
CT0029_A1_003,CT0029,Atezolizumab,0,test
CT0030_A1_003,CT0030,Rituximab,1,train
CT0030_A9_002,CT0030,Rituximab,1,train
CT0030_A3_003,CT0030,Rituximab,1,train
CT0030_A4_003,CT0030,Rituximab,1,train
CT0030_A5_003,CT0030,Rituximab,1,train
CT0030_A6_003,CT0030,Rituximab,1,train
CT0030_A7_003,CT0030,Rituximab,1,train
CT0030_A8_003,CT0030,Rituximab,1,train
CT0031_A1_001,CT0031,Tocilizumab,0,validation
CT0031_A2_001,CT0031,Tocilizumab,0,validation
CT0032_A1_002,CT0032,Trastuzumab emtansine,0,test
CT0032_A1_003,CT0032,Trastuzumab emtansine,1,test
CT0032_A1_004,CT0032,Trastuzumab emtansine,1,test
CT0033_A1_002,CT0033,Natalizumab,0,train
CT0034_A2_001,CT0034,Lebrikizumab,1,train
CT0034_A3_001,CT0034,Lebrikizumab,1,train
CT0034_A4_001,CT0034,Lebrikizumab,1,train
CT0034_A5_001,CT0034,Lebrikizumab,1,train
CT0035_A2_001,CT0035,Lebrikizumab,1,test
CT0035_A3_001,CT0035,Lebrikizumab,1,test
CT0035_A4_001,CT0035,Lebrikizumab,1,test
CT0035_A5_001,CT0035,Lebrikizumab,0,test
CT0036_A2_001,CT0036,Tanezumab,0,test
CT0036_A3_001,CT0036,Tanezumab,0,test
CT0036_A4_001,CT0036,Tanezumab,0,test
CT0037_A1_002,CT0037,Benralizumab,0,train
CT0518_A1_002,CT0518,Adalimumab,1,train
CT0037_A2_002,CT0037,Benralizumab,0,train
CT0710_A1_001,CT0710,Moxetumomab pasudotox,1,test
CT0038_A1_001,CT0038,Infliximab,1,train
CT0038_A2_001,CT0038,Infliximab,1,train
CT0038_A3_001,CT0038,Infliximab,1,train
CT0038_A4_001,CT0038,Infliximab,1,train
CT0038_A5_001,CT0038,Infliximab,1,train
CT0038_A6_001,CT0038,Infliximab,1,train
CT0038_A7_001,CT0038,Infliximab,1,train
CT0038_A8_001,CT0038,Infliximab,1,train
CT0039_A1_001,CT0039,Trastuzumab,0,train
CT0039_A2_001,CT0039,Trastuzumab,0,train
CT0039_A1_002,CT0039,Trastuzumab,0,train
CT0039_A2_002,CT0039,Trastuzumab,0,train
CT0039_A1_003,CT0039,Trastuzumab,0,train
CT0039_A2_003,CT0039,Trastuzumab,0,train
CT0039_A1_004,CT0039,Trastuzumab,0,train
CT0039_A2_004,CT0039,Trastuzumab,0,train
CT0040_A1_001,CT0040,Rituximab,0,train
CT0040_A2_001,CT0040,Rituximab,0,train
CT0367_A1_001,CT0367,Polatuzumab vedotin,1,train
CT0041_A1_002,CT0041,Lebrikizumab,1,train
CT0041_A2_002,CT0041,Lebrikizumab,1,train
CT0041_A3_002,CT0041,Lebrikizumab,1,train
CT0496_A2_001,CT0496,Infliximab,1,train
CT0042_A2_002,CT0042,Lebrikizumab,0,validation
CT0043_A1_001,CT0043,Natalizumab,0,train
CT0044_A1_001,CT0044,Trastuzumab,0,train
CT0518_A2_002,CT0518,Adalimumab,1,train
CT0045_A1_002,CT0045,Trastuzumab,0,test
CT0046_A1_001,CT0046,Nonacog alfa,0,validation
CT0047_A1_001,CT0047,Lebrikizumab,1,train
CT0158_A4_001,CT0158,Ipilimumab,1,test
CT0048_A1_002,CT0048,Obinutuzumab,0,train
CT0424_A8_003,CT0424,Nivolumab,1,test
CT0048_A2_002,CT0048,Obinutuzumab,0,train
CT0048_A3_002,CT0048,Obinutuzumab,0,train
CT0048_A4_002,CT0048,Obinutuzumab,0,train
CT0048_A5_002,CT0048,Rituximab,0,train
CT0048_A6_002,CT0048,Rituximab,0,train
CT0048_A7_002,CT0048,Rituximab,0,train
CT0496_A1_001,CT0496,Infliximab,1,train
CT0048_A8_002,CT0048,Obinutuzumab,0,train
CT0496_A3_001,CT0496,Infliximab,1,train
CT0048_A9_002,CT0048,Rituximab,0,train
CT0048_A1_004,CT0048,Polatuzumab vedotin,0,train
CT0048_A2_004,CT0048,Polatuzumab vedotin,0,train
CT0048_A3_004,CT0048,Polatuzumab vedotin,0,train
CT0048_A4_004,CT0048,Polatuzumab vedotin,0,train
CT0048_A5_004,CT0048,Polatuzumab vedotin,0,train
CT0048_A6_004,CT0048,Polatuzumab vedotin,0,train
CT0048_A7_004,CT0048,Polatuzumab vedotin,0,train
CT0048_A8_004,CT0048,Polatuzumab vedotin,0,train
CT0048_A9_004,CT0048,Polatuzumab vedotin,0,train
CT0049_A1_001,CT0049,Obinutuzumab,0,train
CT0050_A1_001,CT0050,Durvalumab,0,train
CT0050_A2_001,CT0050,Durvalumab,1,train
CT0050_A3_001,CT0050,Durvalumab,1,train
CT0050_A4_001,CT0050,Durvalumab,0,train
CT0050_A5_001,CT0050,Durvalumab,0,train
CT0050_A6_001,CT0050,Tremelimumab,0,train
CT0050_A7_001,CT0050,Tremelimumab,1,train
CT0050_A8_001,CT0050,Tremelimumab,0,train
CT0050_A9_001,CT0050,Tremelimumab,0,train
CT0158_A3_003,CT0158,Nivolumab,1,test
CT0051_A1_002,CT0051,Atezolizumab,1,train
CT0377_A6_001,CT0377,Durvalumab,1,train
CT0052_A1_002,CT0052,Atezolizumab,0,train
CT0052_A2_002,CT0052,Atezolizumab,0,train
CT0052_A3_002,CT0052,Atezolizumab,0,train
CT0052_A3_004,CT0052,Rituximab,1,train
CT0053_A1_001,CT0053,Bezlotoxumab,0,train
CT0054_A1_001,CT0054,Golimumab,1,train
CT0055_A1_001,CT0055,Atezolizumab,1,train
CT0055_A2_001,CT0055,Atezolizumab,1,train
CT0648_A2_003,CT0648,Trastuzumab emtansine,1,train
CT0056_A1_003,CT0056,Reslizumab,0,test
CT0056_A2_003,CT0056,Reslizumab,0,test
CT0056_A3_003,CT0056,Reslizumab,0,test
CT0056_A1_004,CT0056,Reslizumab,1,test
CT0056_A2_004,CT0056,Reslizumab,0,test
CT0056_A3_004,CT0056,Reslizumab,0,test
CT0056_A1_005,CT0056,Reslizumab,0,test
CT0056_A2_005,CT0056,Reslizumab,0,test
CT0056_A3_005,CT0056,Reslizumab,0,test
CT0057_A1_001,CT0057,Avelumab,1,train
CT0057_A2_001,CT0057,Avelumab,0,train
CT0058_A1_001,CT0058,Daratumumab,0,train
CT0058_A2_001,CT0058,Daratumumab,0,train
CT0058_A3_001,CT0058,Daratumumab,0,train
CT0058_A4_001,CT0058,Daratumumab,0,train
CT0059_A1_001,CT0059,Brolucizumab,1,train
CT0059_A1_002,CT0059,Brolucizumab,1,train
CT0060_A1_001,CT0060,Trastuzumab,0,train
CT0060_A1_002,CT0060,Trastuzumab,0,train
CT0061_A1_001,CT0061,Burosumab,0,train
CT0061_A2_001,CT0061,Burosumab,1,train
CT0062_A1_001,CT0062,Trastuzumab,0,validation
CT0062_A2_001,CT0062,Trastuzumab,0,validation
CT0062_A3_001,CT0062,Trastuzumab,0,validation
CT0062_A1_002,CT0062,Trastuzumab,0,validation
CT0062_A2_002,CT0062,Trastuzumab,0,validation
CT0062_A3_002,CT0062,Trastuzumab,0,validation
CT0063_A1_001,CT0063,Denosumab,0,train
CT0063_A2_001,CT0063,Denosumab,0,train
CT0064_A2_001,CT0064,Brolucizumab,1,test
CT0064_A2_002,CT0064,Brolucizumab,1,test
CT0064_A2_003,CT0064,Brolucizumab,1,test
CT0064_A2_004,CT0064,Brolucizumab,1,test
CT0064_A2_005,CT0064,Brolucizumab,1,test
CT0064_A2_006,CT0064,Brolucizumab,1,test
CT0003_A1_002,CT0003,Adalimumab,1,validation
CT0065_A2_001,CT0065,Brolucizumab,1,train
CT0065_A2_002,CT0065,Brolucizumab,1,train
CT0065_A2_003,CT0065,Brolucizumab,1,train
CT0065_A2_004,CT0065,Brolucizumab,1,train
CT0065_A2_005,CT0065,Brolucizumab,1,train
CT0065_A2_006,CT0065,Brolucizumab,1,train
CT0066_A1_001,CT0066,Natalizumab,1,validation
CT0066_A2_001,CT0066,Natalizumab,1,validation
CT0066_A3_001,CT0066,Natalizumab,1,validation
CT0066_A4_001,CT0066,Natalizumab,1,validation
CT0066_A1_003,CT0066,Natalizumab,1,validation
CT0066_A2_003,CT0066,Natalizumab,1,validation
CT0066_A3_003,CT0066,Natalizumab,1,validation
CT0066_A4_003,CT0066,Natalizumab,0,validation
CT0068_A2_003,CT0068,Dupilumab,1,train
CT0068_A3_003,CT0068,Dupilumab,0,train
CT0068_A4_003,CT0068,Dupilumab,1,train
CT0069_A1_001,CT0069,Tocilizumab,1,train
CT0069_A1_004,CT0069,Tocilizumab,1,train
CT0069_A1_005,CT0069,Tocilizumab,1,train
CT0069_A2_001,CT0069,Tocilizumab,1,train
CT0069_A2_004,CT0069,Tocilizumab,1,train
CT0069_A2_005,CT0069,Tocilizumab,1,train
CT0069_A3_001,CT0069,Tocilizumab,1,train
CT0475_A1_002,CT0475,Adalimumab,0,train
CT0069_A3_003,CT0069,Tocilizumab,1,train
CT0069_A3_004,CT0069,Tocilizumab,1,train
CT0069_A3_005,CT0069,Tocilizumab,1,train
CT0069_A4_001,CT0069,Tocilizumab,1,train
CT0069_A4_003,CT0069,Tocilizumab,1,train
CT0069_A4_004,CT0069,Tocilizumab,1,train
CT0069_A4_005,CT0069,Tocilizumab,1,train
CT0069_A5_001,CT0069,Tocilizumab,1,train
CT0069_A5_003,CT0069,Tocilizumab,1,train
CT0069_A5_004,CT0069,Tocilizumab,1,train
CT0069_A5_005,CT0069,Tocilizumab,1,train
CT0070_A1_001,CT0070,Ravulizumab,0,validation
CT0071_A1_002,CT0071,Infliximab,1,train
CT0071_A1_003,CT0071,Infliximab,1,train
CT0071_A1_004,CT0071,Infliximab,1,train
CT0072_A1_001,CT0072,Denosumab,0,test
CT0072_A2_001,CT0072,Denosumab,0,test
CT0073_A1_001,CT0073,Cetuximab,0,train
CT0074_A1_001,CT0074,Palivizumab,0,train
CT0074_A2_001,CT0074,Palivizumab,0,train
CT0075_A1_001,CT0075,Natalizumab,0,train
CT0424_A6_003,CT0424,Nivolumab,1,test
CT0076_A1_002,CT0076,Palivizumab,0,train
CT0076_A2_002,CT0076,Palivizumab,0,train
CT0076_A1_003,CT0076,Palivizumab,0,train
CT0076_A2_003,CT0076,Palivizumab,0,train
CT0076_A1_004,CT0076,Palivizumab,0,train
CT0076_A2_004,CT0076,Palivizumab,0,train
CT0076_A1_005,CT0076,Palivizumab,0,train
CT0076_A2_005,CT0076,Palivizumab,0,train
CT0076_A1_007,CT0076,Motavizumab,0,train
CT0076_A2_007,CT0076,Motavizumab,0,train
CT0076_A4_002,CT0076,Motavizumab,0,train
CT0076_A1_008,CT0076,Motavizumab,0,train
CT0076_A2_008,CT0076,Motavizumab,0,train
CT0076_A4_003,CT0076,Motavizumab,0,train
CT0076_A1_009,CT0076,Motavizumab,0,train
CT0076_A2_009,CT0076,Motavizumab,0,train
CT0076_A4_004,CT0076,Motavizumab,0,train
CT0076_A1_010,CT0076,Motavizumab,0,train
CT0076_A2_010,CT0076,Motavizumab,0,train
CT0076_A4_005,CT0076,Motavizumab,0,train
CT0077_A1_001,CT0077,Ranibizumab,0,train
CT0077_A2_001,CT0077,Ranibizumab,0,train
CT0077_A3_001,CT0077,Ranibizumab,0,train
CT0077_A4_001,CT0077,Ranibizumab,0,train
CT0077_A1_002,CT0077,Ranibizumab,0,train
CT0077_A5_001,CT0077,Ranibizumab,0,train
CT0077_A3_002,CT0077,Ranibizumab,0,train
CT0077_A1_003,CT0077,Ranibizumab,0,train
CT0078_A1_001,CT0078,Ofatumumab,0,train
CT0078_A2_001,CT0078,Ofatumumab,0,train
CT0078_A1_002,CT0078,Ofatumumab,0,train
CT0078_A2_002,CT0078,Ofatumumab,0,train
CT0078_A1_003,CT0078,Ofatumumab,0,train
CT0078_A2_003,CT0078,Ofatumumab,0,train
CT0078_A1_004,CT0078,Ofatumumab,0,train
CT0078_A2_004,CT0078,Ofatumumab,0,train
CT0079_A1_001,CT0079,Denosumab,0,validation
CT0080_A1_002,CT0080,Ofatumumab,0,test
CT0080_A2_002,CT0080,Ofatumumab,0,test
CT0080_A1_003,CT0080,Ofatumumab,0,test
CT0080_A2_003,CT0080,Ofatumumab,0,test
CT0080_A1_004,CT0080,Ofatumumab,0,test
CT0080_A2_004,CT0080,Ofatumumab,0,test
CT0081_A1_001,CT0081,Panitumumab,0,train
CT0082_A1_001,CT0082,Rituximab,0,validation
CT0082_A1_002,CT0082,Rituximab,0,validation
CT0082_A1_003,CT0082,Rituximab,0,validation
CT0082_A2_001,CT0082,Rituximab,0,validation
CT0082_A2_002,CT0082,Rituximab,0,validation
CT0082_A2_003,CT0082,Rituximab,0,validation
CT0082_A3_001,CT0082,Rituximab,0,validation
CT0082_A3_002,CT0082,Rituximab,0,validation
CT0082_A3_003,CT0082,Rituximab,0,validation
CT0082_A4_001,CT0082,Rituximab,0,validation
CT0082_A4_002,CT0082,Rituximab,0,validation
CT0082_A4_003,CT0082,Rituximab,1,validation
CT0082_A5_001,CT0082,Rituximab,0,validation
CT0082_A5_002,CT0082,Rituximab,0,validation
CT0082_A5_003,CT0082,Rituximab,0,validation
CT0083_A1_001,CT0083,Otelixizumab,0,train
CT0083_A2_001,CT0083,Otelixizumab,0,train
CT0083_A3_001,CT0083,Otelixizumab,0,train
CT0083_A4_001,CT0083,Otelixizumab,0,train
CT0083_A5_001,CT0083,Otelixizumab,0,train
CT0083_A6_001,CT0083,Otelixizumab,1,train
CT0083_A7_001,CT0083,Otelixizumab,0,train
CT0084_A1_002,CT0084,Ofatumumab,0,train
CT0084_A2_002,CT0084,Ofatumumab,0,train
CT0084_A1_003,CT0084,Ofatumumab,0,train
CT0084_A2_003,CT0084,Ofatumumab,0,train
CT0085_A1_001,CT0085,Omalizumab,0,train
CT0086_A1_001,CT0086,Denosumab,0,train
CT0086_A2_001,CT0086,Denosumab,0,train
CT0086_A1_002,CT0086,Denosumab,0,train
CT0086_A2_002,CT0086,Denosumab,0,train
CT0087_A1_001,CT0087,Natalizumab,1,train
CT0088_A1_001,CT0088,Denosumab,0,train
CT0088_A2_001,CT0088,Denosumab,0,train
CT0089_A1_002,CT0089,Tanezumab,0,train
CT0089_A1_003,CT0089,Tanezumab,0,train
CT0089_A1_004,CT0089,Tanezumab,0,train
CT0089_A1_005,CT0089,Tanezumab,0,train
CT0090_A1_005,CT0090,Canakinumab,0,test
CT0090_A1_006,CT0090,Canakinumab,0,test
CT0090_A1_007,CT0090,Canakinumab,0,test
CT0090_A1_008,CT0090,Canakinumab,0,test
CT0090_A1_009,CT0090,Canakinumab,0,test
CT0090_A1_010,CT0090,Canakinumab,0,test
CT0090_A1_011,CT0090,Canakinumab,0,test
CT0090_A1_012,CT0090,Canakinumab,0,test
CT0090_A1_013,CT0090,Canakinumab,0,test
CT0090_A1_014,CT0090,Canakinumab,0,test
CT0090_A1_015,CT0090,Canakinumab,0,test
CT0090_A1_016,CT0090,Canakinumab,0,test
CT0091_A1_001,CT0091,Tanezumab,0,train
CT0091_A2_001,CT0091,Tanezumab,0,train
CT0056_A2_002,CT0056,Reslizumab,0,test
CT0092_A1_002,CT0092,Obinutuzumab,0,train
CT0093_A1_001,CT0093,Tanezumab,0,train
CT0056_A3_002,CT0056,Reslizumab,0,test
CT0096_A1_002,CT0096,Tanezumab,0,train
CT0096_A1_003,CT0096,Tanezumab,0,train
CT0096_A1_004,CT0096,Tanezumab,0,train
CT0097_A1_002,CT0097,Ofatumumab,0,train
CT0097_A1_003,CT0097,Ofatumumab,0,train
CT0097_A1_004,CT0097,Ofatumumab,0,train
CT0097_A1_005,CT0097,Ofatumumab,0,train
CT0097_A1_006,CT0097,Ofatumumab,0,train
CT0099_A1_002,CT0099,Panitumumab,0,train
CT00100_A1_001,CT0100,Reslizumab,0,train
CT0101_A1_001,CT0101,Tralokinumab,0,test
CT0101_A2_001,CT0101,Tralokinumab,0,test
CT0101_A3_001,CT0101,Tralokinumab,0,test
CT0102_A3_001,CT0102,Raxibacumab,0,train
CT0102_A4_001,CT0102,Raxibacumab,0,train
CT0103_A1_001,CT0103,Tocilizumab,0,train
CT0103_A2_001,CT0103,Tocilizumab,0,train
CT0103_A1_002,CT0103,Tocilizumab,0,train
CT0103_A2_002,CT0103,Tocilizumab,0,train
CT0104_A1_001,CT0104,Moxetumomab pasudotox,0,validation
CT0104_A2_001,CT0104,Moxetumomab pasudotox,0,validation
CT0104_A3_001,CT0104,Moxetumomab pasudotox,0,validation
CT0104_A3_002,CT0104,Moxetumomab pasudotox,1,validation
CT0104_A4_001,CT0104,Moxetumomab pasudotox,1,validation
CT0104_A4_002,CT0104,Moxetumomab pasudotox,1,validation
CT0104_A5_001,CT0104,Moxetumomab pasudotox,1,validation
CT0104_A6_001,CT0104,Moxetumomab pasudotox,0,validation
CT0104_A7_001,CT0104,Moxetumomab pasudotox,1,validation
CT0104_A7_002,CT0104,Moxetumomab pasudotox,0,validation
CT0105_A1_001,CT0105,Tanezumab,0,train
CT0105_A2_001,CT0105,Tanezumab,0,train
CT0105_A3_001,CT0105,Tanezumab,0,train
CT0105_A4_001,CT0105,Tanezumab,0,train
CT0105_A5_001,CT0105,Tanezumab,0,train
CT0106_A1_001,CT0106,Canakinumab,0,validation
CT0475_A2_002,CT0475,Adalimumab,0,train
CT0108_A1_001,CT0108,Infliximab,1,validation
CT0108_A2_001,CT0108,Infliximab,1,validation
CT0108_A3_001,CT0108,Infliximab,1,validation
CT0109_A1_001,CT0109,Rituximab,1,train
CT0110_A1_001,CT0110,Belimumab,0,train
CT0110_A1_002,CT0110,Belimumab,0,train
CT0110_A1_003,CT0110,Belimumab,0,train
CT0110_A1_004,CT0110,Belimumab,0,train
CT0110_A1_005,CT0110,Belimumab,0,train
CT0110_A1_006,CT0110,Belimumab,0,train
CT0110_A1_007,CT0110,Belimumab,0,train
CT0110_A1_008,CT0110,Belimumab,0,train
CT0110_A1_009,CT0110,Belimumab,0,train
CT0111_A1_001,CT0111,Inotuzumab ozogamicin,1,train
CT0111_A2_001,CT0111,Inotuzumab ozogamicin,0,train
CT0112_A1_001,CT0112,Nivolumab,1,train
CT0112_A2_001,CT0112,Nivolumab,1,train
CT0112_A3_001,CT0112,Nivolumab,1,train
CT0112_A4_001,CT0112,Nivolumab,0,train
CT0112_A5_001,CT0112,Nivolumab,0,train
CT0113_A1_001,CT0113,Elotuzumab,0,train
CT0113_A2_001,CT0113,Elotuzumab,1,train
CT0113_A3_001,CT0113,Elotuzumab,0,train
CT0114_A1_001,CT0114,Ofatumumab,0,train
CT0115_A1_002,CT0115,Benralizumab,0,test
CT0115_A2_002,CT0115,Benralizumab,1,test
CT0116_A3_001,CT0116,Brodalumab,1,train
CT0116_A4_001,CT0116,Brodalumab,0,train
CT0116_A5_001,CT0116,Brodalumab,1,train
CT0116_A6_001,CT0116,Brodalumab,0,train
CT0116_A7_001,CT0116,Brodalumab,0,train
CT0117_A2_001,CT0117,Benralizumab,1,train
CT0117_A3_001,CT0117,Benralizumab,1,train
CT0117_A4_001,CT0117,Benralizumab,1,train
CT0118_A1_003,CT0118,Tanezumab,0,test
CT0118_A1_004,CT0118,Tanezumab,0,test
CT0118_A1_005,CT0118,Tanezumab,0,test
CT0119_A1_001,CT0119,Panitumumab,0,train
CT0119_A2_001,CT0119,Panitumumab,0,train
CT0119_A3_001,CT0119,Panitumumab,0,train
CT0119_A4_001,CT0119,Panitumumab,0,train
CT0120_A1_001,CT0120,Ofatumumab,0,train
CT0120_A2_001,CT0120,Ofatumumab,0,train
CT0120_A3_001,CT0120,Ofatumumab,0,train
CT0121_A1_001,CT0121,Infliximab,0,test
CT0121_A1_002,CT0121,Infliximab,0,test
CT0369_A2_001,CT0369,Adalimumab,0,validation
CT0122_A1_002,CT0122,Tanezumab,0,train
CT0122_A2_002,CT0122,Tanezumab,0,train
CT0122_A3_002,CT0122,Tanezumab,0,train
CT0122_A4_002,CT0122,Tanezumab,0,train
CT0122_A1_003,CT0122,Tanezumab,0,train
CT0122_A2_003,CT0122,Tanezumab,0,train
CT0122_A3_003,CT0122,Tanezumab,0,train
CT0122_A4_003,CT0122,Tanezumab,0,train
CT0122_A1_004,CT0122,Tanezumab,0,train
CT0122_A2_004,CT0122,Tanezumab,0,train
CT0122_A3_004,CT0122,Tanezumab,0,train
CT0122_A4_004,CT0122,Tanezumab,0,train
CT0122_A1_005,CT0122,Tanezumab,0,train
CT0122_A2_005,CT0122,Tanezumab,0,train
CT0122_A3_005,CT0122,Tanezumab,0,train
CT0122_A4_005,CT0122,Tanezumab,0,train
CT0309_A2_001,CT0309,Adalimumab,1,train
CT0123_A1_002,CT0123,Tanezumab,0,train
CT0123_A2_002,CT0123,Tanezumab,0,train
CT0123_A3_002,CT0123,Tanezumab,0,train
CT0123_A1_003,CT0123,Tanezumab,0,train
CT0123_A2_003,CT0123,Tanezumab,0,train
CT0123_A3_003,CT0123,Tanezumab,0,train
CT0123_A1_004,CT0123,Tanezumab,0,train
CT0123_A2_004,CT0123,Tanezumab,0,train
CT0123_A3_004,CT0123,Tanezumab,0,train
CT0123_A1_005,CT0123,Tanezumab,0,train
CT0123_A2_005,CT0123,Tanezumab,0,train
CT0123_A3_005,CT0123,Tanezumab,0,train
CT0123_A1_006,CT0123,Tanezumab,0,train
CT0123_A2_006,CT0123,Tanezumab,0,train
CT0123_A3_006,CT0123,Tanezumab,0,train
CT0123_A1_007,CT0123,Tanezumab,0,train
CT0123_A2_007,CT0123,Tanezumab,0,train
CT0123_A3_007,CT0123,Tanezumab,0,train
CT0124_A1_001,CT0124,Ofatumumab,0,train
CT0124_A2_001,CT0124,Ofatumumab,1,train
CT0125_A1_001,CT0125,Omalizumab,0,test
CT0125_A2_001,CT0125,Omalizumab,0,test
CT0125_A3_001,CT0125,Omalizumab,0,test
CT0125_A4_001,CT0125,Omalizumab,0,test
CT0295_A1_001,CT0295,Tocilizumab,0,train
CT0127_A1_001,CT0127,Ofatumumab,0,train
CT0127_A1_003,CT0127,Ofatumumab,0,train
CT0127_A1_004,CT0127,Ofatumumab,0,train
CT0127_A1_005,CT0127,Ofatumumab,0,train
CT0128_A1_003,CT0128,Tanezumab,0,train
CT0128_A1_004,CT0128,Tanezumab,0,train
CT0129_A1_002,CT0129,Tanezumab,0,train
CT0129_A2_002,CT0129,Tanezumab,0,train
CT0129_A1_003,CT0129,Tanezumab,0,train
CT0129_A2_003,CT0129,Tanezumab,0,train
CT0129_A1_004,CT0129,Tanezumab,0,train
CT0129_A2_004,CT0129,Tanezumab,0,train
CT0130_A1_001,CT0130,Necitumumab,0,train
CT0131_A1_002,CT0131,Tanezumab,0,train
CT0131_A2_002,CT0131,Tanezumab,0,train
CT0131_A1_003,CT0131,Tanezumab,0,train
CT0131_A2_003,CT0131,Tanezumab,0,train
CT0131_A1_004,CT0131,Tanezumab,0,train
CT0131_A2_004,CT0131,Tanezumab,0,train
CT0132_A1_002,CT0132,Tanezumab,0,train
CT0132_A2_002,CT0132,Tanezumab,0,train
CT0132_A1_003,CT0132,Tanezumab,0,train
CT0132_A2_003,CT0132,Tanezumab,0,train
CT0132_A1_004,CT0132,Tanezumab,0,train
CT0132_A2_004,CT0132,Tanezumab,0,train
CT0132_A1_005,CT0132,Tanezumab,0,train
CT0132_A2_005,CT0132,Tanezumab,0,train
CT0133_A1_001,CT0133,Omalizumab,0,train
CT0133_A2_001,CT0133,Omalizumab,0,train
CT0133_A3_001,CT0133,Omalizumab,0,train
CT0134_A1_001,CT0134,Daclizumab,0,train
CT0134_A2_001,CT0134,Daclizumab,1,train
CT0134_A3_001,CT0134,Daclizumab,0,train
CT0135_A2_001,CT0135,Tralokinumab,0,train
CT0135_A3_001,CT0135,Tralokinumab,0,train
CT0135_A4_001,CT0135,Tralokinumab,0,train
CT0469_A1_002,CT0469,Adalimumab,1,train
CT0136_A1_002,CT0136,Tanezumab,0,validation
CT0136_A2_002,CT0136,Tanezumab,0,validation
CT0136_A3_002,CT0136,Tanezumab,0,validation
CT0136_A1_003,CT0136,Tanezumab,0,validation
CT0136_A2_003,CT0136,Tanezumab,0,validation
CT0136_A3_003,CT0136,Tanezumab,0,validation
CT0136_A1_004,CT0136,Tanezumab,0,validation
CT0136_A2_004,CT0136,Tanezumab,0,validation
CT0136_A3_004,CT0136,Tanezumab,0,validation
CT0137_A1_001,CT0137,Canakinumab,0,train
CT0137_A2_001,CT0137,Canakinumab,0,train
CT0138_A1_001,CT0138,Panitumumab,0,test
CT0139_A1_001,CT0139,Ramucirumab,0,validation
CT0139_A2_001,CT0139,Olaratumab,0,validation
CT0140_A1_001,CT0140,Olaratumab,0,train
CT0140_A2_001,CT0140,Olaratumab,0,train
CT0141_A1_001,CT0141,Olaratumab,0,validation
CT0141_A2_001,CT0141,Olaratumab,0,validation
CT0142_A1_001,CT0142,Ipilimumab,0,train
CT0142_A2_001,CT0142,Ipilimumab,0,train
CT0143_A1_002,CT0143,Tanezumab,0,train
CT0143_A2_002,CT0143,Tanezumab,0,train
CT0143_A1_003,CT0143,Tanezumab,0,train
CT0143_A2_003,CT0143,Tanezumab,0,train
CT0143_A1_004,CT0143,Tanezumab,0,train
CT0143_A2_004,CT0143,Tanezumab,0,train
CT0143_A1_005,CT0143,Tanezumab,0,train
CT0143_A2_005,CT0143,Tanezumab,0,train
CT0144_A1_001,CT0144,Tositumomab,0,train
CT0145_A1_001,CT0145,Trastuzumab,0,train
CT0145_A1_002,CT0145,Trastuzumab,0,train
CT0146_A1_001,CT0146,Trastuzumab,0,train
CT0147_A1_001,CT0147,Trastuzumab,1,train
CT0147_A2_001,CT0147,Trastuzumab,1,train
CT0148_A1_001,CT0148,Tositumomab,0,train
CT0149_A2_001,CT0149,Ixekizumab,1,train
CT0149_A3_001,CT0149,Ixekizumab,0,train
CT0149_A4_001,CT0149,Ixekizumab,0,train
CT0149_A5_001,CT0149,Ixekizumab,1,train
CT0149_A6_001,CT0149,Ixekizumab,1,train
CT0149_A8_001,CT0149,Ixekizumab,1,train
CT0149_A9_001,CT0149,Ixekizumab,1,train
CT0149_A2_002,CT0149,Ixekizumab,0,train
CT0149_A3_002,CT0149,Ixekizumab,0,train
CT0149_A4_002,CT0149,Ixekizumab,0,train
CT0149_A5_002,CT0149,Ixekizumab,0,train
CT0149_A6_002,CT0149,Ixekizumab,0,train
CT0149_A8_002,CT0149,Ixekizumab,0,train
CT0149_A9_002,CT0149,Ixekizumab,0,train
CT0150_A1_001,CT0150,Necitumumab,1,train
CT0151_A1_001,CT0151,Necitumumab,1,train
CT0369_A1_001,CT0369,Adalimumab,0,validation
CT0519_A1_001,CT0519,Reslizumab,0,train
CT0152_A1_002,CT0152,Tanezumab,0,validation
CT0152_A2_002,CT0152,Tanezumab,0,validation
CT0152_A1_003,CT0152,Tanezumab,0,validation
CT0152_A2_003,CT0152,Tanezumab,0,validation
CT0153_A1_001,CT0153,Tositumomab,0,train
CT0154_A1_001,CT0154,Tositumomab,1,train
CT0155_A1_002,CT0155,Tanezumab,0,train
CT0155_A2_002,CT0155,Tanezumab,0,train
CT0155_A3_002,CT0155,Tanezumab,0,train
CT0155_A1_003,CT0155,Tanezumab,0,train
CT0155_A2_003,CT0155,Tanezumab,0,train
CT0155_A3_003,CT0155,Tanezumab,0,train
CT0155_A1_004,CT0155,Tanezumab,0,train
CT0155_A2_004,CT0155,Tanezumab,0,train
CT0155_A3_004,CT0155,Tanezumab,0,train
CT0156_A1_001,CT0156,Tositumomab,0,train
CT0472_A6_001,CT0472,Rituximab,0,train
CT0475_A1_003,CT0475,Adalimumab,0,train
CT0157_A2_002,CT0157,Tanezumab,0,train
CT0157_A3_002,CT0157,Tanezumab,0,train
CT0157_A4_002,CT0157,Tanezumab,0,train
CT0157_A5_002,CT0157,Tanezumab,0,train
CT0157_A2_003,CT0157,Tanezumab,0,train
CT0157_A3_003,CT0157,Tanezumab,0,train
CT0157_A4_003,CT0157,Tanezumab,0,train
CT0157_A5_003,CT0157,Tanezumab,0,train
CT0157_A2_004,CT0157,Tanezumab,0,train
CT0157_A3_004,CT0157,Tanezumab,0,train
CT0157_A4_004,CT0157,Tanezumab,0,train
CT0157_A5_004,CT0157,Tanezumab,0,train
CT0158_A1_002,CT0158,Ipilimumab,0,test
CT0158_A2_002,CT0158,Ipilimumab,0,test
CT0158_A3_002,CT0158,Ipilimumab,0,test
CT0158_A4_002,CT0158,Ipilimumab,0,test
CT0158_A7_002,CT0158,Ipilimumab,0,test
CT0158_A1_004,CT0158,Nivolumab,1,test
CT0158_A2_004,CT0158,Nivolumab,1,test
CT0158_A3_004,CT0158,Nivolumab,1,test
CT0158_A4_004,CT0158,Nivolumab,0,test
CT0158_A8_002,CT0158,Nivolumab,1,test
CT0158_A9_002,CT0158,Nivolumab,0,test
CT0158_A7_004,CT0158,Nivolumab,1,test
CT0159_A1_001,CT0159,Moxetumomab pasudotox,1,train
CT0159_A2_001,CT0159,Moxetumomab pasudotox,1,train
CT0159_A3_001,CT0159,Moxetumomab pasudotox,1,train
CT0159_A4_001,CT0159,Moxetumomab pasudotox,1,train
CT0159_A5_001,CT0159,Moxetumomab pasudotox,0,train
CT0160_A1_001,CT0160,Ofatumumab,0,train
CT0161_A1_001,CT0161,Daclizumab,1,validation
CT0162_A2_001,CT0162,Romosozumab,0,train
CT0162_A3_001,CT0162,Romosozumab,0,train
CT0162_A4_001,CT0162,Romosozumab,0,train
CT0162_A5_001,CT0162,Romosozumab,1,train
CT0162_A6_001,CT0162,Romosozumab,0,train
CT0162_A7_001,CT0162,Romosozumab,1,train
CT0162_A9_001,CT0162,Romosozumab,0,train
CT0162_A10_001,CT0162,Romosozumab,1,train
CT0163_A2_001,CT0163,Natalizumab,0,train
CT0164_A1_001,CT0164,Ofatumumab,0,validation
CT0164_A1_002,CT0164,Ofatumumab,0,validation
CT0164_A1_003,CT0164,Ofatumumab,0,validation
CT0165_A1_001,CT0165,Cetuximab,0,test
CT0166_A1_001,CT0166,Isatuximab,1,test
CT0166_A2_001,CT0166,Isatuximab,0,test
CT0166_A3_001,CT0166,Isatuximab,0,test
CT0166_A4_001,CT0166,Isatuximab,0,test
CT0166_A5_001,CT0166,Isatuximab,0,test
CT0166_A6_001,CT0166,Isatuximab,1,test
CT0166_A7_001,CT0166,Isatuximab,1,test
CT0166_A8_001,CT0166,Isatuximab,1,test
CT0166_A9_001,CT0166,Isatuximab,0,test
CT0166_A10_001,CT0166,Isatuximab,0,test
CT0167_A1_002,CT0167,Tanezumab,0,test
CT0167_A1_003,CT0167,Tanezumab,0,test
CT0167_A1_004,CT0167,Tanezumab,0,test
CT0168_A1_001,CT0168,Necitumumab,0,train
CT0168_A2_001,CT0168,Necitumumab,0,train
CT0168_A3_001,CT0168,Necitumumab,0,train
CT0519_A2_001,CT0519,Reslizumab,0,train
CT0169_A1_002,CT0169,Tanezumab,0,train
CT0169_A2_002,CT0169,Tanezumab,0,train
CT0169_A3_002,CT0169,Tanezumab,0,train
CT0169_A4_002,CT0169,Tanezumab,0,train
CT0169_A1_003,CT0169,Tanezumab,0,train
CT0169_A2_003,CT0169,Tanezumab,0,train
CT0169_A3_003,CT0169,Tanezumab,0,train
CT0169_A4_003,CT0169,Tanezumab,0,train
CT0169_A1_004,CT0169,Tanezumab,0,train
CT0169_A2_004,CT0169,Tanezumab,0,train
CT0169_A3_004,CT0169,Tanezumab,0,train
CT0169_A4_004,CT0169,Tanezumab,0,train
CT0170_A2_001,CT0170,Romosozumab,0,validation
CT0170_A3_001,CT0170,Romosozumab,0,validation
CT0170_A4_001,CT0170,Romosozumab,0,validation
CT0170_A6_001,CT0170,Romosozumab,0,validation
CT0171_A1_001,CT0171,Ixekizumab,1,train
CT0171_A2_001,CT0171,Ixekizumab,1,train
CT0171_A3_001,CT0171,Ixekizumab,1,train
CT0171_A4_001,CT0171,Ixekizumab,1,train
CT0475_A2_003,CT0475,Adalimumab,1,train
CT0538_A1_002,CT0538,Bimekizumab,0,train
CT0172_A1_002,CT0172,Secukinumab,0,train
CT0172_A2_002,CT0172,Secukinumab,0,train
CT0172_A3_002,CT0172,Secukinumab,0,train
CT0172_A4_002,CT0172,Secukinumab,0,train
CT0172_A1_003,CT0172,Secukinumab,0,train
CT0172_A2_003,CT0172,Secukinumab,0,train
CT0172_A3_003,CT0172,Secukinumab,0,train
CT0172_A4_003,CT0172,Secukinumab,0,train
CT0172_A1_004,CT0172,Secukinumab,0,train
CT0172_A2_004,CT0172,Secukinumab,0,train
CT0172_A3_004,CT0172,Secukinumab,0,train
CT0172_A4_004,CT0172,Secukinumab,0,train
CT0172_A1_005,CT0172,Secukinumab,0,train
CT0172_A2_005,CT0172,Secukinumab,0,train
CT0172_A3_005,CT0172,Secukinumab,0,train
CT0172_A4_005,CT0172,Secukinumab,0,train
CT0173_A1_001,CT0173,Tanezumab,0,train
CT0174_A1_001,CT0174,Secukinumab,0,train
CT0174_A1_002,CT0174,Secukinumab,0,train
CT0175_A2_001,CT0175,Evolocumab,0,train
CT0175_A3_001,CT0175,Evolocumab,0,train
CT0175_A4_001,CT0175,Evolocumab,1,train
CT0175_A5_001,CT0175,Evolocumab,0,train
CT0175_A6_001,CT0175,Evolocumab,0,train
CT0175_A8_001,CT0175,Evolocumab,0,train
CT0175_A10_001,CT0175,Evolocumab,0,train
CT0176_A1_001,CT0176,Nonacog alfa,0,train
CT0177_A1_001,CT0177,Bococizumab,1,train
CT0177_A2_001,CT0177,Bococizumab,0,train
CT0178_A1_001,CT0178,Ramucirumab,0,train
CT0179_A1_001,CT0179,Ramucirumab,0,train
CT0180_A1_001,CT0180,Olaratumab,0,train
CT0180_A2_001,CT0180,Olaratumab,0,train
CT0180_A3_001,CT0180,Olaratumab,0,train
CT0181_A1_001,CT0181,Tocilizumab,0,train
CT0181_A2_001,CT0181,Tocilizumab,0,train
CT0181_A3_001,CT0181,Tocilizumab,0,train
CT0181_A4_001,CT0181,Tocilizumab,0,train
CT0182_A1_001,CT0182,Brodalumab,0,train
CT0182_A2_001,CT0182,Brodalumab,0,train
CT0182_A3_001,CT0182,Brodalumab,0,train
CT0182_A4_001,CT0182,Brodalumab,0,train
CT0183_A1_001,CT0183,Olaratumab,0,train
CT0184_A1_002,CT0184,Rituximab,0,train
CT0184_A2_002,CT0184,Rituximab,1,train
CT0184_A1_004,CT0184,Rituximab,0,train
CT0184_A2_004,CT0184,Rituximab,0,train
CT0185_A1_001,CT0185,Olaratumab,0,train
CT0185_A2_001,CT0185,Olaratumab,0,train
CT0186_A1_001,CT0186,Tocilizumab,0,train
CT0187_A2_001,CT0187,Benralizumab,1,train
CT0187_A3_001,CT0187,Benralizumab,1,train
CT0187_A4_001,CT0187,Benralizumab,1,train
CT0188_A1_001,CT0188,Elotuzumab,1,test
CT0188_A2_001,CT0188,Elotuzumab,0,test
CT0189_A1_001,CT0189,Canakinumab,1,train
CT0190_A1_001,CT0190,Bococizumab,0,test
CT0190_A2_001,CT0190,Bococizumab,0,test
CT0190_A2_002,CT0190,Bococizumab,0,test
CT0190_A2_003,CT0190,Bococizumab,1,test
CT0295_A1_002,CT0295,Tocilizumab,0,train
CT0191_A2_002,CT0191,Ocrelizumab,0,test
CT0192_A1_001,CT0192,Ramucirumab,0,train
CT0193_A1_001,CT0193,Ramucirumab,0,train
CT0194_A1_001,CT0194,Reslizumab,1,train
CT0194_A2_001,CT0194,Reslizumab,1,train
CT0194_A1_003,CT0194,Reslizumab,0,train
CT0194_A2_003,CT0194,Reslizumab,1,train
CT0194_A1_004,CT0194,Reslizumab,0,train
CT0194_A2_004,CT0194,Reslizumab,0,train
CT0194_A1_005,CT0194,Reslizumab,0,train
CT0194_A2_005,CT0194,Reslizumab,0,train
CT0195_A1_001,CT0195,Rituximab,1,train
CT0195_A2_001,CT0195,Rituximab,1,train
CT0195_A3_001,CT0195,Rituximab,1,train
CT0196_A1_002,CT0196,Reslizumab,0,train
CT0196_A1_003,CT0196,Reslizumab,0,train
CT0196_A1_004,CT0196,Reslizumab,0,train
CT0196_A1_005,CT0196,Reslizumab,0,train
CT0197_A1_001,CT0197,Recombinant factor IX (rFIX),0,validation
CT0198_A1_001,CT0198,Ramucirumab,0,train
CT0198_A1_002,CT0198,Ramucirumab,0,train
CT0198_A1_003,CT0198,Ramucirumab,0,train
CT0198_A1_004,CT0198,Ramucirumab,0,train
CT0199_A1_001,CT0199,Reslizumab,0,validation
CT0200_A1_001,CT0200,Obinutuzumab,0,train
CT0200_A1_002,CT0200,Obinutuzumab,0,train
CT0200_A1_003,CT0200,Obinutuzumab,0,train
CT0200_A1_004,CT0200,Obinutuzumab,0,train
CT0200_A1_005,CT0200,Obinutuzumab,0,train
CT0200_A1_006,CT0200,Obinutuzumab,0,train
CT0200_A1_007,CT0200,Obinutuzumab,0,train
CT0200_A1_008,CT0200,Obinutuzumab,0,train
CT0200_A1_009,CT0200,Obinutuzumab,0,train
CT0201_A1_001,CT0201,Reslizumab,0,test
CT0201_A2_001,CT0201,Reslizumab,0,test
CT0201_A1_003,CT0201,Reslizumab,0,test
CT0201_A2_003,CT0201,Reslizumab,0,test
CT0201_A1_004,CT0201,Reslizumab,0,test
CT0201_A2_004,CT0201,Reslizumab,0,test
CT0201_A1_005,CT0201,Reslizumab,0,test
CT0201_A2_005,CT0201,Reslizumab,0,test
CT0201_A1_006,CT0201,Reslizumab,1,test
CT0201_A2_006,CT0201,Reslizumab,0,test
CT0201_A1_007,CT0201,Reslizumab,0,test
CT0201_A2_007,CT0201,Reslizumab,0,test
CT0201_A1_008,CT0201,Reslizumab,0,test
CT0201_A2_008,CT0201,Reslizumab,0,test
CT0202_A3_001,CT0202,Rituximab,0,train
CT0202_A3_002,CT0202,Rituximab,0,train
CT0202_A1_002,CT0202,Rituximab,1,train
CT0202_A2_002,CT0202,Rituximab,1,train
CT0203_A1_001,CT0203,Obinutuzumab,0,train
CT0203_A2_001,CT0203,Obinutuzumab,0,train
CT0204_A1_001,CT0204,Canakinumab,0,train
CT0205_A1_001,CT0205,Canakinumab,0,test
CT0206_A1_001,CT0206,Utomilumab,1,train
CT0206_A2_001,CT0206,Utomilumab,1,train
CT0206_A3_001,CT0206,Utomilumab,1,train
CT0206_A4_001,CT0206,Utomilumab,0,train
CT0206_A5_001,CT0206,Utomilumab,0,train
CT0206_A6_001,CT0206,Utomilumab,1,train
CT0206_A7_001,CT0206,Utomilumab,1,train
CT0206_A8_001,CT0206,Utomilumab,1,train
CT0206_A9_001,CT0206,Utomilumab,1,train
CT0206_A10_001,CT0206,Utomilumab,1,train
CT0206_A11_001,CT0206,Utomilumab,1,train
CT0206_A12_001,CT0206,Utomilumab,1,train
CT0207_A1_001,CT0207,Ofatumumab,0,validation
CT0207_A2_001,CT0207,Ofatumumab,0,validation
CT0207_A3_001,CT0207,Ofatumumab,0,validation
CT0207_A4_001,CT0207,Ofatumumab,0,validation
CT0207_A5_001,CT0207,Ofatumumab,0,validation
CT0208_A1_001,CT0208,Olaratumab,0,train
CT0209_A1_001,CT0209,Bococizumab,0,train
CT0209_A2_001,CT0209,Bococizumab,1,train
CT0209_A3_001,CT0209,Bococizumab,0,train
CT0209_A4_001,CT0209,Bococizumab,0,train
CT0210_A1_001,CT0210,Bococizumab,0,train
CT0210_A2_001,CT0210,Bococizumab,0,train
CT0211_A1_001,CT0211,Nivolumab,1,train
CT0211_A2_001,CT0211,Nivolumab,1,train
CT0211_A3_001,CT0211,Nivolumab,1,train
CT0211_A4_001,CT0211,Nivolumab,0,train
CT0212_A1_001,CT0212,Nonacog alfa,0,train
CT0213_A1_001,CT0213,Secukinumab,0,validation
CT0213_A2_001,CT0213,Secukinumab,0,validation
CT0518_A1_003,CT0518,Adalimumab,1,train
CT0215_A1_002,CT0215,Elotuzumab,1,validation
CT0215_A2_002,CT0215,Elotuzumab,1,validation
CT0215_A3_002,CT0215,Elotuzumab,1,validation
CT0216_A1_001,CT0216,Siltuximab,0,train
CT0217_A1_002,CT0217,Trastuzumab,0,train
CT0217_A2_002,CT0217,Trastuzumab,0,train
CT0217_A1_004,CT0217,Hyaluronidase human,0,train
CT0217_A2_004,CT0217,Hyaluronidase human,0,train
CT0218_A1_002,CT0218,Tralokinumab,0,train
CT0218_A2_002,CT0218,Tralokinumab,0,train
CT0219_A1_001,CT0219,Secukinumab,0,validation
CT0219_A2_001,CT0219,Secukinumab,0,validation
CT0219_A1_002,CT0219,Secukinumab,0,validation
CT0219_A2_002,CT0219,Secukinumab,0,validation
CT0220_A2_002,CT0220,Ocrelizumab,0,test
CT0221_A1_001,CT0221,Natalizumab,0,train
CT0222_A1_001,CT0222,Denosumab,0,train
CT0223_A1_001,CT0223,Ramucirumab,0,validation
CT0224_A1_001,CT0224,Bococizumab,0,train
CT0224_A2_001,CT0224,Bococizumab,0,train
CT0224_A3_001,CT0224,Bococizumab,0,train
CT0224_A4_001,CT0224,Bococizumab,0,train
CT0225_A1_001,CT0225,Denosumab,0,validation
CT0225_A1_002,CT0225,Denosumab,0,validation
CT0225_A3_001,CT0225,Denosumab,0,validation
CT0226_A1_001,CT0226,Daclizumab,1,validation
CT0226_A1_002,CT0226,Daclizumab,1,validation
CT0226_A1_003,CT0226,Daclizumab,1,validation
CT0227_A1_001,CT0227,Denosumab,0,validation
CT0227_A2_001,CT0227,Denosumab,0,validation
CT0228_A1_001,CT0228,Blinatumomab,0,train
CT0228_A2_001,CT0228,Blinatumomab,0,train
CT0228_A3_001,CT0228,Blinatumomab,0,train
CT0228_A4_001,CT0228,Blinatumomab,0,train
CT0228_A5_001,CT0228,Blinatumomab,0,train
CT0228_A6_001,CT0228,Blinatumomab,0,train
CT0229_A1_001,CT0229,Ixekizumab,1,test
CT0229_A2_001,CT0229,Ixekizumab,1,test
CT0230_A1_002,CT0230,Tralokinumab,0,validation
CT0230_A1_003,CT0230,Tralokinumab,0,validation
CT0230_A1_004,CT0230,Tralokinumab,0,validation
CT0230_A1_005,CT0230,Tralokinumab,0,validation
CT0231_A1_001,CT0231,Denosumab,0,train
CT0232_A1_001,CT0232,Nonacog alfa,0,test
CT0233_A1_001,CT0233,Reslizumab,0,train
CT0233_A1_002,CT0233,Reslizumab,0,train
CT0233_A1_003,CT0233,Reslizumab,0,train
CT0233_A1_004,CT0233,Reslizumab,0,train
CT0233_A1_005,CT0233,Reslizumab,0,train
CT0235_A1_003,CT0235,Ofatumumab,0,train
CT0235_A2_003,CT0235,Ofatumumab,0,train
CT0235_A1_004,CT0235,Ofatumumab,0,train
CT0235_A2_004,CT0235,Ofatumumab,0,train
CT0236_A1_001,CT0236,Rituximab,0,train
CT0236_A2_001,CT0236,Rituximab,1,train
CT0236_A3_001,CT0236,Rituximab,1,train
CT0237_A2_001,CT0237,Tocilizumab,0,train
CT0238_A2_001,CT0238,MEDI4212,0,train
CT0238_A3_001,CT0238,MEDI4212,0,train
CT0238_A4_001,CT0238,MEDI4212,0,train
CT0238_A5_001,CT0238,MEDI4212,0,train
CT0238_A6_001,CT0238,MEDI4212,0,train
CT0238_A7_001,CT0238,MEDI4212,0,train
CT0239_A1_001,CT0239,Secukinumab,0,train
CT0239_A2_001,CT0239,Secukinumab,0,train
CT0239_A4_001,CT0239,Secukinumab,0,train
CT0239_A5_001,CT0239,Secukinumab,0,train
CT0240_A1_001,CT0240,Ramucirumab,0,validation
CT0241_A1_001,CT0241,Canakinumab,0,train
CT0242_A1_001,CT0242,Romosozumab,0,validation
CT0242_A2_001,CT0242,Romosozumab,0,validation
CT0243_A1_001,CT0243,Bococizumab,0,validation
CT0243_A2_001,CT0243,Bococizumab,0,validation
CT0243_A3_001,CT0243,Bococizumab,1,validation
CT0243_A4_001,CT0243,Bococizumab,0,validation
CT0243_A5_001,CT0243,Bococizumab,0,validation
CT0244_A1_001,CT0244,Tralokinumab,0,train
CT0245_A1_001,CT0245,Ixekizumab,1,test
CT0245_A2_001,CT0245,Ixekizumab,1,test
CT0246_A1_001,CT0246,Necitumumab,1,train
CT0246_A2_001,CT0246,Necitumumab,0,train
CT0246_A3_001,CT0246,Necitumumab,0,train
CT0246_A2_002,CT0246,Necitumumab,0,train
CT0247_A1_001,CT0247,Nivolumab,0,train
CT0247_A2_001,CT0247,Nivolumab,1,train
CT0247_A3_001,CT0247,Nivolumab,1,train
CT0247_A4_001,CT0247,Ipilimumab,0,train
CT0247_A5_001,CT0247,Nivolumab,1,train
CT0247_A6_001,CT0247,Ipilimumab,1,train
CT0247_A7_001,CT0247,Nivolumab,0,train
CT0247_A8_001,CT0247,Nivolumab,1,train
CT0247_A9_001,CT0247,Ipilimumab,0,train
CT0247_A10_001,CT0247,Nivolumab,1,train
CT0248_A1_001,CT0248,Ixekizumab,1,train
CT0249_A1_001,CT0249,Necitumumab,1,train
CT0249_A1_002,CT0249,Necitumumab,0,train
CT0410_A2_001,CT0410,Tocilizumab,0,test
CT0250_A2_003,CT0250,Tralokinumab,0,train
CT0250_A3_003,CT0250,Tralokinumab,0,train
CT0250_A2_004,CT0250,Tralokinumab,0,train
CT0250_A3_004,CT0250,Tralokinumab,0,train
CT0250_A2_005,CT0250,Tralokinumab,0,train
CT0250_A3_005,CT0250,Tralokinumab,0,train
CT0250_A2_006,CT0250,Tralokinumab,0,train
CT0250_A3_006,CT0250,Tralokinumab,0,train
CT0251_A1_001,CT0251,Ramucirumab,0,train
CT0252_A1_001,CT0252,Secukinumab,0,train
CT0252_A2_001,CT0252,Secukinumab,0,train
CT0252_A4_001,CT0252,Secukinumab,0,train
CT0252_A5_001,CT0252,Secukinumab,0,train
CT0253_A1_001,CT0253,Secukinumab,0,train
CT0253_A2_001,CT0253,Secukinumab,0,train
CT0253_A3_001,CT0253,Secukinumab,0,train
CT0253_A4_001,CT0253,Secukinumab,0,train
CT0253_A5_001,CT0253,Secukinumab,0,train
CT0253_A6_001,CT0253,Secukinumab,0,train
CT0253_A7_001,CT0253,Secukinumab,0,train
CT0253_A8_001,CT0253,Secukinumab,0,train
CT0254_A1_001,CT0254,Rituximab,0,train
CT0254_A1_002,CT0254,Rituximab,0,train
CT0254_A1_003,CT0254,Rituximab,0,train
CT0254_A1_004,CT0254,Rituximab,0,train
CT0254_A2_001,CT0254,Rituximab,0,train
CT0254_A2_002,CT0254,Rituximab,0,train
CT0254_A2_003,CT0254,Rituximab,0,train
CT0254_A2_004,CT0254,Rituximab,0,train
CT0254_A3_001,CT0254,Rituximab,1,train
CT0254_A3_002,CT0254,Rituximab,0,train
CT0254_A3_003,CT0254,Rituximab,0,train
CT0254_A3_004,CT0254,Rituximab,1,train
CT0254_A4_001,CT0254,Rituximab,1,train
CT0254_A4_002,CT0254,Rituximab,0,train
CT0254_A4_003,CT0254,Rituximab,0,train
CT0254_A4_004,CT0254,Rituximab,1,train
CT0254_A5_001,CT0254,Rituximab,0,train
CT0254_A5_002,CT0254,Rituximab,0,train
CT0254_A5_003,CT0254,Rituximab,0,train
CT0254_A5_004,CT0254,Rituximab,0,train
CT0254_A1_005,CT0254,Rituximab,0,train
CT0254_A1_006,CT0254,Rituximab,0,train
CT0254_A1_007,CT0254,Rituximab,0,train
CT0254_A1_008,CT0254,Rituximab,0,train
CT0254_A2_005,CT0254,Rituximab,0,train
CT0254_A2_006,CT0254,Rituximab,0,train
CT0254_A2_007,CT0254,Rituximab,0,train
CT0254_A2_008,CT0254,Rituximab,0,train
CT0254_A3_005,CT0254,Rituximab,1,train
CT0254_A3_006,CT0254,Rituximab,0,train
CT0254_A3_007,CT0254,Rituximab,0,train
CT0254_A3_008,CT0254,Rituximab,1,train
CT0254_A4_005,CT0254,Rituximab,1,train
CT0254_A4_006,CT0254,Rituximab,0,train
CT0254_A4_007,CT0254,Rituximab,0,train
CT0254_A4_008,CT0254,Rituximab,1,train
CT0254_A5_005,CT0254,Rituximab,1,train
CT0254_A5_006,CT0254,Rituximab,1,train
CT0254_A5_007,CT0254,Rituximab,0,train
CT0254_A5_008,CT0254,Rituximab,1,train
CT0255_A1_001,CT0255,Ixekizumab,1,train
CT0255_A2_001,CT0255,Ixekizumab,0,train
CT0255_A3_001,CT0255,Ixekizumab,0,train
CT0256_A1_002,CT0256,Tocilizumab,0,train
CT0256_A2_002,CT0256,Tocilizumab,0,train
CT0257_A1_003,CT0257,Obinutuzumab,0,validation
CT0257_A2_003,CT0257,Obinutuzumab,0,validation
CT0257_A3_003,CT0257,Obinutuzumab,0,validation
CT0257_A1_004,CT0257,Obinutuzumab,0,validation
CT0257_A2_004,CT0257,Obinutuzumab,0,validation
CT0257_A3_004,CT0257,Obinutuzumab,0,validation
CT0257_A1_005,CT0257,Obinutuzumab,0,validation
CT0257_A2_005,CT0257,Obinutuzumab,0,validation
CT0257_A3_005,CT0257,Obinutuzumab,0,validation
CT0259_A2_001,CT0259,Erenumab,0,train
CT0259_A3_001,CT0259,Erenumab,0,train
CT0259_A4_001,CT0259,Erenumab,0,train
CT0259_A5_001,CT0259,Erenumab,1,train
CT0259_A6_001,CT0259,Erenumab,0,train
CT0259_A7_001,CT0259,Erenumab,0,train
CT0259_A8_001,CT0259,Erenumab,0,train
CT0259_A10_001,CT0259,Erenumab,0,train
CT0260_A1_001,CT0260,Polatuzumab vedotin,0,train
CT0587_A1_001,CT0587,Bevacizumab,0,validation
CT0260_A2_002,CT0260,Polatuzumab vedotin,0,train
CT0587_A2_001,CT0587,Bevacizumab,0,validation
CT0260_A3_002,CT0260,Polatuzumab vedotin,0,train
CT0443_A3_002,CT0443,Atezolizumab,0,validation
CT0260_A4_002,CT0260,Polatuzumab vedotin,0,train
CT0260_A5_002,CT0260,Polatuzumab vedotin,0,train
CT0260_A6_002,CT0260,Polatuzumab vedotin,0,train
CT0260_A4_004,CT0260,Obinutuzumab,0,train
CT0260_A5_004,CT0260,Obinutuzumab,0,train
CT0260_A6_004,CT0260,Obinutuzumab,0,train
CT0260_A1_003,CT0260,Pinatuzumab Vedotin,0,train
CT0260_A2_004,CT0260,Pinatuzumab Vedotin,0,train
CT0261_A1_001,CT0261,Durvalumab,0,validation
CT0261_A2_001,CT0261,Durvalumab,0,validation
CT0261_A3_001,CT0261,Durvalumab,0,validation
CT0261_A4_001,CT0261,Durvalumab,0,validation
CT0261_A5_001,CT0261,Durvalumab,0,validation
CT0261_A6_001,CT0261,Durvalumab,0,validation
CT0261_A7_001,CT0261,Durvalumab,0,validation
CT0261_A8_001,CT0261,Durvalumab,0,validation
CT0261_A9_001,CT0261,Durvalumab,0,validation
CT0261_A10_001,CT0261,Durvalumab,0,validation
CT0261_A11_001,CT0261,Durvalumab,0,validation
CT0261_A12_001,CT0261,Durvalumab,0,validation
CT0261_A13_001,CT0261,Durvalumab,0,validation
CT0261_A14_001,CT0261,Durvalumab,0,validation
CT0261_A15_001,CT0261,Durvalumab,0,validation
CT0261_A16_001,CT0261,Durvalumab,0,validation
CT0261_A17_001,CT0261,Durvalumab,0,validation
CT0262_A1_001,CT0262,Ixekizumab,0,train
CT0262_A2_001,CT0262,Ixekizumab,0,train
CT0518_A2_003,CT0518,Adalimumab,1,train
CT0752_A1_001,CT0752,Adalimumab,0,train
CT0264_A2_001,CT0264,Erenumab,1,train
CT0264_A3_001,CT0264,Erenumab,1,train
CT0264_A4_001,CT0264,Erenumab,0,train
CT0264_A5_001,CT0264,Erenumab,1,train
CT0264_A6_001,CT0264,Erenumab,0,train
CT0264_A7_001,CT0264,Erenumab,0,train
CT0265_A1_001,CT0265,Rituximab,0,train
CT0265_A1_002,CT0265,Rituximab,0,train
CT0265_A1_003,CT0265,Rituximab,0,train
CT0265_A1_004,CT0265,Rituximab,0,train
CT0265_A1_005,CT0265,Rituximab,0,train
CT0265_A1_006,CT0265,Rituximab,0,train
CT0265_A1_007,CT0265,Rituximab,0,train
CT0265_A1_008,CT0265,Rituximab,0,train
CT0265_A1_009,CT0265,Rituximab,0,train
CT0265_A1_010,CT0265,Rituximab,0,train
CT0265_A1_011,CT0265,Rituximab,0,train
CT0265_A1_012,CT0265,Rituximab,0,train
CT0265_A1_013,CT0265,Rituximab,0,train
CT0265_A2_001,CT0265,Rituximab,0,train
CT0265_A2_002,CT0265,Rituximab,0,train
CT0265_A2_003,CT0265,Rituximab,0,train
CT0265_A2_004,CT0265,Rituximab,0,train
CT0265_A2_005,CT0265,Rituximab,0,train
CT0265_A2_006,CT0265,Rituximab,0,train
CT0265_A2_007,CT0265,Rituximab,0,train
CT0265_A2_008,CT0265,Rituximab,0,train
CT0265_A2_009,CT0265,Rituximab,0,train
CT0265_A2_010,CT0265,Rituximab,0,train
CT0265_A2_011,CT0265,Rituximab,0,train
CT0265_A2_012,CT0265,Rituximab,0,train
CT0265_A2_013,CT0265,Rituximab,0,train
CT0265_A1_014,CT0265,Hyaluronidase human,1,train
CT0265_A1_015,CT0265,Hyaluronidase human,0,train
CT0265_A1_016,CT0265,Hyaluronidase human,0,train
CT0265_A1_017,CT0265,Hyaluronidase human,0,train
CT0265_A1_018,CT0265,Hyaluronidase human,0,train
CT0265_A1_019,CT0265,Hyaluronidase human,1,train
CT0265_A1_020,CT0265,Hyaluronidase human,1,train
CT0265_A1_021,CT0265,Hyaluronidase human,1,train
CT0265_A1_022,CT0265,Hyaluronidase human,1,train
CT0265_A1_023,CT0265,Hyaluronidase human,1,train
CT0265_A1_024,CT0265,Hyaluronidase human,0,train
CT0265_A1_025,CT0265,Hyaluronidase human,0,train
CT0265_A1_026,CT0265,Hyaluronidase human,0,train
CT0265_A2_014,CT0265,Hyaluronidase human,1,train
CT0265_A2_015,CT0265,Hyaluronidase human,1,train
CT0265_A2_016,CT0265,Hyaluronidase human,1,train
CT0265_A2_017,CT0265,Hyaluronidase human,1,train
CT0265_A2_018,CT0265,Hyaluronidase human,0,train
CT0265_A2_019,CT0265,Hyaluronidase human,1,train
CT0265_A2_020,CT0265,Hyaluronidase human,1,train
CT0265_A2_021,CT0265,Hyaluronidase human,1,train
CT0265_A2_022,CT0265,Hyaluronidase human,1,train
CT0265_A2_023,CT0265,Hyaluronidase human,1,train
CT0265_A2_024,CT0265,Hyaluronidase human,1,train
CT0265_A2_025,CT0265,Hyaluronidase human,0,train
CT0265_A2_026,CT0265,Hyaluronidase human,0,train
CT0266_A1_001,CT0266,Tocilizumab,0,train
CT0266_A2_001,CT0266,Tocilizumab,0,train
CT0266_A3_001,CT0266,Tocilizumab,0,train
CT0266_A4_001,CT0266,Tocilizumab,0,train
CT0267_A1_001,CT0267,Tocilizumab,0,test
CT0469_A1_003,CT0469,Adalimumab,1,train
CT0475_A1_004,CT0475,Adalimumab,1,train
CT0269_A1_001,CT0269,Pinatuzumab Vedotin,0,train
CT0269_A2_001,CT0269,Bevacizumab,0,train
CT0270_A1_001,CT0270,Necitumumab,0,train
CT0271_A1_001,CT0271,Necitumumab,0,train
CT0272_A1_001,CT0272,Avelumab,0,train
CT0272_A2_001,CT0272,Avelumab,1,train
CT0272_A3_001,CT0272,Avelumab,0,train
CT0272_A4_001,CT0272,Avelumab,0,train
CT0272_A5_001,CT0272,Avelumab,0,train
CT0272_A6_001,CT0272,Avelumab,0,train
CT0272_A7_001,CT0272,Avelumab,1,train
CT0272_A8_001,CT0272,Avelumab,0,train
CT0272_A9_001,CT0272,Avelumab,0,train
CT0272_A10_001,CT0272,Avelumab,0,train
CT0272_A11_001,CT0272,Avelumab,0,train
CT0272_A12_001,CT0272,Avelumab,0,train
CT0272_A13_001,CT0272,Avelumab,0,train
CT0272_A14_001,CT0272,Avelumab,0,train
CT0272_A15_001,CT0272,Avelumab,0,train
CT0272_A16_001,CT0272,Avelumab,0,train
CT0272_A17_001,CT0272,Avelumab,0,train
CT0272_A18_001,CT0272,Avelumab,1,train
CT0272_A19_001,CT0272,Avelumab,0,train
CT0272_A20_001,CT0272,Avelumab,0,train
CT0272_A21_001,CT0272,Avelumab,0,train
CT0272_A22_001,CT0272,Avelumab,0,train
CT0273_A1_001,CT0273,Ixekizumab,1,train
CT0273_A2_001,CT0273,Ixekizumab,0,train
CT0274_A1_002,CT0274,Necitumumab,0,train
CT0275_A1_001,CT0275,Tocilizumab,0,train
CT0275_A2_001,CT0275,Tocilizumab,0,train
CT0276_A1_001,CT0276,Daclizumab,1,train
CT0276_A2_001,CT0276,Daclizumab,0,train
CT0276_A3_001,CT0276,Daclizumab,0,train
CT0276_A4_001,CT0276,Daclizumab,0,train
CT0277_A1_001,CT0277,Secukinumab,0,train
CT0277_A2_001,CT0277,Secukinumab,0,train
CT0277_A3_001,CT0277,Secukinumab,0,train
CT0277_A4_001,CT0277,Secukinumab,0,train
CT0278_A1_001,CT0278,Secukinumab,0,train
CT0278_A2_001,CT0278,Secukinumab,0,train
CT0278_A3_001,CT0278,Secukinumab,1,train
CT0278_A3_002,CT0278,Secukinumab,1,train
CT0280_A2_001,CT0280,Romosozumab,1,validation
CT0280_A3_001,CT0280,Romosozumab,1,validation
CT0280_A4_001,CT0280,Romosozumab,1,validation
CT0280_A5_001,CT0280,Romosozumab,1,validation
CT0280_A6_001,CT0280,Romosozumab,1,validation
CT0280_A7_001,CT0280,Romosozumab,1,validation
CT0282_A1_001,CT0282,Romosozumab,0,train
CT0282_A2_001,CT0282,Romosozumab,0,train
CT0282_A3_001,CT0282,Romosozumab,1,train
CT0283_A1_001,CT0283,Tremelimumab,0,train
CT0284_A1_002,CT0284,Tocilizumab,0,train
CT0285_A1_001,CT0285,Tositumomab,0,validation
CT0286_A1_002,CT0286,Lebrikizumab,0,train
CT0286_A2_002,CT0286,Lebrikizumab,0,train
CT0287_A2_001,CT0287,Erenumab,1,train
CT0289_A1_004,CT0289,Benralizumab,1,train
CT0289_A2_004,CT0289,Benralizumab,1,train
CT0290_A1_002,CT0290,Denosumab,0,train
CT0290_A1_003,CT0290,Denosumab,0,train
CT0291_A1_002,CT0291,Benralizumab,1,train
CT0291_A2_002,CT0291,Benralizumab,1,train
CT0292_A1_001,CT0292,Obiltoxaximab,0,train
CT0293_A1_001,CT0293,Obiltoxaximab,0,test
CT0293_A2_001,CT0293,Obiltoxaximab,0,test
CT0294_A2_001,CT0294,Obiltoxaximab,0,test
CT0294_A3_001,CT0294,Obiltoxaximab,0,test
CT0294_A4_001,CT0294,Obiltoxaximab,0,test
CT0294_A5_001,CT0294,Obiltoxaximab,0,test
CT0294_A6_001,CT0294,Obiltoxaximab,0,test
CT0295_A1_003,CT0295,Tocilizumab,0,train
CT0295_A1_004,CT0295,Tocilizumab,0,train
CT0295_A1_005,CT0295,Tocilizumab,0,train
CT0295_A1_006,CT0295,Tocilizumab,0,train
CT0295_A1_007,CT0295,Tocilizumab,0,train
CT0295_A1_008,CT0295,Tocilizumab,0,train
CT0295_A1_009,CT0295,Tocilizumab,0,train
CT0295_A1_010,CT0295,Tocilizumab,0,train
CT0295_A1_011,CT0295,Tocilizumab,0,train
CT0295_A1_012,CT0295,Tocilizumab,0,train
CT0296_A1_002,CT0296,Tocilizumab,1,train
CT0296_A1_003,CT0296,Tocilizumab,0,train
CT0296_A1_004,CT0296,Tocilizumab,1,train
CT0296_A1_005,CT0296,Tocilizumab,0,train
CT0296_A1_006,CT0296,Tocilizumab,0,train
CT0296_A1_007,CT0296,Tocilizumab,0,train
CT0296_A1_008,CT0296,Tocilizumab,1,train
CT0296_A1_009,CT0296,Tocilizumab,1,train
CT0296_A1_010,CT0296,Tocilizumab,1,train
CT0297_A1_002,CT0297,Avelumab,1,train
CT0297_A2_002,CT0297,Avelumab,0,train
CT0297_A3_002,CT0297,Avelumab,0,train
CT0298_A1_002,CT0298,Tocilizumab,0,train
CT0299_A1_001,CT0299,Obiltoxaximab,0,train
CT0299_A2_001,CT0299,Obiltoxaximab,0,train
CT0300_A2_001,CT0300,Erenumab,1,train
CT0300_A3_001,CT0300,Erenumab,1,train
CT0300_A4_001,CT0300,Erenumab,0,train
CT0300_A5_001,CT0300,Erenumab,1,train
CT0300_A6_001,CT0300,Erenumab,0,train
CT0300_A7_001,CT0300,Erenumab,0,train
CT0300_A8_001,CT0300,Erenumab,0,train
CT0475_A2_004,CT0475,Adalimumab,1,train
CT0302_A1_001,CT0302,Bevacizumab,0,train
CT0302_A2_001,CT0302,Bevacizumab,0,train
CT0303_A1_001,CT0303,Bococizumab,1,train
CT0304_A2_001,CT0304,Bococizumab,1,train
CT0304_A3_001,CT0304,Bococizumab,1,train
CT0304_A3_002,CT0304,Bococizumab,1,train
CT0304_A3_003,CT0304,Bococizumab,1,train
CT0304_A3_004,CT0304,Bococizumab,1,train
CT0304_A3_005,CT0304,Bococizumab,1,train
CT0305_A1_001,CT0305,Bococizumab,1,test
CT0518_A1_004,CT0518,Adalimumab,1,train
CT0518_A2_004,CT0518,Adalimumab,1,train
CT0003_A1_003,CT0003,Adalimumab,0,validation
CT0307_A1_001,CT0307,Adalimumab,1,train
CT0307_A2_001,CT0307,Adalimumab,1,train
CT0307_A3_001,CT0307,Adalimumab,1,train
CT0307_A4_001,CT0307,Adalimumab,1,train
CT0308_A1_001,CT0308,Infliximab,1,train
CT0308_A2_001,CT0308,Infliximab,1,train
CT0309_A1_001,CT0309,Etanercept,0,train
CT0307_A5_001,CT0307,Adalimumab,1,train
CT0309_A3_001,CT0309,Infliximab,1,train
CT0311_A1_001,CT0311,Atezolizumab,1,train
CT0311_A2_001,CT0311,Atezolizumab,1,train
CT0312_A1_002,CT0312,Tocilizumab,1,train
CT0312_A1_003,CT0312,Tocilizumab,0,train
CT0312_A1_004,CT0312,Tocilizumab,0,train
CT0312_A1_005,CT0312,Tocilizumab,1,train
CT0313_A1_002,CT0313,Tocilizumab,0,train
CT0313_A1_003,CT0313,Tocilizumab,0,train
CT0313_A1_004,CT0313,Tocilizumab,0,train
CT0314_A2_007,CT0314,Trastuzumab,0,train
CT0315_A5_001,CT0315,Obinutuzumab,0,train
CT0315_A6_001,CT0315,Obinutuzumab,0,train
CT0315_A8_001,CT0315,Obinutuzumab,0,train
CT0315_A1_002,CT0315,Polatuzumab vedotin,0,train
CT0315_A2_002,CT0315,Polatuzumab vedotin,0,train
CT0315_A3_002,CT0315,Polatuzumab vedotin,0,train
CT0315_A4_002,CT0315,Polatuzumab vedotin,0,train
CT0315_A5_002,CT0315,Polatuzumab vedotin,0,train
CT0315_A6_002,CT0315,Polatuzumab vedotin,0,train
CT0315_A7_002,CT0315,Polatuzumab vedotin,0,train
CT0315_A8_002,CT0315,Polatuzumab vedotin,0,train
CT0316_A1_002,CT0316,Tocilizumab,0,train
CT0316_A1_003,CT0316,Tocilizumab,0,train
CT0316_A1_005,CT0316,Tocilizumab,0,train
CT0316_A1_006,CT0316,Tocilizumab,0,train
CT0316_A2_002,CT0316,Tocilizumab,0,train
CT0316_A2_003,CT0316,Tocilizumab,0,train
CT0316_A2_005,CT0316,Tocilizumab,0,train
CT0316_A2_006,CT0316,Tocilizumab,0,train
CT0316_A3_001,CT0316,Tocilizumab,0,train
CT0316_A3_002,CT0316,Tocilizumab,0,train
CT0316_A3_003,CT0316,Tocilizumab,0,train
CT0316_A3_004,CT0316,Tocilizumab,0,train
CT0316_A4_001,CT0316,Tocilizumab,0,train
CT0316_A4_002,CT0316,Tocilizumab,0,train
CT0316_A4_003,CT0316,Tocilizumab,0,train
CT0316_A4_004,CT0316,Tocilizumab,0,train
CT0316_A5_001,CT0316,Tocilizumab,0,train
CT0316_A5_002,CT0316,Tocilizumab,0,train
CT0316_A5_003,CT0316,Tocilizumab,0,train
CT0316_A5_004,CT0316,Tocilizumab,0,train
CT0316_A6_001,CT0316,Tocilizumab,0,train
CT0316_A6_002,CT0316,Tocilizumab,0,train
CT0316_A6_003,CT0316,Tocilizumab,0,train
CT0316_A6_004,CT0316,Tocilizumab,0,train
CT0317_A1_001,CT0317,Blinatumomab,0,train
CT0318_A2_002,CT0318,Otelixizumab,1,train
CT0318_A3_002,CT0318,Otelixizumab,1,train
CT0318_A4_002,CT0318,Otelixizumab,1,train
CT0318_A2_003,CT0318,Otelixizumab,1,train
CT0318_A3_003,CT0318,Otelixizumab,1,train
CT0318_A4_003,CT0318,Otelixizumab,1,train
CT0319_A1_001,CT0319,Tocilizumab,0,test
CT0320_A1_001,CT0320,Atezolizumab,1,test
CT0321_A1_001,CT0321,Blinatumomab,0,train
CT0322_A1_002,CT0322,Denosumab,0,train
CT0440_A1_002,CT0440,Adalimumab,1,train
CT0440_A3_002,CT0440,Adalimumab,1,train
CT0457_A1_001,CT0457,Adalimumab,1,train
CT0457_A2_001,CT0457,Adalimumab,1,train
CT0601_A1_001,CT0601,Adalimumab,1,train
CT0601_A4_001,CT0601,Adalimumab,1,train
CT0324_A1_001,CT0324,Raxibacumab,0,train
CT0325_A1_002,CT0325,Atezolizumab,1,train
CT0325_A1_004,CT0325,Atezolizumab,1,train
CT0325_A1_006,CT0325,Atezolizumab,1,train
CT0325_A1_008,CT0325,Atezolizumab,1,train
CT0326_A1_002,CT0326,Tocilizumab,0,validation
CT0327_A1_002,CT0327,Tralokinumab,0,validation
CT0327_A2_002,CT0327,Tralokinumab,0,validation
CT0328_A1_002,CT0328,Vedolizumab,0,train
CT0328_A1_003,CT0328,Vedolizumab,0,train
CT0328_A2_002,CT0328,Vedolizumab,0,train
CT0328_A5_001,CT0328,Vedolizumab,0,train
CT0328_A2_003,CT0328,Vedolizumab,0,train
CT0328_A5_002,CT0328,Vedolizumab,1,train
CT0328_A2_004,CT0328,Vedolizumab,0,train
CT0328_A5_003,CT0328,Vedolizumab,1,train
CT0328_A2_005,CT0328,Vedolizumab,0,train
CT0328_A5_004,CT0328,Vedolizumab,0,train
CT0328_A4_002,CT0328,Vedolizumab,0,train
CT0328_A4_003,CT0328,Vedolizumab,0,train
CT0328_A4_004,CT0328,Vedolizumab,0,train
CT0328_A4_005,CT0328,Vedolizumab,0,train
CT0328_A4_006,CT0328,Vedolizumab,0,train
CT0329_A5_001,CT0329,Vedolizumab,0,train
CT0329_A5_002,CT0329,Vedolizumab,1,train
CT0329_A6_001,CT0329,Vedolizumab,0,train
CT0329_A6_002,CT0329,Vedolizumab,1,train
CT0329_A7_001,CT0329,Vedolizumab,0,train
CT0329_A7_002,CT0329,Vedolizumab,1,train
CT0329_A7_003,CT0329,Vedolizumab,0,train
CT0329_A7_004,CT0329,Vedolizumab,0,train
CT0329_A4_002,CT0329,Vedolizumab,0,train
CT0329_A4_003,CT0329,Vedolizumab,0,train
CT0329_A4_004,CT0329,Vedolizumab,0,train
CT0329_A4_005,CT0329,Vedolizumab,0,train
CT0330_A1_004,CT0330,Bococizumab,1,test
CT0330_A2_004,CT0330,Bococizumab,1,test
CT0330_A3_004,CT0330,Bococizumab,1,test
CT0331_A1_002,CT0331,Tocilizumab,0,train
CT0331_A1_003,CT0331,Tocilizumab,0,train
CT0331_A1_004,CT0331,Tocilizumab,0,train
CT0331_A1_005,CT0331,Tocilizumab,0,train
CT0331_A2_002,CT0331,Tocilizumab,0,train
CT0331_A2_003,CT0331,Tocilizumab,0,train
CT0331_A2_004,CT0331,Tocilizumab,0,train
CT0333_A1_001,CT0333,Denosumab,0,train
CT0333_A2_001,CT0333,Denosumab,0,train
CT0334_A1_001,CT0334,Bococizumab,1,train
CT0334_A2_001,CT0334,Bococizumab,1,train
CT0334_A3_001,CT0334,Bococizumab,1,train
CT0334_A4_001,CT0334,Bococizumab,1,train
CT0334_A5_001,CT0334,Bococizumab,1,train
CT0334_A6_001,CT0334,Bococizumab,1,train
CT0335_A1_001,CT0335,Erenumab,0,train
CT0335_A2_001,CT0335,Erenumab,0,train
CT0336_A1_001,CT0336,Ramucirumab,0,train
CT0337_A1_001,CT0337,Bevacizumab,0,train
CT0337_A1_002,CT0337,Bevacizumab,0,train
CT0337_A2_001,CT0337,Bevacizumab,0,train
CT0337_A2_002,CT0337,Bevacizumab,0,train
CT0338_A1_002,CT0338,Benralizumab,0,train
CT0338_A2_002,CT0338,Benralizumab,0,train
CT0339_A1_001,CT0339,Ramucirumab,1,train
CT0339_A2_001,CT0339,Ramucirumab,0,train
CT0339_A3_001,CT0339,Ramucirumab,0,train
CT0339_A4_001,CT0339,Ramucirumab,0,train
CT0339_A5_001,CT0339,Ramucirumab,0,train
CT0339_A6_001,CT0339,Ramucirumab,0,train
CT0339_A1_002,CT0339,Emibetuzumab,0,train
CT0339_A2_002,CT0339,Emibetuzumab,0,train
CT0339_A3_002,CT0339,Emibetuzumab,0,train
CT0339_A4_002,CT0339,Emibetuzumab,0,train
CT0339_A5_002,CT0339,Emibetuzumab,0,train
CT0339_A6_002,CT0339,Emibetuzumab,0,train
CT0340_A1_001,CT0340,Tralokinumab,0,train
CT0340_A2_001,CT0340,Tralokinumab,0,train
CT0340_A3_001,CT0340,Tralokinumab,0,train
CT0340_A4_001,CT0340,Tralokinumab,0,train
CT0341_A1_001,CT0341,Bococizumab,1,train
CT0341_A2_001,CT0341,Bococizumab,1,train
CT0341_A2_002,CT0341,Bococizumab,1,train
CT0341_A2_003,CT0341,Bococizumab,1,train
CT0341_A2_004,CT0341,Bococizumab,1,train
CT0341_A2_005,CT0341,Bococizumab,1,train
CT0342_A1_001,CT0342,Atezolizumab,1,train
CT0744_A1_001,CT0744,Adalimumab,0,train
CT0746_A1_001,CT0746,Adalimumab,1,train
CT0323_A1_001,CT0323,Adalimumab,1,train
CT0323_A4_001,CT0323,Adalimumab,1,train
CT0344_A1_001,CT0344,MEDI0680,1,train
CT0344_A2_001,CT0344,MEDI0680,0,train
CT0344_A3_001,CT0344,MEDI0680,1,train
CT0344_A4_001,CT0344,MEDI0680,0,train
CT0344_A5_001,CT0344,MEDI0680,0,train
CT0344_A6_001,CT0344,MEDI0680,0,train
CT0344_A7_001,CT0344,MEDI0680,0,train
CT0344_A8_001,CT0344,MEDI0680,0,train
CT0344_A1_002,CT0344,Durvalumab,1,train
CT0344_A2_002,CT0344,Durvalumab,0,train
CT0344_A3_002,CT0344,Durvalumab,0,train
CT0344_A4_002,CT0344,Durvalumab,0,train
CT0344_A5_002,CT0344,Durvalumab,0,train
CT0344_A6_002,CT0344,Durvalumab,0,train
CT0344_A8_002,CT0344,Durvalumab,0,train
CT0345_A1_001,CT0345,Belimumab,0,train
CT0345_A2_001,CT0345,Belimumab,0,train
CT0345_A3_001,CT0345,Belimumab,0,train
CT0345_A3_002,CT0345,Belimumab,0,train
CT0346_A1_001,CT0346,Sarilumab,1,train
CT0346_A2_002,CT0346,Sarilumab,0,train
CT0347_A1_002,CT0347,Durvalumab,0,test
CT0348_A1_002,CT0348,Pertuzumab,0,train
CT0348_A2_002,CT0348,Pertuzumab,0,train
CT0349_A1_001,CT0349,Pembrolizumab,0,train
CT0350_A1_001,CT0350,Dupilumab,0,train
CT0350_A2_001,CT0350,Dupilumab,0,train
CT0350_A1_002,CT0350,Dupilumab,0,train
CT0350_A3_001,CT0350,Dupilumab,0,train
CT0350_A1_003,CT0350,Dupilumab,0,train
CT0350_A4_001,CT0350,Dupilumab,0,train
CT0350_A1_004,CT0350,Dupilumab,0,train
CT0350_A5_001,CT0350,Dupilumab,1,train
CT0351_A1_001,CT0351,Bococizumab,1,train
CT0352_A1_001,CT0352,Etrolizumab,1,validation
CT0353_A1_002,CT0353,Benralizumab,0,validation
CT0353_A2_002,CT0353,Benralizumab,0,validation
CT0508_A1_002,CT0508,Eptinezumab,0,train
CT0354_A1_001,CT0354,Avelumab,0,validation
CT0354_A2_001,CT0354,Avelumab,0,validation
CT0355_A1_002,CT0355,Benralizumab,1,train
CT0355_A2_002,CT0355,Benralizumab,0,train
CT0355_A3_002,CT0355,Benralizumab,1,train
CT0356_A1_002,CT0356,Tralokinumab,0,train
CT0356_A2_002,CT0356,Tralokinumab,0,train
CT0357_A1_002,CT0357,Etrolizumab,1,train
CT0358_A2_001,CT0358,Galcanezumab,0,test
CT0358_A3_001,CT0358,Galcanezumab,0,test
CT0358_A4_001,CT0358,Galcanezumab,0,test
CT0358_A5_001,CT0358,Galcanezumab,0,test
CT0359_A1_002,CT0359,Etrolizumab,1,train
CT0360_A1_001,CT0360,Brodalumab,0,test
CT0360_A2_001,CT0360,Brodalumab,0,test
CT0361_A1_001,CT0361,Pembrolizumab,0,train
CT0361_A2_001,CT0361,Pembrolizumab,0,train
CT0361_A3_001,CT0361,Pembrolizumab,0,train
CT0361_A4_001,CT0361,Pembrolizumab,0,train
CT0361_A5_001,CT0361,Pembrolizumab,0,train
CT0361_A1_003,CT0361,Utomilumab,1,train
CT0361_A2_003,CT0361,Utomilumab,1,train
CT0361_A3_003,CT0361,Utomilumab,1,train
CT0361_A4_003,CT0361,Utomilumab,1,train
CT0361_A5_003,CT0361,Utomilumab,1,train
CT0362_A1_001,CT0362,Trastuzumab,0,validation
CT0362_A2_001,CT0362,Trastuzumab,0,validation
CT0362_A1_002,CT0362,Trastuzumab,0,validation
CT0362_A2_002,CT0362,Trastuzumab,0,validation
CT0362_A1_003,CT0362,Trastuzumab,0,validation
CT0362_A2_003,CT0362,Trastuzumab,0,validation
CT0362_A1_004,CT0362,Trastuzumab,0,validation
CT0362_A2_004,CT0362,Trastuzumab,0,validation
CT0363_A1_002,CT0363,Tralokinumab,0,test
CT0364_A1_001,CT0364,Rituximab,1,validation
CT0364_A2_001,CT0364,Rituximab,1,validation
CT0365_A1_001,CT0365,Infliximab,1,train
CT0365_A2_001,CT0365,Infliximab,1,train
CT0365_A1_002,CT0365,Infliximab,1,train
CT0365_A3_001,CT0365,Infliximab,1,train
CT0365_A4_001,CT0365,Infliximab,1,train
CT0365_A1_003,CT0365,Infliximab,1,train
CT0365_A5_001,CT0365,Infliximab,1,train
CT0365_A6_001,CT0365,Infliximab,1,train
CT0366_A1_001,CT0366,Moxetumomab pasudotox,1,test
CT0367_A3_001,CT0367,Polatuzumab vedotin,0,train
CT0367_A4_001,CT0367,Polatuzumab vedotin,1,train
CT0368_A1_002,CT0368,Benralizumab,0,train
CT0368_A2_002,CT0368,Benralizumab,0,train
CT0368_A3_002,CT0368,Benralizumab,0,train
CT0368_A4_002,CT0368,Benralizumab,0,train
CT0368_A5_002,CT0368,Benralizumab,0,train
CT0368_A6_002,CT0368,Benralizumab,0,train
CT0343_A1_001,CT0343,Adalimumab,1,test
CT0343_A2_001,CT0343,Adalimumab,1,test
CT0370_A1_001,CT0370,Rituximab,0,train
CT0370_A2_001,CT0370,Rituximab,0,train
CT0371_A1_001,CT0371,Evolocumab,0,train
CT0371_A2_001,CT0371,Evolocumab,0,train
CT0371_A3_001,CT0371,Evolocumab,0,train
CT0372_A1_001,CT0372,Vobarilizumab,1,test
CT0372_A2_001,CT0372,Vobarilizumab,1,test
CT0372_A3_001,CT0372,Vobarilizumab,1,test
CT0373_A1_001,CT0373,Atezolizumab,1,train
CT0374_A1_001,CT0374,Burosumab,1,train
CT0375_A2_001,CT0375,Burosumab,1,train
CT0376_A1_001,CT0376,Ramucirumab,0,test
CT0056_A1_002,CT0056,Reslizumab,0,test
CT0080_A1_001,CT0080,Ofatumumab,0,test
CT0080_A2_001,CT0080,Ofatumumab,0,test
CT0084_A1_001,CT0084,Ofatumumab,0,train
CT0378_A1_001,CT0378,Olaratumab,0,train
CT0378_A2_001,CT0378,Olaratumab,0,train
CT0379_A1_001,CT0379,Omalizumab,0,train
CT0379_A2_001,CT0379,Omalizumab,0,train
CT0601_A2_001,CT0601,Adalimumab,1,train
CT0381_A1_001,CT0381,Ixekizumab,0,train
CT0381_A2_001,CT0381,Ixekizumab,0,train
CT0382_A1_001,CT0382,Ramucirumab,0,train
CT0382_A2_001,CT0382,Ramucirumab,0,train
CT0382_A3_001,CT0382,Ramucirumab,0,train
CT0084_A2_001,CT0084,Ofatumumab,0,train
CT0383_A1_002,CT0383,Pembrolizumab,0,test
CT0097_A1_001,CT0097,Ofatumumab,0,train
CT0118_A1_002,CT0118,Tanezumab,0,test
CT0384_A1_002,CT0384,Bevacizumab,0,train
CT0384_A2_002,CT0384,Bevacizumab,0,train
CT0385_A1_001,CT0385,Atezolizumab,0,train
CT0385_A2_001,CT0385,Atezolizumab,0,train
CT0128_A1_002,CT0128,Tanezumab,0,train
CT0386_A1_002,CT0386,Atezolizumab,1,train
CT0235_A1_002,CT0235,Ofatumumab,0,train
CT0386_A2_002,CT0386,Atezolizumab,1,train
CT0235_A2_002,CT0235,Ofatumumab,0,train
CT0387_A1_002,CT0387,Atezolizumab,1,train
CT0387_A2_002,CT0387,Atezolizumab,1,train
CT0388_A1_001,CT0388,Rituximab,1,train
CT0389_A1_001,CT0389,Necitumumab,0,train
CT0390_A1_001,CT0390,Evolocumab,0,test
CT0391_A1_001,CT0391,Blinatumomab,0,test
CT0392_A1_001,CT0392,Avelumab,1,train
CT0393_A2_001,CT0393,Galcanezumab,0,validation
CT0601_A3_001,CT0601,Adalimumab,1,train
CT0601_A4_002,CT0601,Adalimumab,1,train
CT0601_A4_003,CT0601,Adalimumab,1,train
CT0107_A1_002,CT0107,Adalimumab,1,train
CT0263_A1_001,CT0263,Adalimumab,1,test
CT0263_A2_001,CT0263,Adalimumab,1,test
CT0457_A1_002,CT0457,Adalimumab,1,train
CT0457_A3_001,CT0457,Adalimumab,1,train
CT0457_A4_001,CT0457,Adalimumab,1,train
CT0469_A1_004,CT0469,Adalimumab,1,train
CT0475_A1_005,CT0475,Adalimumab,1,train
CT0475_A1_006,CT0475,Adalimumab,1,train
CT0475_A2_005,CT0475,Adalimumab,1,train
CT0475_A3_001,CT0475,Adalimumab,1,train
CT0518_A1_005,CT0518,Adalimumab,1,train
CT0518_A2_005,CT0518,Adalimumab,1,train
CT0395_A1_002,CT0395,Atezolizumab,1,test
CT0396_A1_001,CT0396,Ramucirumab,0,validation
CT0397_A1_001,CT0397,Blinatumomab,0,train
CT0397_A2_001,CT0397,Blinatumomab,0,train
CT0397_A3_001,CT0397,Blinatumomab,0,train
CT0398_A1_001,CT0398,Rituximab,0,train
CT0399_A1_002,CT0399,Benralizumab,1,train
CT0314_A1_004,CT0314,Trastuzumab,0,train
CT0400_A1_002,CT0400,Atezolizumab,1,train
CT0400_A1_003,CT0400,Atezolizumab,0,train
CT0314_A2_004,CT0314,Trastuzumab,0,train
CT0401_A1_002,CT0401,Atezolizumab,1,train
CT0402_A1_001,CT0402,Ramucirumab,0,train
CT0403_A1_001,CT0403,Ramucirumab,0,train
CT0404_A2_001,CT0404,Galcanezumab,0,train
CT0405_A1_001,CT0405,Ramucirumab,0,train
CT0405_A4_002,CT0405,Ramucirumab,0,train
CT0405_A2_001,CT0405,Ramucirumab,0,train
CT0405_A3_001,CT0405,Ramucirumab,0,train
CT0314_A1_005,CT0314,Trastuzumab,0,train
CT0314_A2_005,CT0314,Trastuzumab,0,train
CT0314_A1_006,CT0314,Trastuzumab,0,train
CT0314_A2_006,CT0314,Trastuzumab,0,train
CT0377_A1_001,CT0377,Durvalumab,0,train
CT0377_A2_001,CT0377,Durvalumab,0,train
CT0377_A3_001,CT0377,Durvalumab,0,train
CT0377_A4_001,CT0377,Durvalumab,0,train
CT0407_A1_002,CT0407,Imalumab,0,test
CT0407_A2_002,CT0407,Imalumab,0,test
CT0407_A3_002,CT0407,Imalumab,0,test
CT0407_A4_002,CT0407,Imalumab,0,test
CT0407_A5_002,CT0407,Imalumab,0,test
CT0407_A7_002,CT0407,Imalumab,0,test
CT0408_A1_001,CT0408,Atezolizumab,1,validation
CT0409_A1_001,CT0409,Necitumumab,0,train
CT0409_A2_001,CT0409,Necitumumab,0,train
CT0409_A3_001,CT0409,Necitumumab,0,train
CT0377_A5_001,CT0377,Durvalumab,0,train
CT0377_A7_001,CT0377,Durvalumab,0,train
CT0410_A2_002,CT0410,Tocilizumab,0,test
CT0410_A2_003,CT0410,Tocilizumab,0,test
CT0411_A1_002,CT0411,Durvalumab,0,train
CT0411_A2_002,CT0411,Durvalumab,0,train
CT0411_A2_004,CT0411,Tremelimumab,1,train
CT0412_A1_001,CT0412,Bococizumab,1,validation
CT0412_A2_001,CT0412,Bococizumab,1,validation
CT0413_A1_002,CT0413,Atezolizumab,1,train
CT0534_A1_001,CT0534,Adalimumab,0,train
CT0534_A2_001,CT0534,Adalimumab,0,train
CT0601_A3_002,CT0601,Adalimumab,1,train
CT0601_A4_004,CT0601,Adalimumab,1,train
CT0722_A1_001,CT0722,Adalimumab,0,train
CT0724_A1_001,CT0724,Adalimumab,1,train
CT0725_A1_001,CT0725,Adalimumab,1,train
CT0414_A1_001,CT0414,Adalimumab,1,test
CT0415_A1_001,CT0415,Erenumab,0,train
CT0415_A2_001,CT0415,Erenumab,0,train
CT0416_A1_002,CT0416,Avelumab,0,validation
CT0416_A2_002,CT0416,Avelumab,1,validation
CT0417_A1_001,CT0417,Durvalumab,0,train
CT0418_A2_001,CT0418,Reslizumab,1,train
CT0419_A1_002,CT0419,Ranibizumab,0,train
CT0419_A2_002,CT0419,Ranibizumab,1,train
CT0419_A3_002,CT0419,Ranibizumab,1,train
CT0419_A4_002,CT0419,Ranibizumab,1,train
CT0420_A1_001,CT0420,Ixekizumab,1,train
CT0420_A2_001,CT0420,Ixekizumab,1,train
CT0420_A3_001,CT0420,Ixekizumab,1,train
CT0421_A1_001,CT0421,Ramucirumab,0,train
CT0421_A2_001,CT0421,Ramucirumab,0,train
CT0422_A1_001,CT0422,Rituximab,0,train
CT0422_A2_001,CT0422,Rituximab,0,train
CT0423_A1_002,CT0423,Durvalumab,0,train
CT0423_A2_002,CT0423,Durvalumab,0,train
CT0423_A1_004,CT0423,Tremelimumab,1,train
CT0127_A1_002,CT0127,Ofatumumab,0,train
CT0200_A2_001,CT0200,Obinutuzumab,0,train
CT0424_A1_002,CT0424,Cabiralizumab,0,test
CT0424_A2_002,CT0424,Cabiralizumab,1,test
CT0424_A3_002,CT0424,Cabiralizumab,0,test
CT0424_A4_002,CT0424,Cabiralizumab,0,test
CT0424_A5_002,CT0424,Cabiralizumab,0,test
CT0424_A6_002,CT0424,Cabiralizumab,1,test
CT0424_A7_002,CT0424,Cabiralizumab,0,test
CT0424_A8_002,CT0424,Cabiralizumab,1,test
CT0257_A1_002,CT0257,Obinutuzumab,0,validation
CT0257_A2_002,CT0257,Obinutuzumab,0,validation
CT0257_A3_002,CT0257,Obinutuzumab,0,validation
CT0424_A4_004,CT0424,Nivolumab,1,test
CT0424_A5_004,CT0424,Nivolumab,0,test
CT0424_A6_004,CT0424,Nivolumab,1,test
CT0424_A7_004,CT0424,Nivolumab,1,test
CT0424_A8_004,CT0424,Nivolumab,1,test
CT0425_A3_001,CT0425,Tanezumab,1,test
CT0425_A1_002,CT0425,Tanezumab,1,test
CT0425_A3_002,CT0425,Tanezumab,1,test
CT0425_A1_003,CT0425,Tanezumab,1,test
CT0425_A3_003,CT0425,Tanezumab,1,test
CT0425_A1_004,CT0425,Tanezumab,1,test
CT0425_A3_004,CT0425,Tanezumab,1,test
CT0425_A1_005,CT0425,Tanezumab,1,test
CT0425_A3_005,CT0425,Tanezumab,1,test
CT0425_A1_006,CT0425,Tanezumab,1,test
CT0425_A3_006,CT0425,Tanezumab,1,test
CT0425_A1_007,CT0425,Tanezumab,1,test
CT0425_A3_007,CT0425,Tanezumab,1,test
CT0425_A1_008,CT0425,Tanezumab,1,test
CT0314_A1_002,CT0314,Trastuzumab,0,train
CT0314_A2_002,CT0314,Trastuzumab,0,train
CT0314_A1_003,CT0314,Trastuzumab,0,train
CT0314_A2_003,CT0314,Trastuzumab,0,train
CT0426_A5_001,CT0426,Tanezumab,1,train
CT0426_A6_001,CT0426,Tanezumab,0,train
CT0426_A7_001,CT0426,Tanezumab,1,train
CT0426_A5_002,CT0426,Tanezumab,1,train
CT0426_A6_002,CT0426,Tanezumab,1,train
CT0426_A7_002,CT0426,Tanezumab,1,train
CT0426_A6_003,CT0426,Tanezumab,1,train
CT0426_A7_003,CT0426,Tanezumab,1,train
CT0426_A6_005,CT0426,Tanezumab,1,train
CT0426_A7_005,CT0426,Tanezumab,1,train
CT0426_A6_006,CT0426,Tanezumab,1,train
CT0426_A7_006,CT0426,Tanezumab,1,train
CT0426_A6_007,CT0426,Tanezumab,1,train
CT0426_A7_007,CT0426,Tanezumab,1,train
CT0426_A6_008,CT0426,Tanezumab,1,train
CT0426_A7_008,CT0426,Tanezumab,0,train
CT0427_A1_001,CT0427,GSK3174998,0,train
CT0427_A2_001,CT0427,GSK3174998,0,train
CT0427_A3_001,CT0427,GSK3174998,1,train
CT0427_A4_001,CT0427,GSK3174998,1,train
CT0427_A5_001,CT0427,GSK3174998,1,train
CT0427_A6_001,CT0427,GSK3174998,1,train
CT0427_A7_001,CT0427,GSK3174998,1,train
CT0427_A8_001,CT0427,GSK3174998,0,train
CT0427_A9_001,CT0427,GSK3174998,1,train
CT0427_A10_001,CT0427,GSK3174998,1,train
CT0427_A11_001,CT0427,GSK3174998,1,train
CT0427_A12_001,CT0427,GSK3174998,1,train
CT0427_A13_001,CT0427,GSK3174998,1,train
CT0427_A14_001,CT0427,GSK3174998,1,train
CT0427_A15_001,CT0427,GSK3174998,0,train
CT0427_A16_001,CT0427,GSK3174998,0,train
CT0427_A17_001,CT0427,GSK3174998,1,train
CT0427_A18_001,CT0427,GSK3174998,1,train
CT0427_A19_001,CT0427,GSK3174998,1,train
CT0427_A9_002,CT0427,Pembrolizumab,1,train
CT0427_A10_002,CT0427,Pembrolizumab,0,train
CT0427_A11_002,CT0427,Pembrolizumab,0,train
CT0427_A12_002,CT0427,Pembrolizumab,0,train
CT0427_A13_002,CT0427,Pembrolizumab,0,train
CT0427_A14_002,CT0427,Pembrolizumab,0,train
CT0427_A15_002,CT0427,Pembrolizumab,0,train
CT0427_A16_002,CT0427,Pembrolizumab,0,train
CT0428_A1_001,CT0428,Ramucirumab,0,train
CT0428_A2_001,CT0428,Ramucirumab,0,train
CT0430_A1_002,CT0430,Atezolizumab,1,test
CT0431_A1_002,CT0431,Durvalumab,0,test
CT0431_A2_002,CT0431,Durvalumab,0,test
CT0431_A1_007,CT0431,Tremelimumab,1,test
CT0431_A2_007,CT0431,Tremelimumab,0,test
CT0433_A1_002,CT0433,Ocrelizumab,0,train
CT0433_A2_002,CT0433,Ocrelizumab,0,train
CT0434_A1_001,CT0434,Durvalumab,0,train
CT0434_A2_001,CT0434,Durvalumab,1,train
CT0434_A1_003,CT0434,Tremelimumab,0,train
CT0435_A1_001,CT0435,Ramucirumab,0,train
CT0435_A2_001,CT0435,Ramucirumab,0,train
CT0435_A3_001,CT0435,Ramucirumab,0,train
CT0436_A2_002,CT0436,Dupilumab,0,train
CT0437_A1_001,CT0437,Bezlotoxumab,0,train
CT0437_A2_001,CT0437,Bezlotoxumab,0,train
CT0437_A3_001,CT0437,Bezlotoxumab,0,train
CT0438_A1_001,CT0438,Avelumab,1,train
CT0438_A2_001,CT0438,Avelumab,1,train
CT0439_A1_001,CT0439,Avelumab,1,train
CT0439_A2_001,CT0439,Avelumab,0,train
CT0414_A3_001,CT0414,Adalimumab,1,test
CT0601_A3_003,CT0601,Adalimumab,1,train
CT0601_A4_005,CT0601,Adalimumab,1,train
CT0306_A1_001,CT0306,Adalimumab,1,validation
CT0306_A2_001,CT0306,Adalimumab,1,validation
CT0394_A1_001,CT0394,Adalimumab,1,test
CT0394_A1_002,CT0394,Adalimumab,1,test
CT0394_A1_003,CT0394,Adalimumab,1,test
CT0441_A1_001,CT0441,Durvalumab,1,train
CT0441_A1_002,CT0441,Durvalumab,0,train
CT0442_A1_001,CT0442,Avelumab,1,train
CT0442_A2_001,CT0442,Avelumab,1,train
CT0432_A1_001,CT0432,Erenumab,0,train
CT0432_A1_002,CT0432,Erenumab,0,train
CT0443_A1_003,CT0443,Atezolizumab,0,validation
CT0443_A1_004,CT0443,Atezolizumab,0,validation
CT0443_A1_008,CT0443,Obinutuzumab,0,validation
CT0443_A1_009,CT0443,Obinutuzumab,0,validation
CT0443_A1_010,CT0443,Obinutuzumab,0,validation
CT0443_A2_003,CT0443,Atezolizumab,0,validation
CT0443_A2_004,CT0443,Atezolizumab,0,validation
CT0443_A3_003,CT0443,Atezolizumab,0,validation
CT0443_A3_004,CT0443,Atezolizumab,0,validation
CT0443_A3_005,CT0443,Atezolizumab,0,validation
CT0443_A1_007,CT0443,Obinutuzumab,0,validation
CT0443_A3_010,CT0443,Rituximab,0,validation
CT0443_A3_011,CT0443,Rituximab,0,validation
CT0443_A3_012,CT0443,Rituximab,0,validation
CT0444_A1_001,CT0444,Avelumab,0,validation
CT0444_A2_001,CT0444,Avelumab,1,validation
CT0444_A3_001,CT0444,Avelumab,1,validation
CT0444_A4_001,CT0444,Avelumab,1,validation
CT0444_A5_001,CT0444,Avelumab,0,validation
CT0444_A6_001,CT0444,Avelumab,1,validation
CT0445_A1_001,CT0445,Avelumab,1,validation
CT0446_A1_001,CT0446,Infliximab,0,test
CT0446_A2_001,CT0446,Infliximab,0,test
CT0447_A1_003,CT0447,Ranibizumab,0,test
CT0447_A2_003,CT0447,Ranibizumab,0,test
CT0447_A1_004,CT0447,Ranibizumab,0,test
CT0447_A2_004,CT0447,Ranibizumab,0,test
CT0447_A1_005,CT0447,Ranibizumab,0,test
CT0447_A2_005,CT0447,Ranibizumab,0,test
CT0447_A1_006,CT0447,Ranibizumab,0,test
CT0447_A2_006,CT0447,Ranibizumab,0,test
CT0449_A2_001,CT0449,Galcanezumab,0,test
CT0449_A3_001,CT0449,Galcanezumab,0,test
CT0450_A2_001,CT0450,Galcanezumab,0,train
CT0450_A3_001,CT0450,Galcanezumab,0,train
CT0451_A2_001,CT0451,Galcanezumab,0,validation
CT0451_A3_001,CT0451,Galcanezumab,0,validation
CT0452_A1_001,CT0452,Galcanezumab,1,train
CT0452_A2_001,CT0452,Galcanezumab,0,train
CT0443_A3_009,CT0443,Rituximab,0,validation
CT0453_A5_001,CT0453,Erenumab,0,validation
CT0453_A2_002,CT0453,Erenumab,0,validation
CT0453_A3_002,CT0453,Erenumab,0,validation
CT0453_A4_002,CT0453,Erenumab,0,validation
CT0453_A5_002,CT0453,Erenumab,0,validation
CT0453_A2_003,CT0453,Erenumab,0,validation
CT0453_A3_003,CT0453,Erenumab,0,validation
CT0453_A4_003,CT0453,Erenumab,0,validation
CT0447_A1_002,CT0447,Ranibizumab,0,test
CT0447_A2_002,CT0447,Ranibizumab,0,test
CT0454_A1_005,CT0454,Obinutuzumab,0,test
CT0454_A1_007,CT0454,Atezolizumab,0,test
CT0443_A1_002,CT0443,Atezolizumab,0,validation
CT0443_A1_006,CT0443,Obinutuzumab,0,validation
CT0454_A1_010,CT0454,Atezolizumab,0,test
CT0454_A1_011,CT0454,Atezolizumab,0,test
CT0454_A1_012,CT0454,Atezolizumab,0,test
CT0454_A1_013,CT0454,Atezolizumab,0,test
CT0454_A1_014,CT0454,Atezolizumab,0,test
CT0454_A1_017,CT0454,Atezolizumab,0,test
CT0443_A2_002,CT0443,Atezolizumab,0,validation
CT0454_A2_005,CT0454,Obinutuzumab,0,test
CT0454_A1_002,CT0454,Obinutuzumab,0,test
CT0454_A2_007,CT0454,Obinutuzumab,0,test
CT0454_A2_010,CT0454,Obinutuzumab,0,test
CT0454_A2_011,CT0454,Obinutuzumab,0,test
CT0454_A2_012,CT0454,Obinutuzumab,0,test
CT0454_A2_013,CT0454,Obinutuzumab,0,test
CT0454_A2_014,CT0454,Obinutuzumab,0,test
CT0454_A2_016,CT0454,Obinutuzumab,0,test
CT0454_A1_009,CT0454,Atezolizumab,0,test
CT0455_A1_002,CT0455,Atezolizumab,1,train
CT0456_A1_001,CT0456,Olaratumab,0,train
CT0456_A2_001,CT0456,Olaratumab,0,train
CT0394_A3_001,CT0394,Adalimumab,1,test
CT0394_A3_002,CT0394,Adalimumab,1,test
CT0394_A3_003,CT0394,Adalimumab,1,test
CT0394_A5_001,CT0394,Adalimumab,1,test
CT0394_A5_002,CT0394,Adalimumab,1,test
CT0394_A5_003,CT0394,Adalimumab,1,test
CT0394_A7_001,CT0394,Adalimumab,1,test
CT0394_A7_002,CT0394,Adalimumab,1,test
CT0394_A7_003,CT0394,Adalimumab,1,test
CT0601_A3_004,CT0601,Adalimumab,1,train
CT0601_A4_006,CT0601,Adalimumab,1,train
CT0745_A1_001,CT0745,Adalimumab,1,train
CT0745_A1_002,CT0745,Adalimumab,1,train
CT0601_A3_005,CT0601,Adalimumab,1,train
CT0458_A1_001,CT0458,Durvalumab,0,train
CT0458_A2_001,CT0458,Durvalumab,0,train
CT0458_A3_001,CT0458,Durvalumab,0,train
CT0458_A4_001,CT0458,Durvalumab,0,train
CT0458_A5_001,CT0458,Durvalumab,1,train
CT0458_A6_001,CT0458,Durvalumab,0,train
CT0458_A7_001,CT0458,Durvalumab,0,train
CT0458_A8_001,CT0458,Durvalumab,0,train
CT0458_A9_001,CT0458,Durvalumab,0,train
CT0458_A10_001,CT0458,Durvalumab,0,train
CT0458_A11_001,CT0458,Durvalumab,0,train
CT0458_A12_001,CT0458,Durvalumab,0,train
CT0458_A14_001,CT0458,Durvalumab,0,train
CT0458_A1_002,CT0458,Monalizumab,0,train
CT0458_A2_002,CT0458,Monalizumab,0,train
CT0458_A3_002,CT0458,Monalizumab,0,train
CT0458_A4_002,CT0458,Monalizumab,1,train
CT0458_A5_002,CT0458,Monalizumab,0,train
CT0458_A6_002,CT0458,Monalizumab,1,train
CT0458_A7_002,CT0458,Monalizumab,1,train
CT0458_A8_002,CT0458,Monalizumab,1,train
CT0458_A9_002,CT0458,Monalizumab,1,train
CT0458_A10_002,CT0458,Monalizumab,0,train
CT0458_A11_002,CT0458,Monalizumab,0,train
CT0458_A12_002,CT0458,Monalizumab,1,train
CT0458_A13_002,CT0458,Monalizumab,1,train
CT0458_A14_002,CT0458,Monalizumab,1,train
CT0458_A15_002,CT0458,Monalizumab,1,train
CT0458_A11_003,CT0458,Cetuximab,0,train
CT0458_A12_003,CT0458,Cetuximab,0,train
CT0458_A13_003,CT0458,Cetuximab,0,train
CT0458_A14_003,CT0458,Cetuximab,0,train
CT0459_A1_001,CT0459,Olaratumab,0,train
CT0459_A2_001,CT0459,Olaratumab,0,train
CT0459_A3_001,CT0459,Olaratumab,0,train
CT0459_A4_001,CT0459,Olaratumab,0,train
CT0459_A5_001,CT0459,Olaratumab,0,train
CT0459_A6_001,CT0459,Olaratumab,0,train
CT0459_A7_001,CT0459,Olaratumab,0,train
CT0459_A8_001,CT0459,Olaratumab,0,train
CT0459_A9_001,CT0459,Olaratumab,0,train
CT0460_A1_001,CT0460,Durvalumab,0,validation
CT0460_A2_001,CT0460,Durvalumab,1,validation
CT0460_A3_001,CT0460,Durvalumab,0,validation
CT0461_A1_001,CT0461,Margetuximab,1,validation
CT0461_A2_001,CT0461,Margetuximab,0,validation
CT0462_A2_001,CT0462,Ixekizumab,0,test
CT0462_A3_001,CT0462,Ixekizumab,0,test
CT0463_A1_001,CT0463,Ixekizumab,0,train
CT0463_A2_001,CT0463,Ixekizumab,0,train
CT0454_A2_002,CT0454,Obinutuzumab,0,test
CT0443_A3_008,CT0443,Rituximab,0,validation
CT0464_A2_002,CT0464,Tanezumab,1,validation
CT0464_A3_002,CT0464,Tanezumab,1,validation
CT0464_A2_003,CT0464,Tanezumab,1,validation
CT0464_A3_003,CT0464,Tanezumab,1,validation
CT0464_A2_004,CT0464,Tanezumab,1,validation
CT0464_A3_004,CT0464,Tanezumab,1,validation
CT0464_A2_005,CT0464,Tanezumab,1,validation
CT0464_A3_005,CT0464,Tanezumab,1,validation
CT0454_A2_009,CT0454,Obinutuzumab,0,test
CT0465_A2_002,CT0465,Tanezumab,0,validation
CT0465_A3_002,CT0465,Tanezumab,1,validation
CT0465_A2_003,CT0465,Tanezumab,1,validation
CT0465_A3_003,CT0465,Tanezumab,1,validation
CT0465_A2_004,CT0465,Tanezumab,1,validation
CT0465_A3_004,CT0465,Tanezumab,1,validation
CT0465_A2_005,CT0465,Tanezumab,1,validation
CT0465_A3_005,CT0465,Tanezumab,1,validation
CT0465_A2_006,CT0465,Tanezumab,1,validation
CT0465_A3_006,CT0465,Tanezumab,1,validation
CT0466_A1_001,CT0466,Ramucirumab,0,test
CT0467_A1_001,CT0467,Avelumab,1,train
CT0467_A2_001,CT0467,Avelumab,1,train
CT0468_A2_001,CT0468,Ixekizumab,0,validation
CT0601_A4_007,CT0601,Adalimumab,1,train
CT0457_A1_003,CT0457,Adalimumab,1,train
CT0457_A3_002,CT0457,Adalimumab,1,train
CT0457_A4_002,CT0457,Adalimumab,1,train
CT0471_A1_001,CT0471,Tanezumab,1,train
CT0471_A2_001,CT0471,Tanezumab,1,train
CT0472_A1_001,CT0472,Obinutuzumab,0,train
CT0472_A3_001,CT0472,Obinutuzumab,0,train
CT0454_A1_006,CT0454,Atezolizumab,0,test
CT0454_A1_008,CT0454,Atezolizumab,0,test
CT0454_A2_006,CT0454,Obinutuzumab,0,test
CT0472_A6_004,CT0472,Rituximab,0,train
CT0454_A2_008,CT0454,Obinutuzumab,0,test
CT0472_A8_001,CT0472,Polatuzumab vedotin,0,train
CT0472_A9_001,CT0472,Polatuzumab vedotin,0,train
CT0472_A10_001,CT0472,Polatuzumab vedotin,0,train
CT0473_A1_001,CT0473,Durvalumab,0,train
CT0473_A2_001,CT0473,Durvalumab,0,train
CT0473_A3_001,CT0473,Durvalumab,0,train
CT0472_A6_003,CT0472,Rituximab,0,train
CT0469_A1_005,CT0469,Adalimumab,1,train
CT0537_A1_001,CT0537,Adalimumab,1,train
CT0537_A2_001,CT0537,Adalimumab,1,train
CT0601_A3_006,CT0601,Adalimumab,1,train
CT0601_A4_008,CT0601,Adalimumab,1,train
CT0323_A2_001,CT0323,Adalimumab,1,train
CT0323_A3_001,CT0323,Adalimumab,1,train
CT0323_A5_001,CT0323,Adalimumab,1,train
CT0323_A6_001,CT0323,Adalimumab,1,train
CT0475_A1_007,CT0475,Adalimumab,1,train
CT0475_A3_002,CT0475,Adalimumab,1,train
CT0518_A1_006,CT0518,Adalimumab,1,train
CT0476_A1_001,CT0476,Rituximab,0,validation
CT0476_A2_001,CT0476,Rituximab,0,validation
CT0477_A1_001,CT0477,Secukinumab,0,train
CT0479_A1_001,CT0479,Ixekizumab,1,validation
CT0479_A3_001,CT0479,Ixekizumab,0,validation
CT0480_A1_001,CT0480,Olaratumab,0,train
CT0481_A1_001,CT0481,Atezolizumab,1,train
CT0481_A2_001,CT0481,Atezolizumab,1,train
CT0482_A1_002,CT0482,Atezolizumab,0,train
CT0482_A2_002,CT0482,Atezolizumab,1,train
CT0483_A1_001,CT0483,Rituximab,1,train
CT0483_A2_001,CT0483,Rituximab,1,train
CT0483_A3_001,CT0483,Rituximab,1,train
CT0484_A1_001,CT0484,Galcanezumab,0,train
CT0485_A1_001,CT0485,Durvalumab,0,train
CT0485_A2_001,CT0485,Durvalumab,0,train
CT0485_A3_001,CT0485,Durvalumab,1,train
CT0485_A4_001,CT0485,Durvalumab,0,train
CT0485_A5_001,CT0485,Durvalumab,1,train
CT0485_A6_001,CT0485,Durvalumab,0,train
CT0485_A7_001,CT0485,Durvalumab,0,train
CT0472_A2_001,CT0472,Atezolizumab,0,train
CT0486_A1_002,CT0486,Benralizumab,0,train
CT0472_A2_002,CT0472,Atezolizumab,0,train
CT0486_A2_002,CT0486,Benralizumab,1,train
CT0487_A1_002,CT0487,Rituximab,0,test
CT0487_A2_002,CT0487,Rituximab,0,test
CT0487_A1_003,CT0487,Rituximab,0,test
CT0487_A2_003,CT0487,Rituximab,0,test
CT0487_A1_004,CT0487,Rituximab,0,test
CT0487_A2_004,CT0487,Rituximab,0,test
CT0487_A1_005,CT0487,Rituximab,0,test
CT0487_A2_005,CT0487,Rituximab,0,test
CT0487_A1_006,CT0487,Rituximab,0,test
CT0487_A2_006,CT0487,Rituximab,0,test
CT0487_A1_007,CT0487,Rituximab,0,test
CT0487_A2_007,CT0487,Rituximab,0,test
CT0487_A1_008,CT0487,Rituximab,0,test
CT0487_A2_008,CT0487,Rituximab,1,test
CT0488_A1_002,CT0488,Bevacizumab,0,validation
CT0488_A2_002,CT0488,Bevacizumab,0,validation
CT0489_A1_001,CT0489,Idarucizumab,0,train
CT0490_A1_001,CT0490,Golimumab,1,train
CT0490_A1_002,CT0490,Golimumab,1,train
CT0472_A4_001,CT0472,Atezolizumab,0,train
CT0491_A1_002,CT0491,Benralizumab,0,train
CT0472_A4_002,CT0472,Atezolizumab,0,train
CT0492_A1_001,CT0492,Dupilumab,0,test
CT0492_A2_001,CT0492,Dupilumab,1,test
CT0493_A2_002,CT0493,Atezolizumab,1,test
CT0494_A2_001,CT0494,Dupilumab,1,test
CT0472_A6_002,CT0472,Rituximab,0,train
CT0495_A1_002,CT0495,Benralizumab,0,train
CT0472_A7_001,CT0472,Atezolizumab,0,train
CT0472_A7_002,CT0472,Atezolizumab,0,train
CT0496_A1_002,CT0496,Infliximab,0,train
CT0496_A2_002,CT0496,Infliximab,0,train
CT0496_A3_002,CT0496,Infliximab,1,train
CT0496_A4_002,CT0496,Infliximab,1,train
CT0496_A5_002,CT0496,Infliximab,1,train
CT0496_A1_003,CT0496,Infliximab,0,train
CT0496_A2_003,CT0496,Infliximab,0,train
CT0496_A3_003,CT0496,Infliximab,1,train
CT0496_A4_003,CT0496,Infliximab,1,train
CT0496_A5_003,CT0496,Infliximab,1,train
CT0496_A1_004,CT0496,Infliximab,0,train
CT0496_A2_004,CT0496,Infliximab,1,train
CT0496_A3_004,CT0496,Infliximab,1,train
CT0496_A4_004,CT0496,Infliximab,1,train
CT0496_A5_004,CT0496,Infliximab,1,train
CT0496_A1_005,CT0496,Infliximab,0,train
CT0496_A2_005,CT0496,Infliximab,0,train
CT0496_A3_005,CT0496,Infliximab,1,train
CT0496_A4_005,CT0496,Infliximab,1,train
CT0496_A5_005,CT0496,Infliximab,1,train
CT0497_A1_001,CT0497,Atezolizumab,0,test
CT0497_A2_001,CT0497,Atezolizumab,0,test
CT0497_A3_001,CT0497,Atezolizumab,0,test
CT0497_A4_001,CT0497,Atezolizumab,0,test
CT0498_A2_001,CT0498,Dupilumab,0,train
CT0498_A3_001,CT0498,Dupilumab,0,train
CT0499_A1_002,CT0499,Avelumab,0,train
CT0499_A2_002,CT0499,Avelumab,0,train
CT0499_A3_002,CT0499,Avelumab,0,train
CT0499_A1_003,CT0499,Rituximab,0,train
CT0499_A3_003,CT0499,Rituximab,0,train
CT0499_A1_004,CT0499,Utomilumab,1,train
CT0499_A2_003,CT0499,Utomilumab,1,train
CT0500_A1_001,CT0500,Atezolizumab,1,train
CT0501_A1_001,CT0501,Avelumab,1,train
CT0502_A1_002,CT0502,Magrolimab,1,train
CT0502_A2_002,CT0502,Magrolimab,0,train
CT0502_A3_002,CT0502,Magrolimab,0,train
CT0502_A4_002,CT0502,Magrolimab,0,train
CT0502_A5_002,CT0502,Magrolimab,0,train
CT0502_A6_002,CT0502,Magrolimab,0,train
CT0502_A7_002,CT0502,Magrolimab,1,train
CT0502_A8_002,CT0502,Magrolimab,0,train
CT0502_A1_003,CT0502,Magrolimab,1,train
CT0502_A2_003,CT0502,Magrolimab,0,train
CT0502_A3_003,CT0502,Magrolimab,0,train
CT0502_A4_003,CT0502,Magrolimab,1,train
CT0502_A5_003,CT0502,Magrolimab,0,train
CT0502_A6_003,CT0502,Magrolimab,1,train
CT0502_A7_003,CT0502,Magrolimab,1,train
CT0502_A8_003,CT0502,Magrolimab,0,train
CT0503_A1_001,CT0503,Galcanezumab,0,validation
CT0503_A2_001,CT0503,Galcanezumab,1,validation
CT0504_A1_001,CT0504,Galcanezumab,1,train
CT0504_A2_001,CT0504,Galcanezumab,0,train
CT0504_A3_001,CT0504,Galcanezumab,1,train
CT0504_A4_001,CT0504,Galcanezumab,1,train
CT0504_A5_001,CT0504,Galcanezumab,1,train
CT0504_A6_001,CT0504,Galcanezumab,1,train
CT0505_A1_002,CT0505,Nivolumab,1,train
CT0505_A2_002,CT0505,Nivolumab,1,train
CT0506_A1_001,CT0506,Benralizumab,0,validation
CT0506_A1_002,CT0506,Benralizumab,0,validation
CT0506_A2_001,CT0506,Benralizumab,0,validation
CT0506_A2_002,CT0506,Benralizumab,0,validation
CT0507_A1_001,CT0507,Ocrelizumab,0,train
CT0507_A4_001,CT0507,Rituximab,0,train
CT0508_A1_003,CT0508,Eptinezumab,0,train
CT0508_A1_004,CT0508,Eptinezumab,0,train
CT0508_A1_005,CT0508,Eptinezumab,0,train
CT0508_A1_006,CT0508,Eptinezumab,1,train
CT0508_A1_007,CT0508,Eptinezumab,0,train
CT0508_A1_008,CT0508,Eptinezumab,0,train
CT0508_A1_009,CT0508,Eptinezumab,0,train
CT0508_A1_010,CT0508,Eptinezumab,0,train
CT0509_A1_002,CT0509,Isatuximab,0,train
CT0510_A1_001,CT0510,Infliximab,1,train
CT0510_A2_001,CT0510,Infliximab,1,train
CT0511_A1_001,CT0511,Bezlotoxumab,0,test
CT0512_A1_001,CT0512,Pembrolizumab,0,train
CT0513_A1_001,CT0513,Atezolizumab,0,validation
CT0513_A2_001,CT0513,Atezolizumab,1,validation
CT0513_A3_001,CT0513,Atezolizumab,1,validation
CT0513_A1_002,CT0513,Daratumumab,0,validation
CT0513_A4_001,CT0513,Daratumumab,0,validation
CT0514_A1_001,CT0514,Secukinumab,0,test
CT0514_A2_001,CT0514,Secukinumab,0,test
CT0515_A1_002,CT0515,Atezolizumab,1,train
CT0516_A1_001,CT0516,Faricimab,0,train
CT0516_A2_001,CT0516,Faricimab,1,train
CT0517_A1_002,CT0517,Durvalumab,0,train
CT0517_A2_002,CT0517,Durvalumab,0,train
CT0517_A1_003,CT0517,Tremelimumab,0,train
CT0517_A1_004,CT0517,Tremelimumab,0,train
CT0517_A3_002,CT0517,Durvalumab,0,train
CT0517_A4_002,CT0517,Durvalumab,0,train
CT0517_A5_002,CT0517,Tremelimumab,0,train
CT0518_A2_006,CT0518,Adalimumab,1,train
CT0457_A1_004,CT0457,Adalimumab,1,train
CT0457_A3_003,CT0457,Adalimumab,1,train
CT0457_A4_003,CT0457,Adalimumab,1,train
CT0751_A1_001,CT0751,Adalimumab,0,train
CT0751_A1_002,CT0751,Adalimumab,1,train
CT0440_A2_001,CT0440,Adalimumab,1,train
CT0440_A4_001,CT0440,Adalimumab,1,train
CT0440_A5_001,CT0440,Adalimumab,1,train
CT0268_A1_001,CT0268,Adalimumab,1,train
CT0328_A2_001,CT0328,Vedolizumab,0,train
CT0328_A3_001,CT0328,Vedolizumab,0,train
CT0519_A1_002,CT0519,Reslizumab,0,train
CT0519_A2_002,CT0519,Reslizumab,0,train
CT0520_A1_001,CT0520,Ixekizumab,1,train
CT0521_A1_002,CT0521,Bevacizumab,0,train
CT0521_A1_003,CT0521,Bevacizumab,0,train
CT0521_A1_004,CT0521,Bevacizumab,0,train
CT0521_A1_005,CT0521,Bevacizumab,0,train
CT0521_A2_002,CT0521,Bevacizumab,0,train
CT0521_A2_003,CT0521,Bevacizumab,0,train
CT0521_A2_004,CT0521,Bevacizumab,0,train
CT0521_A2_005,CT0521,Bevacizumab,0,train
CT0522_A1_001,CT0522,Olaratumab,0,train
CT0523_A1_001,CT0523,Erenumab,0,validation
CT0329_A3_001,CT0329,Vedolizumab,0,train
CT0329_A4_001,CT0329,Vedolizumab,0,train
CT0524_A1_003,CT0524,Nivolumab,0,train
CT0524_A2_003,CT0524,Nivolumab,0,train
CT0524_A3_003,CT0524,Nivolumab,0,train
CT0524_A1_004,CT0524,Daratumumab,0,train
CT0524_A2_004,CT0524,Daratumumab,0,train
CT0524_A3_004,CT0524,Daratumumab,0,train
CT0525_A1_001,CT0525,Golimumab,0,test
CT0525_A1_002,CT0525,Golimumab,0,test
CT0526_A1_002,CT0526,Atezolizumab,1,train
CT0527_A1_001,CT0527,Ixekizumab,1,train
CT0527_A2_001,CT0527,Ixekizumab,0,train
CT0527_A3_001,CT0527,Ixekizumab,0,train
CT0528_A1_002,CT0528,Tralokinumab,0,train
CT0529_A1_002,CT0529,Cemiplimab,0,train
CT0529_A2_002,CT0529,Cemiplimab,0,train
CT0530_A1_001,CT0530,Alirocumab,0,train
CT0530_A2_001,CT0530,Alirocumab,0,train
CT0531_A1_002,CT0531,Tralokinumab,0,train
CT0532_A1_001,CT0532,Durvalumab,0,train
CT0532_A2_001,CT0532,Durvalumab,0,train
CT0532_A3_001,CT0532,Durvalumab,0,train
CT0533_A1_002,CT0533,Durvalumab,1,train
CT0533_A2_002,CT0533,Durvalumab,0,train
CT0533_A1_003,CT0533,Tremelimumab,1,train
CT0268_A2_001,CT0268,Adalimumab,1,train
CT0475_A1_008,CT0475,Adalimumab,1,train
CT0535_A1_001,CT0535,Atezolizumab,1,train
CT0535_A2_001,CT0535,Atezolizumab,1,train
CT0535_A3_001,CT0535,Atezolizumab,1,train
CT0536_A1_002,CT0536,Atezolizumab,1,train
CT0475_A3_003,CT0475,Adalimumab,0,train
CT0719_A1_001,CT0719,Adalimumab,1,validation
CT0538_A1_006,CT0538,Bimekizumab,1,train
CT0538_A1_003,CT0538,Bimekizumab,0,train
CT0538_A1_004,CT0538,Bimekizumab,0,train
CT0538_A1_005,CT0538,Bimekizumab,0,train
CT0539_A1_001,CT0539,Atezolizumab,0,test
CT0539_A2_001,CT0539,Atezolizumab,1,test
CT0539_A3_001,CT0539,Atezolizumab,1,test
CT0539_A4_001,CT0539,Atezolizumab,1,test
CT0539_A5_001,CT0539,Atezolizumab,0,test
CT0539_A6_001,CT0539,Atezolizumab,1,test
CT0540_A1_001,CT0540,Atezolizumab,1,train
CT0541_A1_001,CT0541,Olaratumab,0,train
CT0541_A2_001,CT0541,Olaratumab,1,train
CT0542_A1_001,CT0542,Bevacizumab,0,train
CT0542_A2_001,CT0542,Bevacizumab,0,train
CT0543_A1_001,CT0543,Avelumab,1,validation
CT0544_A1_001,CT0544,Bevacizumab,0,test
CT0544_A2_001,CT0544,Bevacizumab,0,test
CT0544_A3_001,CT0544,Bevacizumab,0,test
CT0545_A1_001,CT0545,Bevacizumab,1,validation
CT0545_A2_001,CT0545,Bevacizumab,1,validation
CT0546_A1_001,CT0546,Durvalumab,0,train
CT0546_A2_001,CT0546,Durvalumab,0,train
CT0546_A3_001,CT0546,Durvalumab,0,train
CT0546_A2_002,CT0546,Tremelimumab,1,train
CT0546_A3_002,CT0546,Tremelimumab,1,train
CT0547_A1_001,CT0547,Emapalumab,0,train
CT0548_A1_001,CT0548,Atezolizumab,1,train
CT0548_A2_001,CT0548,Atezolizumab,1,train
CT0549_A1_001,CT0549,Vedolizumab,1,test
CT0550_A1_002,CT0550,Avelumab,0,train
CT0550_A2_002,CT0550,Avelumab,0,train
CT0551_A1_001,CT0551,Secukinumab,0,train
CT0552_A1_001,CT0552,Dupilumab,0,train
CT0552_A2_001,CT0552,Dupilumab,0,train
CT0552_A3_001,CT0552,Dupilumab,1,train
CT0552_A4_001,CT0552,Dupilumab,0,train
CT0552_A6_001,CT0552,Dupilumab,0,train
CT0553_A1_001,CT0553,Fremanezumab,0,validation
CT0554_A1_001,CT0554,Tralokinumab,0,test
CT0554_A3_001,CT0554,Tralokinumab,0,test
CT0554_A4_001,CT0554,Tralokinumab,0,test
CT0554_A5_001,CT0554,Tralokinumab,0,test
CT0554_A6_001,CT0554,Tralokinumab,0,test
CT0555_A1_001,CT0555,Ixekizumab,1,train
CT0555_A2_001,CT0555,Ixekizumab,1,train
CT0556_A1_001,CT0556,Isatuximab,0,train
CT0556_A1_002,CT0556,Cemiplimab,0,train
CT0557_A1_002,CT0557,Omalizumab,0,train
CT0557_A1_004,CT0557,Omalizumab,0,train
CT0558_A1_001,CT0558,Nivolumab,1,train
CT0559_A1_001,CT0559,Daratumumab,0,train
CT0559_A2_001,CT0559,Daratumumab,0,train
CT0559_A3_001,CT0559,Daratumumab,0,train
CT0559_A4_001,CT0559,Daratumumab,0,train
CT0559_A5_001,CT0559,Hyaluronidase human,0,train
CT0559_A6_001,CT0559,Hyaluronidase human,0,train
CT0559_A7_001,CT0559,Hyaluronidase human,0,train
CT0559_A8_001,CT0559,Hyaluronidase human,0,train
CT0560_A1_001,CT0560,Alirocumab,0,train
CT0560_A2_001,CT0560,Alirocumab,0,train
CT0561_A1_001,CT0561,Romosozumab,1,train
CT0561_A2_001,CT0561,Romosozumab,1,train
CT0562_A1_002,CT0562,Atezolizumab,1,train
CT0562_A1_004,CT0562,Atezolizumab,1,train
CT0301_A1_002,CT0301,Adalimumab,1,train
CT0563_A2_001,CT0563,Ustekinumab,0,train
CT0564_A1_001,CT0564,Blinatumomab,0,train
CT0565_A2_001,CT0565,Alirocumab,0,train
CT0565_A4_001,CT0565,Alirocumab,0,train
CT0566_A1_001,CT0566,Tralokinumab,0,train
CT0566_A2_001,CT0566,Tralokinumab,0,train
CT0567_A1_002,CT0567,Ofatumumab,0,test
CT0567_A1_003,CT0567,Ofatumumab,0,test
CT0567_A1_004,CT0567,Ofatumumab,0,test
CT0567_A1_005,CT0567,Ofatumumab,0,test
CT0567_A2_002,CT0567,Ofatumumab,0,test
CT0567_A2_003,CT0567,Ofatumumab,0,test
CT0567_A2_004,CT0567,Ofatumumab,0,test
CT0567_A2_005,CT0567,Ofatumumab,0,test
CT0567_A3_002,CT0567,Ofatumumab,0,test
CT0567_A3_003,CT0567,Ofatumumab,0,test
CT0567_A3_004,CT0567,Ofatumumab,0,test
CT0567_A3_005,CT0567,Ofatumumab,0,test
CT0567_A4_002,CT0567,Ofatumumab,0,test
CT0567_A4_003,CT0567,Ofatumumab,0,test
CT0567_A4_004,CT0567,Ofatumumab,0,test
CT0567_A4_005,CT0567,Ofatumumab,0,test
CT0568_A1_001,CT0568,Tralokinumab,0,train
CT0569_A1_001,CT0569,Recombinant factor IX (rFIX),0,train
CT0570_A3_001,CT0570,Sarilumab,0,test
CT0570_A4_001,CT0570,Sarilumab,0,test
CT0571_A2_001,CT0571,Sarilumab,0,train
CT0572_A1_001,CT0572,Canakinumab,0,train
CT0573_A2_001,CT0573,Dupilumab,0,train
CT0573_A4_001,CT0573,Dupilumab,0,train
CT0573_A5_001,CT0573,Dupilumab,0,train
CT0573_A1_002,CT0573,Dupilumab,1,train
CT0573_A2_002,CT0573,Dupilumab,0,train
CT0573_A3_002,CT0573,Dupilumab,0,train
CT0573_A6_001,CT0573,Dupilumab,0,train
CT0573_A4_002,CT0573,Dupilumab,0,train
CT0573_A5_002,CT0573,Dupilumab,0,train
CT0574_A1_001,CT0574,Avelumab,1,train
CT0574_A2_001,CT0574,Avelumab,0,train
CT0575_A1_001,CT0575,Isatuximab,0,test
CT0575_A2_001,CT0575,Isatuximab,0,test
CT0575_A3_001,CT0575,Isatuximab,0,test
CT0575_A4_001,CT0575,Isatuximab,0,test
CT0575_A1_003,CT0575,Atezolizumab,0,test
CT0575_A2_003,CT0575,Atezolizumab,0,test
CT0575_A3_003,CT0575,Atezolizumab,0,test
CT0575_A4_003,CT0575,Atezolizumab,0,test
CT0576_A1_001,CT0576,Avelumab,1,test
CT0577_A1_001,CT0577,Tremelimumab,0,train
CT0577_A2_001,CT0577,Tremelimumab,0,train
CT0577_A3_001,CT0577,Tremelimumab,0,train
CT0577_A4_001,CT0577,Tremelimumab,0,train
CT0577_A5_001,CT0577,Tremelimumab,0,train
CT0577_A1_002,CT0577,Tremelimumab,0,train
CT0577_A3_002,CT0577,Tremelimumab,0,train
CT0577_A4_002,CT0577,Tremelimumab,1,train
CT0577_A5_002,CT0577,Tremelimumab,1,train
CT0577_A1_003,CT0577,Tremelimumab,0,train
CT0577_A3_003,CT0577,Tremelimumab,0,train
CT0577_A4_003,CT0577,Tremelimumab,0,train
CT0577_A5_003,CT0577,Tremelimumab,0,train
CT0577_A1_004,CT0577,Tremelimumab,0,train
CT0577_A3_004,CT0577,Tremelimumab,0,train
CT0577_A4_004,CT0577,Tremelimumab,0,train
CT0577_A5_004,CT0577,Tremelimumab,0,train
CT0577_A1_005,CT0577,Tremelimumab,0,train
CT0577_A3_005,CT0577,Tremelimumab,0,train
CT0577_A4_005,CT0577,Tremelimumab,0,train
CT0577_A5_005,CT0577,Tremelimumab,0,train
CT0578_A1_001,CT0578,Avelumab,1,train
CT0578_A1_002,CT0578,Cetuximab,0,train
CT0579_A1_002,CT0579,Atezolizumab,0,validation
CT0579_A1_004,CT0579,Trastuzumab,0,validation
CT0579_A1_006,CT0579,Pertuzumab,0,validation
CT0580_A1_001,CT0580,Gemtuzumab ozogamicin,1,train
CT0581_A1_001,CT0581,Itepekimab,0,validation
CT0581_A2_001,CT0581,Dupilumab,0,validation
CT0582_A1_001,CT0582,Tralokinumab,0,train
CT0583_A1_001,CT0583,Durvalumab,0,test
CT0583_A2_001,CT0583,Durvalumab,0,test
CT0584_A1_002,CT0584,Nivolumab,0,train
CT0585_A1_001,CT0585,Infliximab,0,train
CT0585_A2_001,CT0585,Infliximab,0,train
CT0585_A3_001,CT0585,Infliximab,0,train
CT0585_A4_001,CT0585,Infliximab,0,train
CT0585_A5_001,CT0585,Infliximab,0,train
CT0585_A6_001,CT0585,Infliximab,0,train
CT0586_A1_001,CT0586,Eculizumab,0,train
CT0586_A2_001,CT0586,Eculizumab,0,train
CT0586_A3_002,CT0586,Eculizumab,0,train
CT0586_A4_002,CT0586,Eculizumab,0,train
CT0587_A1_002,CT0587,Bevacizumab,0,validation
CT0587_A1_003,CT0587,Bevacizumab,0,validation
CT0587_A1_004,CT0587,Bevacizumab,0,validation
CT0587_A1_005,CT0587,Bevacizumab,0,validation
CT0587_A2_002,CT0587,Bevacizumab,0,validation
CT0587_A2_003,CT0587,Bevacizumab,0,validation
CT0587_A2_004,CT0587,Bevacizumab,0,validation
CT0587_A2_005,CT0587,Bevacizumab,0,validation
CT0587_A3_002,CT0587,Bevacizumab,0,validation
CT0587_A3_003,CT0587,Bevacizumab,0,validation
CT0587_A3_004,CT0587,Bevacizumab,0,validation
CT0587_A3_005,CT0587,Bevacizumab,0,validation
CT0588_A1_002,CT0588,Lanadelumab,0,train
CT0588_A2_002,CT0588,Lanadelumab,0,train
CT0588_A1_003,CT0588,Lanadelumab,0,train
CT0588_A2_003,CT0588,Lanadelumab,0,train
CT0588_A1_004,CT0588,Lanadelumab,0,train
CT0588_A2_004,CT0588,Lanadelumab,0,train
CT0588_A1_005,CT0588,Lanadelumab,0,train
CT0588_A2_005,CT0588,Lanadelumab,0,train
CT0589_A1_001,CT0589,Bevacizumab,0,train
CT0589_A2_001,CT0589,Bevacizumab,0,train
CT0589_A3_001,CT0589,Bevacizumab,0,train
CT0589_A1_002,CT0589,Bevacizumab,0,train
CT0589_A2_002,CT0589,Bevacizumab,0,train
CT0589_A3_002,CT0589,Bevacizumab,0,train
CT0590_A1_001,CT0590,Ixekizumab,0,test
CT0590_A2_001,CT0590,Ixekizumab,0,test
CT0591_A2_001,CT0591,Galcanezumab,0,train
CT0592_A1_001,CT0592,Denosumab,1,train
CT0592_A2_001,CT0592,Denosumab,1,train
CT0592_A3_001,CT0592,Denosumab,1,train
CT0592_A4_001,CT0592,Denosumab,1,train
CT0592_A5_001,CT0592,Denosumab,1,train
CT0593_A1_001,CT0593,Nonacog alfa,1,validation
CT0594_A1_002,CT0594,Pegaspargase,0,validation
CT0594_A2_002,CT0594,Pegaspargase,0,validation
CT0594_A1_004,CT0594,Pegaspargase,0,validation
CT0594_A2_004,CT0594,Pegaspargase,0,validation
CT0595_A1_001,CT0595,Durvalumab,1,train
CT0595_A2_001,CT0595,Oleclumab,0,train
CT0596_A1_002,CT0596,Trastuzumab,0,train
CT0596_A2_002,CT0596,Trastuzumab,0,train
CT0596_A3_002,CT0596,Trastuzumab,0,train
CT0596_A1_003,CT0596,Trastuzumab,0,train
CT0596_A2_003,CT0596,Trastuzumab,0,train
CT0596_A3_003,CT0596,Trastuzumab,0,train
CT0597_A1_001,CT0597,Lanadelumab,0,train
CT0597_A1_002,CT0597,Lanadelumab,0,train
CT0597_A1_003,CT0597,Lanadelumab,0,train
CT0597_A1_004,CT0597,Lanadelumab,0,train
CT0597_A1_005,CT0597,Lanadelumab,0,train
CT0597_A1_006,CT0597,Lanadelumab,0,train
CT0597_A1_007,CT0597,Lanadelumab,0,train
CT0597_A1_008,CT0597,Lanadelumab,0,train
CT0597_A1_009,CT0597,Lanadelumab,0,train
CT0598_A1_001,CT0598,Dupilumab,0,validation
CT0599_A1_002,CT0599,Ravulizumab,0,validation
CT0599_A1_003,CT0599,Ravulizumab,0,validation
CT0599_A1_004,CT0599,Ravulizumab,0,validation
CT0599_A1_005,CT0599,Ravulizumab,0,validation
CT0600_A2_001,CT0600,Dupilumab,0,test
CT0414_A1_002,CT0414,Adalimumab,1,test
CT0414_A4_001,CT0414,Adalimumab,1,test
CT0414_A6_001,CT0414,Adalimumab,1,test
CT0440_A2_002,CT0440,Adalimumab,1,train
CT0440_A4_002,CT0440,Adalimumab,1,train
CT0440_A5_002,CT0440,Adalimumab,1,train
CT0457_A1_005,CT0457,Adalimumab,1,train
CT0457_A3_004,CT0457,Adalimumab,1,train
CT0457_A4_004,CT0457,Adalimumab,1,train
CT0518_A1_007,CT0518,Adalimumab,1,train
CT0518_A2_007,CT0518,Adalimumab,1,train
CT0563_A1_001,CT0563,Adalimumab,1,train
CT0723_A1_001,CT0723,Adalimumab,0,train
CT0688_A7_001,CT0688,Adalimumab,1,train
CT0694_A1_001,CT0694,Adalimumab,1,test
CT0688_A6_001,CT0688,Adalimumab,1,train
CT0602_A1_001,CT0602,Polatuzumab vedotin,0,train
CT0603_A1_001,CT0603,Bevacizumab,0,test
CT0603_A2_001,CT0603,Bevacizumab,0,test
CT0604_A1_001,CT0604,Bevacizumab,1,train
CT0604_A2_001,CT0604,Bevacizumab,1,train
CT0604_A3_001,CT0604,Bevacizumab,1,train
CT0605_A1_001,CT0605,Ravulizumab,0,train
CT0606_A1_001,CT0606,Ixekizumab,1,validation
CT0607_A1_001,CT0607,Cetuximab,0,train
CT0608_A1_001,CT0608,Palivizumab,0,train
CT0609_A1_001,CT0609,Tralokinumab,0,test
CT0610_A1_001,CT0610,Bermekimab,1,train
CT0610_A2_001,CT0610,Bermekimab,0,train
CT0660_A1_001,CT0660,Dupilumab,0,train
CT0661_A1_001,CT0661,Trastuzumab emtansine,0,train
CT0661_A2_001,CT0661,Trastuzumab emtansine,0,train
CT0611_A1_001,CT0611,Pegvaliase,1,validation
CT0611_A1_002,CT0611,Pegvaliase,1,validation
CT0611_A1_003,CT0611,Pegvaliase,1,validation
CT0611_A1_004,CT0611,Pegvaliase,1,validation
CT0611_A1_005,CT0611,Pegvaliase,1,validation
CT0611_A1_006,CT0611,Pegvaliase,1,validation
CT0611_A1_007,CT0611,Pegvaliase,1,validation
CT0611_A1_008,CT0611,Pegvaliase,1,validation
CT0611_A1_009,CT0611,Pegvaliase,1,validation
CT0611_A1_010,CT0611,Pegvaliase,1,validation
CT0611_A1_011,CT0611,Pegvaliase,1,validation
CT0611_A1_012,CT0611,Pegvaliase,1,validation
CT0611_A1_013,CT0611,Pegvaliase,1,validation
CT0611_A1_014,CT0611,Pegvaliase,1,validation
CT0611_A1_015,CT0611,Pegvaliase,1,validation
CT0611_A1_016,CT0611,Pegvaliase,1,validation
CT0611_A1_017,CT0611,Pegvaliase,1,validation
CT0611_A1_018,CT0611,Pegvaliase,1,validation
CT0611_A1_019,CT0611,Pegvaliase,1,validation
CT0611_A1_020,CT0611,Pegvaliase,1,validation
CT0611_A1_021,CT0611,Pegvaliase,1,validation
CT0611_A1_022,CT0611,Pegvaliase,1,validation
CT0611_A1_023,CT0611,Pegvaliase,1,validation
CT0611_A1_024,CT0611,Pegvaliase,1,validation
CT0611_A1_025,CT0611,Pegvaliase,1,validation
CT0611_A1_026,CT0611,Pegvaliase,1,validation
CT0611_A1_027,CT0611,Pegvaliase,0,validation
CT0611_A1_028,CT0611,Pegvaliase,1,validation
CT0611_A1_029,CT0611,Pegvaliase,1,validation
CT0611_A1_030,CT0611,Pegvaliase,1,validation
CT0611_A1_031,CT0611,Pegvaliase,1,validation
CT0611_A1_032,CT0611,Pegvaliase,1,validation
CT0611_A1_033,CT0611,Pegvaliase,1,validation
CT0611_A1_034,CT0611,Pegvaliase,1,validation
CT0611_A1_035,CT0611,Pegvaliase,1,validation
CT0611_A1_036,CT0611,Pegvaliase,1,validation
CT0612_A1_001,CT0612,Pegvaliase,1,train
CT0612_A1_002,CT0612,Pegvaliase,1,train
CT0612_A1_003,CT0612,Pegvaliase,0,train
CT0612_A1_004,CT0612,Pegvaliase,1,train
CT0612_A1_005,CT0612,Pegvaliase,1,train
CT0612_A1_007,CT0612,Pegvaliase,1,train
CT0612_A1_008,CT0612,Pegvaliase,1,train
CT0612_A1_010,CT0612,Pegvaliase,1,train
CT0281_A1_001,CT0281,Moxetumomab pasudotox,1,train
CT0662_A1_001,CT0662,Pegvaliase,1,train
CT0662_A1_002,CT0662,Pegvaliase,1,train
CT0662_A1_003,CT0662,Pegvaliase,1,train
CT0662_A1_004,CT0662,Pegvaliase,1,train
CT0662_A1_005,CT0662,Pegvaliase,1,train
CT0663_A1_001,CT0663,Moxetumomab pasudotox,1,train
CT0710_A1_002,CT0710,Moxetumomab pasudotox,1,test
CT0710_A1_003,CT0710,Moxetumomab pasudotox,1,test
CT0710_A1_004,CT0710,Moxetumomab pasudotox,1,test
CT0710_A1_005,CT0710,Moxetumomab pasudotox,1,test
CT0664_A1_001,CT0664,Alglucosidase alfa,1,train
CT0711_A1_001,CT0711,Alglucosidase alfa,1,train
CT0613_A1_001,CT0613,Alglucosidase alfa,1,test
CT0614_A1_001,CT0614,Idursulfase,1,validation
CT0614_A1_002,CT0614,Idursulfase,1,validation
CT0615_A1_001,CT0615,Agalsidase alfa,1,train
CT0615_A2_001,CT0615,Agalsidase alfa,0,train
CT0670_A1_002,CT0670,Denileukin difitox,1,test
CT0670_A1_003,CT0670,Denileukin difitox,1,test
CT0670_A1_004,CT0670,Denileukin difitox,1,test
CT0712_A1_002,CT0712,Denileukin difitox,1,train
CT0712_A1_003,CT0712,Denileukin difitox,1,train
CT0304_A4_001,CT0304,Bococizumab,1,train
CT0351_A2_001,CT0351,Bococizumab,1,train
CT0412_A3_001,CT0412,Bococizumab,1,validation
CT0412_A4_001,CT0412,Bococizumab,1,validation
CT0618_A1_001,CT0618,Evolocumab,0,train
CT0620_A1_001,CT0620,Evolocumab,0,train
CT0621_A1_001,CT0621,Evolocumab,0,train
CT0621_A2_001,CT0621,Evolocumab,0,train
CT0621_A3_001,CT0621,Evolocumab,0,train
CT0621_A4_001,CT0621,Evolocumab,0,train
CT0622_A1_001,CT0622,Evolocumab,0,validation
CT0623_A1_001,CT0623,Evolocumab,0,test
CT0623_A2_001,CT0623,Evolocumab,0,test
CT0624_A1_001,CT0624,Evolocumab,0,train
CT0624_A2_001,CT0624,Evolocumab,0,train
CT0625_A1_001,CT0625,Evolocumab,0,validation
CT0625_A2_001,CT0625,Evolocumab,0,validation
CT0626_A1_001,CT0626,Evolocumab,0,train
CT0627_A1_001,CT0627,Evolocumab,0,train
CT0628_A1_001,CT0628,Evolocumab,0,train
CT0630_A1_001,CT0630,Nivolumab,1,train
CT0631_A1_001,CT0631,Nivolumab,1,train
CT0632_A1_001,CT0632,Nivolumab,1,train
CT0633_A1_001,CT0633,Nivolumab,1,train
CT0634_A1_001,CT0634,Nivolumab,0,train
CT0635_A1_001,CT0635,Nivolumab,1,train
CT0636_A1_001,CT0636,Pembrolizumab,0,test
CT0639_A1_001,CT0639,Cemiplimab,0,train
CT0640_A1_001,CT0640,Avelumab,0,train
CT0640_A2_001,CT0640,Avelumab,1,train
CT0640_A3_001,CT0640,Avelumab,0,train
CT0640_A4_001,CT0640,Avelumab,0,train
CT0640_A5_001,CT0640,Avelumab,0,train
CT0297_A4_001,CT0297,Avelumab,1,train
CT0354_A3_001,CT0354,Avelumab,0,validation
CT0354_A3_002,CT0354,Avelumab,0,validation
CT0354_A3_003,CT0354,Avelumab,0,validation
CT0641_A1_001,CT0641,Durvalumab,0,train
CT0683_A1_001,CT0683,Dupilumab,0,test
CT0683_A2_001,CT0683,Dupilumab,0,test
CT0683_A3_001,CT0683,Dupilumab,1,test
CT0643_A1_001,CT0643,Dupilumab,1,train
CT0643_A2_001,CT0643,Dupilumab,0,train
CT0643_A3_001,CT0643,Dupilumab,0,train
CT0643_A4_001,CT0643,Dupilumab,0,train
CT0610_A3_001,CT0610,Bermekimab,0,train
CT0610_A4_001,CT0610,Bermekimab,0,train
CT0610_A5_001,CT0610,Bermekimab,1,train
CT0644_A1_001,CT0644,Ravulizumab,0,train
CT0644_A2_001,CT0644,Ravulizumab,0,train
CT0645_A1_001,CT0645,Ravulizumab,0,train
CT0645_A2_001,CT0645,Ravulizumab,0,train
CT0646_A1_001,CT0646,Ravulizumab,1,train
CT0646_A2_001,CT0646,Ravulizumab,0,train
CT0647_A3_001,CT0647,Trastuzumab emtansine,0,train
CT0647_A4_001,CT0647,Trastuzumab emtansine,0,train
CT0648_A1_002,CT0648,Pertuzumab,0,train
CT0648_A1_004,CT0648,Pertuzumab,0,train
CT0648_A2_002,CT0648,Trastuzumab emtansine,0,train
CT0648_A2_004,CT0648,Trastuzumab emtansine,1,train
CT0649_A1_001,CT0649,Trastuzumab emtansine,0,train
CT0650_A1_001,CT0650,Trastuzumab emtansine,0,test
CT0651_A1_001,CT0651,Atezolizumab,1,validation
CT0651_A1_002,CT0651,Trastuzumab emtansine,0,validation
CT0651_A2_001,CT0651,Trastuzumab emtansine,0,validation
CT0652_A1_001,CT0652,Brentuximab vedotin,1,test
CT0652_A2_001,CT0652,Brentuximab vedotin,1,test
CT0587_A3_001,CT0587,Bevacizumab,0,validation
CT0654_A1_001,CT0654,Brentuximab vedotin,1,train
CT0655_A1_001,CT0655,Brentuximab vedotin,1,validation
CT0655_A2_001,CT0655,Brentuximab vedotin,0,validation
CT0655_A1_002,CT0655,Brentuximab vedotin,1,validation
CT0655_A2_002,CT0655,Brentuximab vedotin,1,validation
CT0656_A1_002,CT0656,Brentuximab vedotin,0,train
CT0684_A1_001,CT0684,Infliximab,0,test
CT0713_A1_001,CT0713,Infliximab,1,train
CT0714_A1_001,CT0714,Infliximab,1,validation
CT0716_A1_001,CT0716,Infliximab,1,train
CT0716_A2_001,CT0716,Infliximab,1,train
CT0717_A1_001,CT0717,Infliximab,1,train
CT0718_A1_001,CT0718,Infliximab,1,train
CT0719_A2_001,CT0719,Infliximab,1,validation
CT0721_A1_001,CT0721,Infliximab,1,train
CT0721_A2_001,CT0721,Infliximab,1,train
CT0721_A3_001,CT0721,Infliximab,1,train
CT0721_A4_001,CT0721,Infliximab,1,train
CT0736_A1_001,CT0736,Infliximab,1,train
CT0736_A2_001,CT0736,Infliximab,0,train
CT0736_A3_001,CT0736,Infliximab,0,train
CT0748_A1_001,CT0748,Infliximab,1,train
CT0748_A2_001,CT0748,Infliximab,1,train
CT0748_A3_001,CT0748,Infliximab,1,train
CT0737_A1_001,CT0737,Infliximab,1,train
CT0742_A1_001,CT0742,Infliximab,1,train
CT0753_A1_001,CT0753,Infliximab,0,train
CT0753_A2_001,CT0753,Infliximab,1,train
CT0753_A3_001,CT0753,Infliximab,1,train
CT0753_A4_001,CT0753,Infliximab,1,train
CT0754_A1_001,CT0754,Infliximab,0,test
CT0754_A2_001,CT0754,Infliximab,1,test
CT0736_A1_002,CT0736,Infliximab,1,train
CT0736_A2_002,CT0736,Infliximab,1,train
CT0736_A3_002,CT0736,Infliximab,0,train
CT0737_A1_002,CT0737,Infliximab,1,train
CT0742_A1_002,CT0742,Infliximab,1,train
CT0743_A1_001,CT0743,Infliximab,1,train
CT0688_A1_001,CT0688,Infliximab,1,train
CT0688_A2_001,CT0688,Infliximab,1,train
CT0752_A1_002,CT0752,Adalimumab,0,train
CT0750_A1_001,CT0750,Adalimumab,0,train
CT0107_A1_001,CT0107,Adalimumab,1,train
CT0343_A1_002,CT0343,Adalimumab,1,test
CT0343_A2_002,CT0343,Adalimumab,1,test
CT0369_A1_002,CT0369,Adalimumab,1,validation
CT0369_A2_002,CT0369,Adalimumab,1,validation
CT0214_A1_001,CT0214,Adalimumab,0,train
CT0414_A2_001,CT0414,Adalimumab,1,test
CT0414_A5_001,CT0414,Adalimumab,1,test
CT0414_A7_001,CT0414,Adalimumab,1,test
CT0394_A2_001,CT0394,Adalimumab,1,test
CT0394_A4_001,CT0394,Adalimumab,1,test
CT0394_A6_001,CT0394,Adalimumab,1,test
CT0394_A8_001,CT0394,Adalimumab,1,test
CT0380_A1_001,CT0380,Adalimumab,0,validation
CT0003_A1_001,CT0003,Adalimumab,0,validation
CT0725B_A1_001,CT0725B,Etanercept,0,validation
CT0726_A1_001,CT0726,Etanercept,0,train
CT0727_A1_001,CT0727,Etanercept,0,train
CT0728_A1_001,CT0728,Etanercept,1,train
CT0729_A1_001,CT0729,Etanercept,1,test
CT0688_A3_001,CT0688,Etanercept,0,train
CT0688_A4_001,CT0688,Rituximab,1,train
CT0730_A1_001,CT0730,Ustekinumab,0,validation
CT0731_A1_001,CT0731,Ustekinumab,0,train
CT0732_A1_001,CT0732,Ustekinumab,0,validation
CT0733_A1_001,CT0733,Ustekinumab,0,train
CT0734_A1_001,CT0734,Ustekinumab,0,test
CT0735_A1_001,CT0735,Ustekinumab,0,train
CT0688_A5_001,CT0688,Tocilizumab,0,train
